item_id,y_clean,y_obs,contaminated,model,pi,dose,mix
college_biology/0,0.20640811324119568,0.15801359713077545,False,Qwen/Qwen2.5-1.5B,0.1,1,0
college_biology/1,0.38013434410095215,0.4767385721206665,False,Qwen/Qwen2.5-1.5B,0.1,1,0
college_biology/2,0.9031085968017578,0.9257839322090149,False,Qwen/Qwen2.5-1.5B,0.1,1,0
college_biology/3,0.9146309494972229,0.8999777436256409,False,Qwen/Qwen2.5-1.5B,0.1,1,0
college_biology/4,0.5499411821365356,0.6301625370979309,False,Qwen/Qwen2.5-1.5B,0.1,1,0
college_biology/5,0.9968731999397278,0.9948941469192505,False,Qwen/Qwen2.5-1.5B,0.1,1,0
college_biology/6,0.9967592358589172,0.9880025386810303,False,Qwen/Qwen2.5-1.5B,0.1,1,0
college_biology/7,0.22258588671684265,0.19174431264400482,False,Qwen/Qwen2.5-1.5B,0.1,1,0
college_biology/8,0.9942660927772522,0.9732227921485901,False,Qwen/Qwen2.5-1.5B,0.1,1,0
college_biology/9,0.9801716804504395,0.9812646508216858,False,Qwen/Qwen2.5-1.5B,0.1,1,0
college_biology/10,0.4958440363407135,0.5344077944755554,False,Qwen/Qwen2.5-1.5B,0.1,1,0
college_biology/11,0.2788051962852478,0.19969765841960907,False,Qwen/Qwen2.5-1.5B,0.1,1,0
college_biology/12,0.31944477558135986,0.24607963860034943,False,Qwen/Qwen2.5-1.5B,0.1,1,0
college_biology/13,0.9053718447685242,0.8544896841049194,False,Qwen/Qwen2.5-1.5B,0.1,1,0
college_biology/14,0.429720401763916,0.4403356909751892,False,Qwen/Qwen2.5-1.5B,0.1,1,0
college_biology/15,0.22110025584697723,0.16522638499736786,False,Qwen/Qwen2.5-1.5B,0.1,1,0
college_biology/16,0.9738847613334656,0.9698706269264221,False,Qwen/Qwen2.5-1.5B,0.1,1,0
college_biology/17,0.5749072432518005,0.5438597202301025,False,Qwen/Qwen2.5-1.5B,0.1,1,0
college_biology/18,0.25454407930374146,0.2740112543106079,False,Qwen/Qwen2.5-1.5B,0.1,1,0
college_biology/19,0.44162872433662415,0.5924960374832153,False,Qwen/Qwen2.5-1.5B,0.1,1,0
college_biology/20,0.9979123473167419,0.9974568486213684,False,Qwen/Qwen2.5-1.5B,0.1,1,0
college_biology/21,0.9980908036231995,0.9847269058227539,False,Qwen/Qwen2.5-1.5B,0.1,1,0
college_biology/22,0.318970263004303,0.44437500834465027,False,Qwen/Qwen2.5-1.5B,0.1,1,0
college_biology/23,0.7416822910308838,0.886553168296814,False,Qwen/Qwen2.5-1.5B,0.1,1,0
college_biology/24,0.9962257146835327,0.9940736889839172,False,Qwen/Qwen2.5-1.5B,0.1,1,0
college_biology/25,0.9957587122917175,0.9874733686447144,False,Qwen/Qwen2.5-1.5B,0.1,1,0
college_biology/26,0.04274143651127815,0.020534919574856758,False,Qwen/Qwen2.5-1.5B,0.1,1,0
college_biology/27,0.9456104040145874,0.948128342628479,False,Qwen/Qwen2.5-1.5B,0.1,1,0
college_biology/28,0.7027029395103455,0.8423770666122437,False,Qwen/Qwen2.5-1.5B,0.1,1,0
college_biology/29,0.5579694509506226,0.4859744906425476,False,Qwen/Qwen2.5-1.5B,0.1,1,0
college_biology/30,0.9683905839920044,0.9625265002250671,False,Qwen/Qwen2.5-1.5B,0.1,1,0
college_biology/31,0.5422115325927734,0.38863450288772583,False,Qwen/Qwen2.5-1.5B,0.1,1,0
college_biology/32,0.34084540605545044,0.3638473451137543,False,Qwen/Qwen2.5-1.5B,0.1,1,0
college_biology/33,0.9537611603736877,0.7800339460372925,False,Qwen/Qwen2.5-1.5B,0.1,1,0
college_biology/34,0.2553641200065613,0.28494396805763245,False,Qwen/Qwen2.5-1.5B,0.1,1,0
college_biology/35,0.7048394083976746,0.6415439248085022,False,Qwen/Qwen2.5-1.5B,0.1,1,0
college_biology/36,0.8208478093147278,0.8062558174133301,False,Qwen/Qwen2.5-1.5B,0.1,1,0
college_biology/37,0.49684396386146545,0.623589277267456,False,Qwen/Qwen2.5-1.5B,0.1,1,0
college_biology/38,0.9775083065032959,0.966825008392334,True,Qwen/Qwen2.5-1.5B,0.1,1,0
college_biology/39,0.1124400794506073,0.12392838299274445,False,Qwen/Qwen2.5-1.5B,0.1,1,0
college_biology/40,0.3183232843875885,0.33653518557548523,False,Qwen/Qwen2.5-1.5B,0.1,1,0
college_biology/41,0.3641262948513031,0.415865957736969,False,Qwen/Qwen2.5-1.5B,0.1,1,0
college_biology/42,0.99600750207901,0.9756150245666504,False,Qwen/Qwen2.5-1.5B,0.1,1,0
college_biology/43,0.7051841616630554,0.66899174451828,False,Qwen/Qwen2.5-1.5B,0.1,1,0
college_biology/44,0.45819857716560364,0.3547787666320801,False,Qwen/Qwen2.5-1.5B,0.1,1,0
college_biology/45,0.05995221808552742,0.10396064072847366,False,Qwen/Qwen2.5-1.5B,0.1,1,0
college_biology/46,0.1437641829252243,0.10608461499214172,False,Qwen/Qwen2.5-1.5B,0.1,1,0
college_biology/47,0.918129026889801,0.9134228825569153,False,Qwen/Qwen2.5-1.5B,0.1,1,0
college_biology/48,0.6623031497001648,0.7096124291419983,False,Qwen/Qwen2.5-1.5B,0.1,1,0
college_biology/49,0.8455824851989746,0.8899011611938477,False,Qwen/Qwen2.5-1.5B,0.1,1,0
college_biology/50,0.7017077803611755,0.6253208518028259,False,Qwen/Qwen2.5-1.5B,0.1,1,0
college_biology/51,0.3277090787887573,0.181766077876091,False,Qwen/Qwen2.5-1.5B,0.1,1,0
college_biology/52,0.6770631670951843,0.6652634739875793,False,Qwen/Qwen2.5-1.5B,0.1,1,0
college_biology/53,0.05147393420338631,0.051848672330379486,False,Qwen/Qwen2.5-1.5B,0.1,1,0
college_biology/54,0.24767933785915375,0.20581495761871338,True,Qwen/Qwen2.5-1.5B,0.1,1,0
college_biology/55,0.2967051565647125,0.2579716444015503,False,Qwen/Qwen2.5-1.5B,0.1,1,0
college_biology/56,0.12467098236083984,0.10002237558364868,False,Qwen/Qwen2.5-1.5B,0.1,1,0
college_biology/57,0.8408691883087158,0.6480625867843628,False,Qwen/Qwen2.5-1.5B,0.1,1,0
college_biology/58,0.3924880921840668,0.27675512433052063,True,Qwen/Qwen2.5-1.5B,0.1,1,0
college_biology/59,0.9974024891853333,0.9951103329658508,False,Qwen/Qwen2.5-1.5B,0.1,1,0
college_biology/60,0.8720700144767761,0.7214037775993347,False,Qwen/Qwen2.5-1.5B,0.1,1,0
college_biology/61,0.6988823413848877,0.48503759503364563,False,Qwen/Qwen2.5-1.5B,0.1,1,0
college_biology/62,0.9843648672103882,0.9788402318954468,False,Qwen/Qwen2.5-1.5B,0.1,1,0
college_biology/63,0.22915363311767578,0.17782190442085266,False,Qwen/Qwen2.5-1.5B,0.1,1,0
college_biology/64,0.1797037422657013,0.1745930165052414,False,Qwen/Qwen2.5-1.5B,0.1,1,0
college_biology/65,0.06687655299901962,0.09659941494464874,False,Qwen/Qwen2.5-1.5B,0.1,1,0
college_biology/66,0.45218977332115173,0.3881438374519348,False,Qwen/Qwen2.5-1.5B,0.1,1,0
college_biology/67,0.09599027782678604,0.1047811433672905,True,Qwen/Qwen2.5-1.5B,0.1,1,0
college_biology/68,0.9743385910987854,0.950169026851654,False,Qwen/Qwen2.5-1.5B,0.1,1,0
college_biology/69,0.7711538076400757,0.792815625667572,False,Qwen/Qwen2.5-1.5B,0.1,1,0
college_biology/70,0.6964226961135864,0.8873563408851624,True,Qwen/Qwen2.5-1.5B,0.1,1,0
college_biology/71,0.4819801449775696,0.5029438138008118,False,Qwen/Qwen2.5-1.5B,0.1,1,0
college_biology/72,0.8025171756744385,0.9148908853530884,True,Qwen/Qwen2.5-1.5B,0.1,1,0
college_biology/73,0.4076455235481262,0.25753846764564514,False,Qwen/Qwen2.5-1.5B,0.1,1,0
college_biology/74,0.16861870884895325,0.14312177896499634,False,Qwen/Qwen2.5-1.5B,0.1,1,0
college_biology/75,0.23429778218269348,0.3564424216747284,False,Qwen/Qwen2.5-1.5B,0.1,1,0
college_biology/76,0.9984461665153503,0.9923461675643921,False,Qwen/Qwen2.5-1.5B,0.1,1,0
college_biology/77,0.6418440937995911,0.8358353972434998,True,Qwen/Qwen2.5-1.5B,0.1,1,0
college_biology/78,0.17672082781791687,0.16065768897533417,True,Qwen/Qwen2.5-1.5B,0.1,1,0
college_biology/79,0.17758825421333313,0.15098126232624054,False,Qwen/Qwen2.5-1.5B,0.1,1,0
college_biology/80,0.07502078264951706,0.07990875095129013,False,Qwen/Qwen2.5-1.5B,0.1,1,0
college_biology/81,0.9242544174194336,0.9275727272033691,False,Qwen/Qwen2.5-1.5B,0.1,1,0
college_biology/82,0.9991220831871033,0.9960030913352966,False,Qwen/Qwen2.5-1.5B,0.1,1,0
college_biology/83,0.586393415927887,0.6199233531951904,False,Qwen/Qwen2.5-1.5B,0.1,1,0
college_biology/84,0.9186782240867615,0.7640729546546936,False,Qwen/Qwen2.5-1.5B,0.1,1,0
college_biology/85,0.5162244439125061,0.6253757476806641,False,Qwen/Qwen2.5-1.5B,0.1,1,0
college_biology/86,0.9649735689163208,0.9538168907165527,False,Qwen/Qwen2.5-1.5B,0.1,1,0
college_biology/87,0.760348379611969,0.8893284201622009,True,Qwen/Qwen2.5-1.5B,0.1,1,0
college_biology/88,0.9953727126121521,0.9875061511993408,False,Qwen/Qwen2.5-1.5B,0.1,1,0
college_biology/89,0.663116991519928,0.7511565685272217,False,Qwen/Qwen2.5-1.5B,0.1,1,0
college_biology/90,0.4695224463939667,0.48076295852661133,False,Qwen/Qwen2.5-1.5B,0.1,1,0
college_biology/91,0.9989527463912964,0.9945040941238403,False,Qwen/Qwen2.5-1.5B,0.1,1,0
college_biology/92,0.9943270087242126,0.9813014268875122,False,Qwen/Qwen2.5-1.5B,0.1,1,0
college_biology/93,0.016398847103118896,0.041965194046497345,False,Qwen/Qwen2.5-1.5B,0.1,1,0
college_biology/94,0.9911707639694214,0.9905085563659668,False,Qwen/Qwen2.5-1.5B,0.1,1,0
college_biology/95,0.3826534152030945,0.24249908328056335,False,Qwen/Qwen2.5-1.5B,0.1,1,0
college_biology/96,0.35228127241134644,0.41052818298339844,False,Qwen/Qwen2.5-1.5B,0.1,1,0
college_biology/97,0.832207202911377,0.5968801975250244,False,Qwen/Qwen2.5-1.5B,0.1,1,0
college_biology/98,0.09541411697864532,0.2641218304634094,False,Qwen/Qwen2.5-1.5B,0.1,1,0
college_biology/99,0.9876673221588135,0.9698010087013245,False,Qwen/Qwen2.5-1.5B,0.1,1,0
college_biology/100,0.350065678358078,0.4131041169166565,False,Qwen/Qwen2.5-1.5B,0.1,1,0
college_biology/101,0.23291665315628052,0.25200048089027405,False,Qwen/Qwen2.5-1.5B,0.1,1,0
college_biology/102,0.8356863856315613,0.8299723863601685,False,Qwen/Qwen2.5-1.5B,0.1,1,0
college_biology/103,0.2827049791812897,0.30853700637817383,False,Qwen/Qwen2.5-1.5B,0.1,1,0
college_biology/104,0.9078003168106079,0.8988865613937378,False,Qwen/Qwen2.5-1.5B,0.1,1,0
college_biology/105,0.893564760684967,0.7944445013999939,False,Qwen/Qwen2.5-1.5B,0.1,1,0
college_biology/106,0.24730992317199707,0.21070526540279388,True,Qwen/Qwen2.5-1.5B,0.1,1,0
college_biology/107,0.03631003201007843,0.03531844913959503,False,Qwen/Qwen2.5-1.5B,0.1,1,0
college_biology/108,0.043180886656045914,0.04043152555823326,False,Qwen/Qwen2.5-1.5B,0.1,1,0
college_biology/109,0.7383955121040344,0.8371527791023254,False,Qwen/Qwen2.5-1.5B,0.1,1,0
college_biology/110,0.13269832730293274,0.15530061721801758,False,Qwen/Qwen2.5-1.5B,0.1,1,0
college_biology/111,0.9942359328269958,0.9950422048568726,False,Qwen/Qwen2.5-1.5B,0.1,1,0
college_biology/112,0.877133309841156,0.8419746160507202,False,Qwen/Qwen2.5-1.5B,0.1,1,0
college_biology/113,0.9935070276260376,0.968923032283783,False,Qwen/Qwen2.5-1.5B,0.1,1,0
college_biology/114,0.9952492713928223,0.9954414367675781,False,Qwen/Qwen2.5-1.5B,0.1,1,0
college_biology/115,0.056575071066617966,0.07421298325061798,True,Qwen/Qwen2.5-1.5B,0.1,1,0
college_biology/116,0.054964613169431686,0.13824936747550964,False,Qwen/Qwen2.5-1.5B,0.1,1,0
college_biology/117,0.996276319026947,0.9817236661911011,False,Qwen/Qwen2.5-1.5B,0.1,1,0
college_biology/118,0.41184571385383606,0.5212262272834778,False,Qwen/Qwen2.5-1.5B,0.1,1,0
college_biology/119,0.32312560081481934,0.3496779799461365,False,Qwen/Qwen2.5-1.5B,0.1,1,0
college_biology/120,0.9000909328460693,0.9463571310043335,False,Qwen/Qwen2.5-1.5B,0.1,1,0
college_biology/121,0.9567056894302368,0.9397612810134888,False,Qwen/Qwen2.5-1.5B,0.1,1,0
college_biology/122,0.19883993268013,0.08540713042020798,False,Qwen/Qwen2.5-1.5B,0.1,1,0
college_biology/123,0.9975612163543701,0.9855190515518188,False,Qwen/Qwen2.5-1.5B,0.1,1,0
college_biology/124,0.11289273947477341,0.08920201659202576,False,Qwen/Qwen2.5-1.5B,0.1,1,0
college_biology/125,0.44049930572509766,0.4776507616043091,False,Qwen/Qwen2.5-1.5B,0.1,1,0
college_biology/126,0.9174318909645081,0.7512513399124146,False,Qwen/Qwen2.5-1.5B,0.1,1,0
college_biology/127,0.43992528319358826,0.3346432149410248,False,Qwen/Qwen2.5-1.5B,0.1,1,0
college_biology/128,0.38937798142433167,0.3539018929004669,False,Qwen/Qwen2.5-1.5B,0.1,1,0
college_biology/129,0.9227985739707947,0.8771765828132629,False,Qwen/Qwen2.5-1.5B,0.1,1,0
college_biology/130,0.6703242659568787,0.7357317805290222,False,Qwen/Qwen2.5-1.5B,0.1,1,0
college_biology/131,0.17096365988254547,0.1405491828918457,False,Qwen/Qwen2.5-1.5B,0.1,1,0
college_biology/132,0.7970154285430908,0.7461427450180054,False,Qwen/Qwen2.5-1.5B,0.1,1,0
college_biology/133,0.9328098893165588,0.4731239378452301,False,Qwen/Qwen2.5-1.5B,0.1,1,0
college_biology/134,0.9701429605484009,0.9825929403305054,True,Qwen/Qwen2.5-1.5B,0.1,1,0
college_biology/135,0.25039973855018616,0.46601730585098267,False,Qwen/Qwen2.5-1.5B,0.1,1,0
college_biology/136,0.24158082902431488,0.20871403813362122,False,Qwen/Qwen2.5-1.5B,0.1,1,0
college_biology/137,0.5041355490684509,0.49360501766204834,False,Qwen/Qwen2.5-1.5B,0.1,1,0
college_biology/138,0.9959501028060913,0.9869089722633362,False,Qwen/Qwen2.5-1.5B,0.1,1,0
college_biology/139,0.43389633297920227,0.5416193604469299,False,Qwen/Qwen2.5-1.5B,0.1,1,0
college_biology/140,0.9295797944068909,0.9069797992706299,False,Qwen/Qwen2.5-1.5B,0.1,1,0
college_biology/141,0.9950695037841797,0.9917817711830139,True,Qwen/Qwen2.5-1.5B,0.1,1,0
college_biology/142,0.7677395343780518,0.6215744614601135,False,Qwen/Qwen2.5-1.5B,0.1,1,0
college_biology/143,0.39515912532806396,0.31932884454727173,False,Qwen/Qwen2.5-1.5B,0.1,1,0
high_school_statistics/0,0.43577998876571655,0.5327034592628479,True,Qwen/Qwen2.5-1.5B,0.1,1,0
high_school_statistics/1,0.19498397409915924,0.21847784519195557,False,Qwen/Qwen2.5-1.5B,0.1,1,0
high_school_statistics/2,0.05701562389731407,0.05511899292469025,False,Qwen/Qwen2.5-1.5B,0.1,1,0
high_school_statistics/3,0.5908172726631165,0.6343722939491272,False,Qwen/Qwen2.5-1.5B,0.1,1,0
high_school_statistics/4,0.9935749173164368,0.9955382943153381,False,Qwen/Qwen2.5-1.5B,0.1,1,0
high_school_statistics/5,0.8247880935668945,0.7164637446403503,False,Qwen/Qwen2.5-1.5B,0.1,1,0
high_school_statistics/6,0.6591474413871765,0.6500280499458313,False,Qwen/Qwen2.5-1.5B,0.1,1,0
high_school_statistics/7,0.959632933139801,0.9514267444610596,False,Qwen/Qwen2.5-1.5B,0.1,1,0
high_school_statistics/8,0.9970439076423645,0.9883034229278564,True,Qwen/Qwen2.5-1.5B,0.1,1,0
high_school_statistics/9,0.6464952826499939,0.7642971277236938,False,Qwen/Qwen2.5-1.5B,0.1,1,0
high_school_statistics/10,0.6742181181907654,0.8509053587913513,False,Qwen/Qwen2.5-1.5B,0.1,1,0
high_school_statistics/11,0.0021052269730716944,0.030476409941911697,False,Qwen/Qwen2.5-1.5B,0.1,1,0
high_school_statistics/12,0.2708399295806885,0.2943318784236908,False,Qwen/Qwen2.5-1.5B,0.1,1,0
high_school_statistics/13,0.3642736077308655,0.44098588824272156,False,Qwen/Qwen2.5-1.5B,0.1,1,0
high_school_statistics/14,0.19903677701950073,0.119202621281147,False,Qwen/Qwen2.5-1.5B,0.1,1,0
high_school_statistics/15,0.040165144950151443,0.09958537667989731,False,Qwen/Qwen2.5-1.5B,0.1,1,0
high_school_statistics/16,0.3934416174888611,0.2804601490497589,False,Qwen/Qwen2.5-1.5B,0.1,1,0
high_school_statistics/17,0.4663226902484894,0.4531613886356354,False,Qwen/Qwen2.5-1.5B,0.1,1,0
high_school_statistics/18,0.4280382990837097,0.35720252990722656,False,Qwen/Qwen2.5-1.5B,0.1,1,0
high_school_statistics/19,0.3161003887653351,0.20999962091445923,False,Qwen/Qwen2.5-1.5B,0.1,1,0
high_school_statistics/20,0.45912471413612366,0.3110966682434082,False,Qwen/Qwen2.5-1.5B,0.1,1,0
high_school_statistics/21,0.1400909721851349,0.22016902267932892,False,Qwen/Qwen2.5-1.5B,0.1,1,0
high_school_statistics/22,0.20636895298957825,0.19312067329883575,True,Qwen/Qwen2.5-1.5B,0.1,1,0
high_school_statistics/23,0.4039016664028168,0.35883045196533203,False,Qwen/Qwen2.5-1.5B,0.1,1,0
high_school_statistics/24,0.20836740732192993,0.25603538751602173,True,Qwen/Qwen2.5-1.5B,0.1,1,0
high_school_statistics/25,0.3693895936012268,0.30844640731811523,False,Qwen/Qwen2.5-1.5B,0.1,1,0
high_school_statistics/26,0.029914185404777527,0.05420316010713577,False,Qwen/Qwen2.5-1.5B,0.1,1,0
high_school_statistics/27,0.5076839327812195,0.4107569456100464,False,Qwen/Qwen2.5-1.5B,0.1,1,0
high_school_statistics/28,0.4968160092830658,0.36600884795188904,False,Qwen/Qwen2.5-1.5B,0.1,1,0
high_school_statistics/29,0.32959404587745667,0.30954834818840027,False,Qwen/Qwen2.5-1.5B,0.1,1,0
high_school_statistics/30,0.32638680934906006,0.32723474502563477,False,Qwen/Qwen2.5-1.5B,0.1,1,0
high_school_statistics/31,0.4095306396484375,0.2700060307979584,False,Qwen/Qwen2.5-1.5B,0.1,1,0
high_school_statistics/32,0.2523258626461029,0.32100337743759155,False,Qwen/Qwen2.5-1.5B,0.1,1,0
high_school_statistics/33,0.4108283221721649,0.37315574288368225,False,Qwen/Qwen2.5-1.5B,0.1,1,0
high_school_statistics/34,0.031433191150426865,0.01103732455521822,False,Qwen/Qwen2.5-1.5B,0.1,1,0
high_school_statistics/35,0.26305633783340454,0.3765115439891815,False,Qwen/Qwen2.5-1.5B,0.1,1,0
high_school_statistics/36,0.18812678754329681,0.1425892412662506,False,Qwen/Qwen2.5-1.5B,0.1,1,0
high_school_statistics/37,0.5263951420783997,0.4301687777042389,False,Qwen/Qwen2.5-1.5B,0.1,1,0
high_school_statistics/38,0.00023977606906555593,0.0009194241720251739,False,Qwen/Qwen2.5-1.5B,0.1,1,0
high_school_statistics/39,0.7936242818832397,0.8829118609428406,False,Qwen/Qwen2.5-1.5B,0.1,1,0
high_school_statistics/40,0.9408683180809021,0.8411692976951599,False,Qwen/Qwen2.5-1.5B,0.1,1,0
high_school_statistics/41,0.25608953833580017,0.2203426957130432,False,Qwen/Qwen2.5-1.5B,0.1,1,0
high_school_statistics/42,0.981050968170166,0.9707463979721069,False,Qwen/Qwen2.5-1.5B,0.1,1,0
high_school_statistics/43,0.016097811982035637,0.05609381943941116,False,Qwen/Qwen2.5-1.5B,0.1,1,0
high_school_statistics/44,0.2634935975074768,0.16269640624523163,False,Qwen/Qwen2.5-1.5B,0.1,1,0
high_school_statistics/45,0.40297695994377136,0.31993818283081055,False,Qwen/Qwen2.5-1.5B,0.1,1,0
high_school_statistics/46,0.985301673412323,0.9758307337760925,False,Qwen/Qwen2.5-1.5B,0.1,1,0
high_school_statistics/47,0.18737882375717163,0.346034437417984,False,Qwen/Qwen2.5-1.5B,0.1,1,0
high_school_statistics/48,0.2903759181499481,0.35763782262802124,True,Qwen/Qwen2.5-1.5B,0.1,1,0
high_school_statistics/49,0.9868593215942383,0.966691792011261,False,Qwen/Qwen2.5-1.5B,0.1,1,0
high_school_statistics/50,0.44389989972114563,0.4064338207244873,False,Qwen/Qwen2.5-1.5B,0.1,1,0
high_school_statistics/51,0.4215311110019684,0.5012645125389099,False,Qwen/Qwen2.5-1.5B,0.1,1,0
high_school_statistics/52,0.25829604268074036,0.4463483393192291,False,Qwen/Qwen2.5-1.5B,0.1,1,0
high_school_statistics/53,0.07150202244520187,0.05134950205683708,False,Qwen/Qwen2.5-1.5B,0.1,1,0
high_school_statistics/54,0.5422570705413818,0.2988797724246979,False,Qwen/Qwen2.5-1.5B,0.1,1,0
high_school_statistics/55,0.3209429681301117,0.3911791443824768,False,Qwen/Qwen2.5-1.5B,0.1,1,0
high_school_statistics/56,0.2180270403623581,0.3369494378566742,False,Qwen/Qwen2.5-1.5B,0.1,1,0
high_school_statistics/57,0.1481618583202362,0.28664013743400574,False,Qwen/Qwen2.5-1.5B,0.1,1,0
high_school_statistics/58,0.9365572929382324,0.9103612303733826,True,Qwen/Qwen2.5-1.5B,0.1,1,0
high_school_statistics/59,0.6893662214279175,0.5367952585220337,False,Qwen/Qwen2.5-1.5B,0.1,1,0
high_school_statistics/60,0.6288321018218994,0.7647864818572998,False,Qwen/Qwen2.5-1.5B,0.1,1,0
high_school_statistics/61,0.11364714056253433,0.2548132538795471,False,Qwen/Qwen2.5-1.5B,0.1,1,0
high_school_statistics/62,0.28997406363487244,0.26030606031417847,False,Qwen/Qwen2.5-1.5B,0.1,1,0
high_school_statistics/63,0.947777509689331,0.9593513011932373,False,Qwen/Qwen2.5-1.5B,0.1,1,0
high_school_statistics/64,0.17834927141666412,0.19161735475063324,False,Qwen/Qwen2.5-1.5B,0.1,1,0
high_school_statistics/65,0.9470534324645996,0.9579340219497681,False,Qwen/Qwen2.5-1.5B,0.1,1,0
high_school_statistics/66,0.6126697659492493,0.6554876565933228,False,Qwen/Qwen2.5-1.5B,0.1,1,0
high_school_statistics/67,0.5702856183052063,0.4365689754486084,False,Qwen/Qwen2.5-1.5B,0.1,1,0
high_school_statistics/68,0.15201131999492645,0.1379590779542923,False,Qwen/Qwen2.5-1.5B,0.1,1,0
high_school_statistics/69,0.2568371891975403,0.27153119444847107,False,Qwen/Qwen2.5-1.5B,0.1,1,0
high_school_statistics/70,0.9975244402885437,0.9959877133369446,False,Qwen/Qwen2.5-1.5B,0.1,1,0
high_school_statistics/71,0.7438503503799438,0.6596303582191467,False,Qwen/Qwen2.5-1.5B,0.1,1,0
high_school_statistics/72,0.3363721966743469,0.5883908867835999,False,Qwen/Qwen2.5-1.5B,0.1,1,0
high_school_statistics/73,0.9961936473846436,0.9887423515319824,False,Qwen/Qwen2.5-1.5B,0.1,1,0
high_school_statistics/74,0.30394411087036133,0.22598479688167572,False,Qwen/Qwen2.5-1.5B,0.1,1,0
high_school_statistics/75,0.6106265783309937,0.6345878839492798,False,Qwen/Qwen2.5-1.5B,0.1,1,0
high_school_statistics/76,0.3922092616558075,0.3865092694759369,False,Qwen/Qwen2.5-1.5B,0.1,1,0
high_school_statistics/77,0.2002076357603073,0.20165328681468964,False,Qwen/Qwen2.5-1.5B,0.1,1,0
high_school_statistics/78,0.9140464067459106,0.9378466606140137,False,Qwen/Qwen2.5-1.5B,0.1,1,0
high_school_statistics/79,0.9002475142478943,0.8430672287940979,False,Qwen/Qwen2.5-1.5B,0.1,1,0
high_school_statistics/80,0.9477798342704773,0.9214181303977966,False,Qwen/Qwen2.5-1.5B,0.1,1,0
high_school_statistics/81,0.1263696551322937,0.22846639156341553,False,Qwen/Qwen2.5-1.5B,0.1,1,0
high_school_statistics/82,0.1709829419851303,0.2734174132347107,False,Qwen/Qwen2.5-1.5B,0.1,1,0
high_school_statistics/83,0.9479542374610901,0.8318043351173401,False,Qwen/Qwen2.5-1.5B,0.1,1,0
high_school_statistics/84,0.4252988398075104,0.490243524312973,False,Qwen/Qwen2.5-1.5B,0.1,1,0
high_school_statistics/85,0.7398722767829895,0.7756578922271729,False,Qwen/Qwen2.5-1.5B,0.1,1,0
high_school_statistics/86,0.7722447514533997,0.8242512941360474,False,Qwen/Qwen2.5-1.5B,0.1,1,0
high_school_statistics/87,0.11018906533718109,0.1724776327610016,False,Qwen/Qwen2.5-1.5B,0.1,1,0
high_school_statistics/88,0.5270835757255554,0.5258683562278748,False,Qwen/Qwen2.5-1.5B,0.1,1,0
high_school_statistics/89,0.09374845772981644,0.08102309703826904,False,Qwen/Qwen2.5-1.5B,0.1,1,0
high_school_statistics/90,0.250558078289032,0.22008571028709412,False,Qwen/Qwen2.5-1.5B,0.1,1,0
high_school_statistics/91,0.2084043025970459,0.3374350965023041,False,Qwen/Qwen2.5-1.5B,0.1,1,0
high_school_statistics/92,0.02010939083993435,0.010851475410163403,True,Qwen/Qwen2.5-1.5B,0.1,1,0
high_school_statistics/93,0.3611556589603424,0.25319963693618774,False,Qwen/Qwen2.5-1.5B,0.1,1,0
high_school_statistics/94,0.6429046392440796,0.5788390040397644,False,Qwen/Qwen2.5-1.5B,0.1,1,0
high_school_statistics/95,0.2213500440120697,0.16236995160579681,False,Qwen/Qwen2.5-1.5B,0.1,1,0
high_school_statistics/96,0.695189356803894,0.8588064312934875,False,Qwen/Qwen2.5-1.5B,0.1,1,0
high_school_statistics/97,0.6877945065498352,0.7215498089790344,False,Qwen/Qwen2.5-1.5B,0.1,1,0
high_school_statistics/98,0.23239946365356445,0.38946542143821716,False,Qwen/Qwen2.5-1.5B,0.1,1,0
high_school_statistics/99,0.2206268161535263,0.5742897391319275,False,Qwen/Qwen2.5-1.5B,0.1,1,0
high_school_statistics/100,0.3467925488948822,0.25579503178596497,False,Qwen/Qwen2.5-1.5B,0.1,1,0
high_school_statistics/101,0.07336308062076569,0.15311411023139954,False,Qwen/Qwen2.5-1.5B,0.1,1,0
high_school_statistics/102,0.21690422296524048,0.17412471771240234,False,Qwen/Qwen2.5-1.5B,0.1,1,0
high_school_statistics/103,0.856691837310791,0.7249099016189575,False,Qwen/Qwen2.5-1.5B,0.1,1,0
high_school_statistics/104,0.5793498158454895,0.49979284405708313,False,Qwen/Qwen2.5-1.5B,0.1,1,0
high_school_statistics/105,0.5001763105392456,0.5695608854293823,False,Qwen/Qwen2.5-1.5B,0.1,1,0
high_school_statistics/106,0.5115229487419128,0.6041316390037537,False,Qwen/Qwen2.5-1.5B,0.1,1,0
high_school_statistics/107,0.18790684640407562,0.27649471163749695,False,Qwen/Qwen2.5-1.5B,0.1,1,0
high_school_statistics/108,0.45827358961105347,0.42042410373687744,False,Qwen/Qwen2.5-1.5B,0.1,1,0
high_school_statistics/109,0.23784181475639343,0.13360293209552765,False,Qwen/Qwen2.5-1.5B,0.1,1,0
high_school_statistics/110,0.473050594329834,0.5287308692932129,False,Qwen/Qwen2.5-1.5B,0.1,1,0
high_school_statistics/111,0.34503692388534546,0.22542355954647064,False,Qwen/Qwen2.5-1.5B,0.1,1,0
high_school_statistics/112,0.21354682743549347,0.22669239342212677,False,Qwen/Qwen2.5-1.5B,0.1,1,0
high_school_statistics/113,0.6285584568977356,0.6116687059402466,False,Qwen/Qwen2.5-1.5B,0.1,1,0
high_school_statistics/114,0.09800861030817032,0.22720128297805786,False,Qwen/Qwen2.5-1.5B,0.1,1,0
high_school_statistics/115,0.24315452575683594,0.24258537590503693,False,Qwen/Qwen2.5-1.5B,0.1,1,0
high_school_statistics/116,0.20443135499954224,0.28363174200057983,False,Qwen/Qwen2.5-1.5B,0.1,1,0
high_school_statistics/117,0.993559718132019,0.9753991365432739,False,Qwen/Qwen2.5-1.5B,0.1,1,0
high_school_statistics/118,0.39354774355888367,0.4402596056461334,False,Qwen/Qwen2.5-1.5B,0.1,1,0
high_school_statistics/119,0.6425248384475708,0.811525821685791,False,Qwen/Qwen2.5-1.5B,0.1,1,0
high_school_statistics/120,0.486343652009964,0.527799129486084,False,Qwen/Qwen2.5-1.5B,0.1,1,0
high_school_statistics/121,0.892157793045044,0.9026191830635071,False,Qwen/Qwen2.5-1.5B,0.1,1,0
high_school_statistics/122,0.0247018001973629,0.032112594693899155,False,Qwen/Qwen2.5-1.5B,0.1,1,0
high_school_statistics/123,0.797452449798584,0.8488908410072327,False,Qwen/Qwen2.5-1.5B,0.1,1,0
high_school_statistics/124,0.5389938354492188,0.37097856402397156,False,Qwen/Qwen2.5-1.5B,0.1,1,0
high_school_statistics/125,0.26986202597618103,0.3656458258628845,False,Qwen/Qwen2.5-1.5B,0.1,1,0
high_school_statistics/126,0.39621442556381226,0.23912641406059265,False,Qwen/Qwen2.5-1.5B,0.1,1,0
high_school_statistics/127,0.15685606002807617,0.20486953854560852,False,Qwen/Qwen2.5-1.5B,0.1,1,0
high_school_statistics/128,0.5380454063415527,0.7149589657783508,False,Qwen/Qwen2.5-1.5B,0.1,1,0
high_school_statistics/129,0.31037795543670654,0.28569379448890686,False,Qwen/Qwen2.5-1.5B,0.1,1,0
high_school_statistics/130,0.14350664615631104,0.08587631583213806,False,Qwen/Qwen2.5-1.5B,0.1,1,0
high_school_statistics/131,0.3666846454143524,0.49027034640312195,False,Qwen/Qwen2.5-1.5B,0.1,1,0
high_school_statistics/132,0.8214849829673767,0.8251955509185791,False,Qwen/Qwen2.5-1.5B,0.1,1,0
high_school_statistics/133,0.4516456127166748,0.35874876379966736,False,Qwen/Qwen2.5-1.5B,0.1,1,0
high_school_statistics/134,0.497180312871933,0.2522572875022888,False,Qwen/Qwen2.5-1.5B,0.1,1,0
high_school_statistics/135,0.2772618532180786,0.2388990819454193,False,Qwen/Qwen2.5-1.5B,0.1,1,0
high_school_statistics/136,0.39953091740608215,0.22889968752861023,False,Qwen/Qwen2.5-1.5B,0.1,1,0
high_school_statistics/137,0.7829167246818542,0.858973503112793,False,Qwen/Qwen2.5-1.5B,0.1,1,0
high_school_statistics/138,0.8514982461929321,0.9495394229888916,True,Qwen/Qwen2.5-1.5B,0.1,1,0
high_school_statistics/139,0.36709296703338623,0.29903507232666016,False,Qwen/Qwen2.5-1.5B,0.1,1,0
high_school_statistics/140,0.25548556447029114,0.2909040153026581,False,Qwen/Qwen2.5-1.5B,0.1,1,0
high_school_statistics/141,0.38667750358581543,0.48140472173690796,False,Qwen/Qwen2.5-1.5B,0.1,1,0
high_school_statistics/142,0.1195162758231163,0.06088634580373764,False,Qwen/Qwen2.5-1.5B,0.1,1,0
high_school_statistics/143,0.37111493945121765,0.13532665371894836,True,Qwen/Qwen2.5-1.5B,0.1,1,0
high_school_statistics/144,0.4482569992542267,0.3531061112880707,False,Qwen/Qwen2.5-1.5B,0.1,1,0
high_school_statistics/145,0.6981172561645508,0.8044548034667969,False,Qwen/Qwen2.5-1.5B,0.1,1,0
high_school_statistics/146,0.8414117097854614,0.7897709012031555,False,Qwen/Qwen2.5-1.5B,0.1,1,0
high_school_statistics/147,0.9342708587646484,0.9545091390609741,False,Qwen/Qwen2.5-1.5B,0.1,1,0
high_school_statistics/148,0.3256845772266388,0.25240427255630493,False,Qwen/Qwen2.5-1.5B,0.1,1,0
high_school_statistics/149,0.9970282912254333,0.9886729121208191,False,Qwen/Qwen2.5-1.5B,0.1,1,0
high_school_statistics/150,0.31991833448410034,0.5039108991622925,True,Qwen/Qwen2.5-1.5B,0.1,1,0
high_school_statistics/151,0.14415769279003143,0.0902116522192955,False,Qwen/Qwen2.5-1.5B,0.1,1,0
high_school_statistics/152,0.3675350546836853,0.44718560576438904,False,Qwen/Qwen2.5-1.5B,0.1,1,0
high_school_statistics/153,0.1890593022108078,0.22286967933177948,False,Qwen/Qwen2.5-1.5B,0.1,1,0
high_school_statistics/154,0.2254963517189026,0.33502617478370667,False,Qwen/Qwen2.5-1.5B,0.1,1,0
high_school_statistics/155,0.48614856600761414,0.3682035803794861,False,Qwen/Qwen2.5-1.5B,0.1,1,0
high_school_statistics/156,0.23291736841201782,0.6089869737625122,False,Qwen/Qwen2.5-1.5B,0.1,1,0
high_school_statistics/157,0.09355127066373825,0.1959461122751236,False,Qwen/Qwen2.5-1.5B,0.1,1,0
high_school_statistics/158,0.30270278453826904,0.30536526441574097,False,Qwen/Qwen2.5-1.5B,0.1,1,0
high_school_statistics/159,0.2531049847602844,0.24512328207492828,False,Qwen/Qwen2.5-1.5B,0.1,1,0
high_school_statistics/160,0.9885043501853943,0.9847260117530823,True,Qwen/Qwen2.5-1.5B,0.1,1,0
high_school_statistics/161,0.007061333395540714,0.006601875647902489,False,Qwen/Qwen2.5-1.5B,0.1,1,0
high_school_statistics/162,0.2807784676551819,0.314301460981369,False,Qwen/Qwen2.5-1.5B,0.1,1,0
high_school_statistics/163,0.9336602687835693,0.9346634149551392,False,Qwen/Qwen2.5-1.5B,0.1,1,0
high_school_statistics/164,0.5141022205352783,0.533351719379425,False,Qwen/Qwen2.5-1.5B,0.1,1,0
high_school_statistics/165,0.8011093139648438,0.5485121011734009,False,Qwen/Qwen2.5-1.5B,0.1,1,0
high_school_statistics/166,0.6156765222549438,0.44421449303627014,True,Qwen/Qwen2.5-1.5B,0.1,1,0
high_school_statistics/167,0.13631844520568848,0.07751867920160294,False,Qwen/Qwen2.5-1.5B,0.1,1,0
high_school_statistics/168,0.12770943343639374,0.1535979062318802,False,Qwen/Qwen2.5-1.5B,0.1,1,0
high_school_statistics/169,0.47255513072013855,0.5240684747695923,False,Qwen/Qwen2.5-1.5B,0.1,1,0
high_school_statistics/170,0.202169731259346,0.19593596458435059,False,Qwen/Qwen2.5-1.5B,0.1,1,0
high_school_statistics/171,0.9905647039413452,0.9663418531417847,True,Qwen/Qwen2.5-1.5B,0.1,1,0
high_school_statistics/172,0.49719569087028503,0.5028554797172546,False,Qwen/Qwen2.5-1.5B,0.1,1,0
high_school_statistics/173,0.2604767680168152,0.2312936931848526,False,Qwen/Qwen2.5-1.5B,0.1,1,0
high_school_statistics/174,0.8721952438354492,0.8941181898117065,False,Qwen/Qwen2.5-1.5B,0.1,1,0
high_school_statistics/175,0.19298593699932098,0.1339026689529419,False,Qwen/Qwen2.5-1.5B,0.1,1,0
high_school_statistics/176,0.2554035186767578,0.15853305160999298,False,Qwen/Qwen2.5-1.5B,0.1,1,0
high_school_statistics/177,0.06287389993667603,0.04602591320872307,True,Qwen/Qwen2.5-1.5B,0.1,1,0
high_school_statistics/178,0.07128284871578217,0.14803694188594818,False,Qwen/Qwen2.5-1.5B,0.1,1,0
high_school_statistics/179,0.0805831179022789,0.13495653867721558,False,Qwen/Qwen2.5-1.5B,0.1,1,0
high_school_statistics/180,0.3605917692184448,0.24312706291675568,False,Qwen/Qwen2.5-1.5B,0.1,1,0
high_school_statistics/181,0.09920819848775864,0.06363515555858612,False,Qwen/Qwen2.5-1.5B,0.1,1,0
high_school_statistics/182,0.3559311628341675,0.3571532666683197,False,Qwen/Qwen2.5-1.5B,0.1,1,0
high_school_statistics/183,0.932502806186676,0.8772980570793152,True,Qwen/Qwen2.5-1.5B,0.1,1,0
high_school_statistics/184,0.09702284634113312,0.07151200622320175,False,Qwen/Qwen2.5-1.5B,0.1,1,0
high_school_statistics/185,0.9889940619468689,0.9732391238212585,False,Qwen/Qwen2.5-1.5B,0.1,1,0
high_school_statistics/186,0.8007779717445374,0.6917985677719116,False,Qwen/Qwen2.5-1.5B,0.1,1,0
high_school_statistics/187,0.2892207205295563,0.277926504611969,False,Qwen/Qwen2.5-1.5B,0.1,1,0
high_school_statistics/188,0.09318973869085312,0.1296122819185257,False,Qwen/Qwen2.5-1.5B,0.1,1,0
high_school_statistics/189,0.09774398058652878,0.07025983929634094,False,Qwen/Qwen2.5-1.5B,0.1,1,0
high_school_statistics/190,0.4012864828109741,0.37161144614219666,False,Qwen/Qwen2.5-1.5B,0.1,1,0
high_school_statistics/191,0.2669791281223297,0.16866043210029602,False,Qwen/Qwen2.5-1.5B,0.1,1,0
high_school_statistics/192,0.02241337299346924,0.021662242710590363,False,Qwen/Qwen2.5-1.5B,0.1,1,0
high_school_statistics/193,0.24992288649082184,0.302667498588562,False,Qwen/Qwen2.5-1.5B,0.1,1,0
high_school_statistics/194,0.9950472116470337,0.9912264943122864,True,Qwen/Qwen2.5-1.5B,0.1,1,0
high_school_statistics/195,0.4865973889827728,0.47107765078544617,False,Qwen/Qwen2.5-1.5B,0.1,1,0
high_school_statistics/196,0.38714492321014404,0.4769923686981201,False,Qwen/Qwen2.5-1.5B,0.1,1,0
high_school_statistics/197,0.36675190925598145,0.44955533742904663,False,Qwen/Qwen2.5-1.5B,0.1,1,0
high_school_statistics/198,0.6195642352104187,0.7657962441444397,False,Qwen/Qwen2.5-1.5B,0.1,1,0
high_school_statistics/199,0.9815086722373962,0.9823085069656372,False,Qwen/Qwen2.5-1.5B,0.1,1,0
high_school_statistics/200,0.2822783291339874,0.24586443603038788,False,Qwen/Qwen2.5-1.5B,0.1,1,0
high_school_statistics/201,0.9974920749664307,0.9939014911651611,False,Qwen/Qwen2.5-1.5B,0.1,1,0
high_school_statistics/202,0.33336490392684937,0.2328731268644333,False,Qwen/Qwen2.5-1.5B,0.1,1,0
high_school_statistics/203,0.9750379323959351,0.9085819125175476,False,Qwen/Qwen2.5-1.5B,0.1,1,0
high_school_statistics/204,0.05793090909719467,0.13529399037361145,False,Qwen/Qwen2.5-1.5B,0.1,1,0
high_school_statistics/205,0.3593149185180664,0.21725313365459442,False,Qwen/Qwen2.5-1.5B,0.1,1,0
high_school_statistics/206,0.5467535257339478,0.3680494427680969,False,Qwen/Qwen2.5-1.5B,0.1,1,0
high_school_statistics/207,0.20931556820869446,0.2030942738056183,False,Qwen/Qwen2.5-1.5B,0.1,1,0
high_school_statistics/208,0.3081226646900177,0.3126146197319031,False,Qwen/Qwen2.5-1.5B,0.1,1,0
high_school_statistics/209,0.14881055057048798,0.12100058794021606,False,Qwen/Qwen2.5-1.5B,0.1,1,0
high_school_statistics/210,0.4711681008338928,0.3551409840583801,False,Qwen/Qwen2.5-1.5B,0.1,1,0
high_school_statistics/211,0.954538106918335,0.9847736358642578,True,Qwen/Qwen2.5-1.5B,0.1,1,0
high_school_statistics/212,0.11455225944519043,0.09865971654653549,False,Qwen/Qwen2.5-1.5B,0.1,1,0
high_school_statistics/213,0.41470250487327576,0.5229162573814392,False,Qwen/Qwen2.5-1.5B,0.1,1,0
high_school_statistics/214,0.9462908506393433,0.9232923984527588,False,Qwen/Qwen2.5-1.5B,0.1,1,0
high_school_statistics/215,0.939551591873169,0.9286322593688965,True,Qwen/Qwen2.5-1.5B,0.1,1,0
philosophy/0,0.7840917110443115,0.8427280187606812,False,Qwen/Qwen2.5-1.5B,0.1,1,0
philosophy/1,0.9625034332275391,0.9314209222793579,True,Qwen/Qwen2.5-1.5B,0.1,1,0
philosophy/2,0.9836945533752441,0.893001139163971,False,Qwen/Qwen2.5-1.5B,0.1,1,0
philosophy/3,0.9898756146430969,0.9466537237167358,False,Qwen/Qwen2.5-1.5B,0.1,1,0
philosophy/4,0.6644095778465271,0.7255980968475342,False,Qwen/Qwen2.5-1.5B,0.1,1,0
philosophy/5,0.6761574149131775,0.6133167743682861,False,Qwen/Qwen2.5-1.5B,0.1,1,0
philosophy/6,0.9913005232810974,0.9753368496894836,False,Qwen/Qwen2.5-1.5B,0.1,1,0
philosophy/7,0.21195882558822632,0.14239466190338135,False,Qwen/Qwen2.5-1.5B,0.1,1,0
philosophy/8,0.9383161067962646,0.8779006004333496,False,Qwen/Qwen2.5-1.5B,0.1,1,0
philosophy/9,0.9586455821990967,0.9544470310211182,False,Qwen/Qwen2.5-1.5B,0.1,1,0
philosophy/10,0.9858918786048889,0.9492863416671753,False,Qwen/Qwen2.5-1.5B,0.1,1,0
philosophy/11,0.40518489480018616,0.38051173090934753,False,Qwen/Qwen2.5-1.5B,0.1,1,0
philosophy/12,0.24811513721942902,0.30930233001708984,False,Qwen/Qwen2.5-1.5B,0.1,1,0
philosophy/13,0.7858262062072754,0.582245409488678,False,Qwen/Qwen2.5-1.5B,0.1,1,0
philosophy/14,0.3667934238910675,0.24382993578910828,True,Qwen/Qwen2.5-1.5B,0.1,1,0
philosophy/15,0.9332367181777954,0.903214156627655,False,Qwen/Qwen2.5-1.5B,0.1,1,0
philosophy/16,0.07996347546577454,0.09330887347459793,True,Qwen/Qwen2.5-1.5B,0.1,1,0
philosophy/17,0.761492133140564,0.763171911239624,False,Qwen/Qwen2.5-1.5B,0.1,1,0
philosophy/18,0.01592748425900936,0.01555043924599886,False,Qwen/Qwen2.5-1.5B,0.1,1,0
philosophy/19,0.11740230768918991,0.13531920313835144,False,Qwen/Qwen2.5-1.5B,0.1,1,0
philosophy/20,0.23889368772506714,0.22415649890899658,False,Qwen/Qwen2.5-1.5B,0.1,1,0
philosophy/21,0.5502211451530457,0.4851963520050049,True,Qwen/Qwen2.5-1.5B,0.1,1,0
philosophy/22,0.24417123198509216,0.277514785528183,False,Qwen/Qwen2.5-1.5B,0.1,1,0
philosophy/23,0.04864003136754036,0.031599029898643494,False,Qwen/Qwen2.5-1.5B,0.1,1,0
philosophy/24,0.8547263741493225,0.7293087840080261,True,Qwen/Qwen2.5-1.5B,0.1,1,0
philosophy/25,0.9739625453948975,0.9709070920944214,False,Qwen/Qwen2.5-1.5B,0.1,1,0
philosophy/26,0.01633070781826973,0.03592907637357712,False,Qwen/Qwen2.5-1.5B,0.1,1,0
philosophy/27,0.9788838624954224,0.969487190246582,False,Qwen/Qwen2.5-1.5B,0.1,1,0
philosophy/28,0.3351346254348755,0.2686830461025238,False,Qwen/Qwen2.5-1.5B,0.1,1,0
philosophy/29,0.49813657999038696,0.43610453605651855,False,Qwen/Qwen2.5-1.5B,0.1,1,0
philosophy/30,0.7032343149185181,0.7027392983436584,False,Qwen/Qwen2.5-1.5B,0.1,1,0
philosophy/31,0.996134877204895,0.9820380210876465,False,Qwen/Qwen2.5-1.5B,0.1,1,0
philosophy/32,0.46708735823631287,0.8593267202377319,True,Qwen/Qwen2.5-1.5B,0.1,1,0
philosophy/33,0.618804931640625,0.4598824381828308,False,Qwen/Qwen2.5-1.5B,0.1,1,0
philosophy/34,0.30188217759132385,0.11440427601337433,False,Qwen/Qwen2.5-1.5B,0.1,1,0
philosophy/35,0.9971933960914612,0.9950035214424133,False,Qwen/Qwen2.5-1.5B,0.1,1,0
philosophy/36,0.22075681388378143,0.29606354236602783,False,Qwen/Qwen2.5-1.5B,0.1,1,0
philosophy/37,0.07809507846832275,0.041680291295051575,False,Qwen/Qwen2.5-1.5B,0.1,1,0
philosophy/38,0.8883321285247803,0.8597960472106934,False,Qwen/Qwen2.5-1.5B,0.1,1,0
philosophy/39,0.98212069272995,0.9796374440193176,False,Qwen/Qwen2.5-1.5B,0.1,1,0
philosophy/40,0.7294085025787354,0.47820013761520386,False,Qwen/Qwen2.5-1.5B,0.1,1,0
philosophy/41,0.9840890169143677,0.9651921987533569,False,Qwen/Qwen2.5-1.5B,0.1,1,0
philosophy/42,0.011829338036477566,0.01642901450395584,False,Qwen/Qwen2.5-1.5B,0.1,1,0
philosophy/43,0.7443462610244751,0.628860592842102,False,Qwen/Qwen2.5-1.5B,0.1,1,0
philosophy/44,0.9367507100105286,0.9058578610420227,False,Qwen/Qwen2.5-1.5B,0.1,1,0
philosophy/45,0.8127464652061462,0.833184540271759,True,Qwen/Qwen2.5-1.5B,0.1,1,0
philosophy/46,0.29978811740875244,0.28122153878211975,False,Qwen/Qwen2.5-1.5B,0.1,1,0
philosophy/47,0.7550727725028992,0.691738486289978,False,Qwen/Qwen2.5-1.5B,0.1,1,0
philosophy/48,0.4293909966945648,0.5105389356613159,False,Qwen/Qwen2.5-1.5B,0.1,1,0
philosophy/49,0.9971611499786377,0.9930522441864014,False,Qwen/Qwen2.5-1.5B,0.1,1,0
philosophy/50,0.18590618669986725,0.19050943851470947,False,Qwen/Qwen2.5-1.5B,0.1,1,0
philosophy/51,0.191777765750885,0.19385114312171936,True,Qwen/Qwen2.5-1.5B,0.1,1,0
philosophy/52,0.1313655972480774,0.13945737481117249,False,Qwen/Qwen2.5-1.5B,0.1,1,0
philosophy/53,0.3857763111591339,0.22224824130535126,False,Qwen/Qwen2.5-1.5B,0.1,1,0
philosophy/54,0.46122291684150696,0.4495156705379486,False,Qwen/Qwen2.5-1.5B,0.1,1,0
philosophy/55,0.7248237729072571,0.43716177344322205,True,Qwen/Qwen2.5-1.5B,0.1,1,0
philosophy/56,0.6884225606918335,0.6963241100311279,False,Qwen/Qwen2.5-1.5B,0.1,1,0
philosophy/57,0.995964765548706,0.9951632022857666,False,Qwen/Qwen2.5-1.5B,0.1,1,0
philosophy/58,0.9807783365249634,0.9652265310287476,True,Qwen/Qwen2.5-1.5B,0.1,1,0
philosophy/59,0.6971258521080017,0.7343389987945557,False,Qwen/Qwen2.5-1.5B,0.1,1,0
philosophy/60,0.7807114124298096,0.8672788143157959,False,Qwen/Qwen2.5-1.5B,0.1,1,0
philosophy/61,0.8003717064857483,0.7856260538101196,False,Qwen/Qwen2.5-1.5B,0.1,1,0
philosophy/62,0.9961387515068054,0.9913340210914612,False,Qwen/Qwen2.5-1.5B,0.1,1,0
philosophy/63,0.8630563020706177,0.8316464424133301,True,Qwen/Qwen2.5-1.5B,0.1,1,0
philosophy/64,0.847535252571106,0.7043193578720093,False,Qwen/Qwen2.5-1.5B,0.1,1,0
philosophy/65,0.5098391771316528,0.3482199013233185,False,Qwen/Qwen2.5-1.5B,0.1,1,0
philosophy/66,0.3972216546535492,0.4271481931209564,False,Qwen/Qwen2.5-1.5B,0.1,1,0
philosophy/67,0.5508250594139099,0.5814312100410461,True,Qwen/Qwen2.5-1.5B,0.1,1,0
philosophy/68,0.9722790718078613,0.8656722903251648,False,Qwen/Qwen2.5-1.5B,0.1,1,0
philosophy/69,0.9599219560623169,0.7261723279953003,False,Qwen/Qwen2.5-1.5B,0.1,1,0
philosophy/70,0.8468501567840576,0.8955283761024475,False,Qwen/Qwen2.5-1.5B,0.1,1,0
philosophy/71,0.9639295935630798,0.9505965709686279,False,Qwen/Qwen2.5-1.5B,0.1,1,0
philosophy/72,0.4605471193790436,0.41240182518959045,False,Qwen/Qwen2.5-1.5B,0.1,1,0
philosophy/73,0.06980261951684952,0.1485596001148224,True,Qwen/Qwen2.5-1.5B,0.1,1,0
philosophy/74,0.8752562999725342,0.771115243434906,True,Qwen/Qwen2.5-1.5B,0.1,1,0
philosophy/75,0.6745318174362183,0.4616062045097351,False,Qwen/Qwen2.5-1.5B,0.1,1,0
philosophy/76,0.6197797060012817,0.458304762840271,False,Qwen/Qwen2.5-1.5B,0.1,1,0
philosophy/77,0.12109892815351486,0.1183575689792633,False,Qwen/Qwen2.5-1.5B,0.1,1,0
philosophy/78,0.05975503474473953,0.08752255141735077,False,Qwen/Qwen2.5-1.5B,0.1,1,0
philosophy/79,0.9984933137893677,0.9971115589141846,False,Qwen/Qwen2.5-1.5B,0.1,1,0
philosophy/80,0.6469492316246033,0.4815690815448761,False,Qwen/Qwen2.5-1.5B,0.1,1,0
philosophy/81,0.40715348720550537,0.35870128870010376,False,Qwen/Qwen2.5-1.5B,0.1,1,0
philosophy/82,0.09858809411525726,0.11489033699035645,False,Qwen/Qwen2.5-1.5B,0.1,1,0
philosophy/83,0.0414498969912529,0.019568488001823425,False,Qwen/Qwen2.5-1.5B,0.1,1,0
philosophy/84,0.4291703999042511,0.22771099209785461,False,Qwen/Qwen2.5-1.5B,0.1,1,0
philosophy/85,0.3159480690956116,0.4609073996543884,False,Qwen/Qwen2.5-1.5B,0.1,1,0
philosophy/86,0.9697158932685852,0.9578697085380554,False,Qwen/Qwen2.5-1.5B,0.1,1,0
philosophy/87,0.09745249152183533,0.15753915905952454,False,Qwen/Qwen2.5-1.5B,0.1,1,0
philosophy/88,0.7011949419975281,0.5893752574920654,False,Qwen/Qwen2.5-1.5B,0.1,1,0
philosophy/89,0.957696259021759,0.9728050827980042,False,Qwen/Qwen2.5-1.5B,0.1,1,0
philosophy/90,0.6670714020729065,0.8011009693145752,False,Qwen/Qwen2.5-1.5B,0.1,1,0
philosophy/91,0.8214829564094543,0.7907708883285522,False,Qwen/Qwen2.5-1.5B,0.1,1,0
philosophy/92,0.757773756980896,0.8424410820007324,False,Qwen/Qwen2.5-1.5B,0.1,1,0
philosophy/93,0.9174327850341797,0.8694922924041748,False,Qwen/Qwen2.5-1.5B,0.1,1,0
philosophy/94,0.03752416372299194,0.016357727348804474,False,Qwen/Qwen2.5-1.5B,0.1,1,0
philosophy/95,0.9949992895126343,0.9642708897590637,False,Qwen/Qwen2.5-1.5B,0.1,1,0
philosophy/96,0.02986912988126278,0.024959275498986244,False,Qwen/Qwen2.5-1.5B,0.1,1,0
philosophy/97,0.8933623433113098,0.7920492887496948,False,Qwen/Qwen2.5-1.5B,0.1,1,0
philosophy/98,0.35032081604003906,0.33876901865005493,False,Qwen/Qwen2.5-1.5B,0.1,1,0
philosophy/99,0.20105516910552979,0.22848938405513763,False,Qwen/Qwen2.5-1.5B,0.1,1,0
philosophy/100,0.7013770937919617,0.7513827681541443,True,Qwen/Qwen2.5-1.5B,0.1,1,0
philosophy/101,0.5322458148002625,0.6489712595939636,False,Qwen/Qwen2.5-1.5B,0.1,1,0
philosophy/102,0.10185512900352478,0.13878799974918365,False,Qwen/Qwen2.5-1.5B,0.1,1,0
philosophy/103,0.9772419929504395,0.9390168190002441,False,Qwen/Qwen2.5-1.5B,0.1,1,0
philosophy/104,0.847827136516571,0.833368182182312,False,Qwen/Qwen2.5-1.5B,0.1,1,0
philosophy/105,0.018266355618834496,0.05565458908677101,False,Qwen/Qwen2.5-1.5B,0.1,1,0
philosophy/106,0.11819352954626083,0.14298170804977417,False,Qwen/Qwen2.5-1.5B,0.1,1,0
philosophy/107,0.03250051289796829,0.087824247777462,False,Qwen/Qwen2.5-1.5B,0.1,1,0
philosophy/108,0.9702720046043396,0.970704197883606,False,Qwen/Qwen2.5-1.5B,0.1,1,0
philosophy/109,0.6189132928848267,0.688174307346344,False,Qwen/Qwen2.5-1.5B,0.1,1,0
philosophy/110,0.7841060757637024,0.7372011542320251,True,Qwen/Qwen2.5-1.5B,0.1,1,0
philosophy/111,0.8437470197677612,0.9045196175575256,False,Qwen/Qwen2.5-1.5B,0.1,1,0
philosophy/112,0.41815364360809326,0.35498061776161194,False,Qwen/Qwen2.5-1.5B,0.1,1,0
philosophy/113,0.08081595599651337,0.15745246410369873,False,Qwen/Qwen2.5-1.5B,0.1,1,0
philosophy/114,0.9862675666809082,0.9769445061683655,False,Qwen/Qwen2.5-1.5B,0.1,1,0
philosophy/115,0.10051780939102173,0.07687036693096161,False,Qwen/Qwen2.5-1.5B,0.1,1,0
philosophy/116,0.32285645604133606,0.24691446125507355,True,Qwen/Qwen2.5-1.5B,0.1,1,0
philosophy/117,0.996322512626648,0.9931788444519043,False,Qwen/Qwen2.5-1.5B,0.1,1,0
philosophy/118,0.7284815907478333,0.6333135366439819,False,Qwen/Qwen2.5-1.5B,0.1,1,0
philosophy/119,0.02834409847855568,0.024142757058143616,False,Qwen/Qwen2.5-1.5B,0.1,1,0
philosophy/120,0.9834700226783752,0.9423791766166687,False,Qwen/Qwen2.5-1.5B,0.1,1,0
philosophy/121,0.49892204999923706,0.5940686464309692,False,Qwen/Qwen2.5-1.5B,0.1,1,0
philosophy/122,0.46836110949516296,0.5831657648086548,False,Qwen/Qwen2.5-1.5B,0.1,1,0
philosophy/123,0.7088229060173035,0.728181779384613,False,Qwen/Qwen2.5-1.5B,0.1,1,0
philosophy/124,0.478991836309433,0.5416944622993469,False,Qwen/Qwen2.5-1.5B,0.1,1,0
philosophy/125,0.925624668598175,0.8990768194198608,False,Qwen/Qwen2.5-1.5B,0.1,1,0
philosophy/126,0.9551547169685364,0.945496678352356,False,Qwen/Qwen2.5-1.5B,0.1,1,0
philosophy/127,0.4995819926261902,0.6000505089759827,False,Qwen/Qwen2.5-1.5B,0.1,1,0
philosophy/128,0.6738582253456116,0.694894552230835,False,Qwen/Qwen2.5-1.5B,0.1,1,0
philosophy/129,0.9675449728965759,0.9096344709396362,False,Qwen/Qwen2.5-1.5B,0.1,1,0
philosophy/130,0.9403478503227234,0.8508344888687134,False,Qwen/Qwen2.5-1.5B,0.1,1,0
philosophy/131,0.6486266255378723,0.8133338093757629,False,Qwen/Qwen2.5-1.5B,0.1,1,0
philosophy/132,0.038630254566669464,0.08168929070234299,False,Qwen/Qwen2.5-1.5B,0.1,1,0
philosophy/133,0.36535871028900146,0.3481910526752472,False,Qwen/Qwen2.5-1.5B,0.1,1,0
philosophy/134,0.16580890119075775,0.16019868850708008,False,Qwen/Qwen2.5-1.5B,0.1,1,0
philosophy/135,0.9673550724983215,0.9584065675735474,False,Qwen/Qwen2.5-1.5B,0.1,1,0
philosophy/136,0.9570960402488708,0.9567696452140808,False,Qwen/Qwen2.5-1.5B,0.1,1,0
philosophy/137,0.9891806244850159,0.9682189226150513,False,Qwen/Qwen2.5-1.5B,0.1,1,0
philosophy/138,0.10559943318367004,0.13860337436199188,False,Qwen/Qwen2.5-1.5B,0.1,1,0
philosophy/139,0.9932231903076172,0.992474377155304,False,Qwen/Qwen2.5-1.5B,0.1,1,0
philosophy/140,0.8209519982337952,0.8793461322784424,False,Qwen/Qwen2.5-1.5B,0.1,1,0
philosophy/141,0.5315542221069336,0.6684727668762207,False,Qwen/Qwen2.5-1.5B,0.1,1,0
philosophy/142,0.9847921133041382,0.9603701829910278,False,Qwen/Qwen2.5-1.5B,0.1,1,0
philosophy/143,0.4225507378578186,0.5699743032455444,False,Qwen/Qwen2.5-1.5B,0.1,1,0
philosophy/144,0.48198723793029785,0.3464384078979492,True,Qwen/Qwen2.5-1.5B,0.1,1,0
philosophy/145,0.8922357559204102,0.7326792478561401,False,Qwen/Qwen2.5-1.5B,0.1,1,0
philosophy/146,0.9538979530334473,0.7922149300575256,False,Qwen/Qwen2.5-1.5B,0.1,1,0
philosophy/147,0.7297027707099915,0.876125693321228,False,Qwen/Qwen2.5-1.5B,0.1,1,0
philosophy/148,0.9734536409378052,0.9531498551368713,False,Qwen/Qwen2.5-1.5B,0.1,1,0
philosophy/149,0.17744481563568115,0.23246322572231293,False,Qwen/Qwen2.5-1.5B,0.1,1,0
philosophy/150,0.9934145212173462,0.9787474870681763,False,Qwen/Qwen2.5-1.5B,0.1,1,0
philosophy/151,0.6259217858314514,0.5181584358215332,False,Qwen/Qwen2.5-1.5B,0.1,1,0
philosophy/152,0.9605764150619507,0.9452147483825684,False,Qwen/Qwen2.5-1.5B,0.1,1,0
philosophy/153,0.9966574907302856,0.9900268316268921,False,Qwen/Qwen2.5-1.5B,0.1,1,0
philosophy/154,0.09252793341875076,0.04123589023947716,False,Qwen/Qwen2.5-1.5B,0.1,1,0
philosophy/155,0.4708821773529053,0.420444130897522,False,Qwen/Qwen2.5-1.5B,0.1,1,0
philosophy/156,0.6952643394470215,0.5251395106315613,False,Qwen/Qwen2.5-1.5B,0.1,1,0
philosophy/157,0.9977499842643738,0.9922167062759399,False,Qwen/Qwen2.5-1.5B,0.1,1,0
philosophy/158,0.4718415141105652,0.577774703502655,False,Qwen/Qwen2.5-1.5B,0.1,1,0
philosophy/159,0.23599039018154144,0.19741931557655334,False,Qwen/Qwen2.5-1.5B,0.1,1,0
philosophy/160,0.2889106869697571,0.19407473504543304,False,Qwen/Qwen2.5-1.5B,0.1,1,0
philosophy/161,0.5729962587356567,0.7913838028907776,False,Qwen/Qwen2.5-1.5B,0.1,1,0
philosophy/162,0.5600296258926392,0.500423789024353,False,Qwen/Qwen2.5-1.5B,0.1,1,0
philosophy/163,0.9254565834999084,0.8795706033706665,False,Qwen/Qwen2.5-1.5B,0.1,1,0
philosophy/164,0.6173776984214783,0.6272980570793152,False,Qwen/Qwen2.5-1.5B,0.1,1,0
philosophy/165,0.9626010656356812,0.9084030389785767,False,Qwen/Qwen2.5-1.5B,0.1,1,0
philosophy/166,0.979267954826355,0.9474531412124634,False,Qwen/Qwen2.5-1.5B,0.1,1,0
philosophy/167,0.286260724067688,0.2478327453136444,False,Qwen/Qwen2.5-1.5B,0.1,1,0
philosophy/168,0.25825566053390503,0.2662719190120697,False,Qwen/Qwen2.5-1.5B,0.1,1,0
philosophy/169,0.9796336889266968,0.9179600477218628,False,Qwen/Qwen2.5-1.5B,0.1,1,0
philosophy/170,0.38898664712905884,0.29976385831832886,False,Qwen/Qwen2.5-1.5B,0.1,1,0
philosophy/171,0.5606663227081299,0.6358978152275085,False,Qwen/Qwen2.5-1.5B,0.1,1,0
philosophy/172,0.21615390479564667,0.11546312272548676,False,Qwen/Qwen2.5-1.5B,0.1,1,0
philosophy/173,0.031662359833717346,0.0699767917394638,False,Qwen/Qwen2.5-1.5B,0.1,1,0
philosophy/174,0.47606995701789856,0.4572561979293823,False,Qwen/Qwen2.5-1.5B,0.1,1,0
philosophy/175,0.6826093196868896,0.6363583207130432,True,Qwen/Qwen2.5-1.5B,0.1,1,0
philosophy/176,0.18608945608139038,0.1701703518629074,False,Qwen/Qwen2.5-1.5B,0.1,1,0
philosophy/177,0.8873721957206726,0.8353255987167358,False,Qwen/Qwen2.5-1.5B,0.1,1,0
philosophy/178,0.21850629150867462,0.3808482587337494,False,Qwen/Qwen2.5-1.5B,0.1,1,0
philosophy/179,0.8640549778938293,0.848996102809906,False,Qwen/Qwen2.5-1.5B,0.1,1,0
philosophy/180,0.7763975262641907,0.7793264389038086,True,Qwen/Qwen2.5-1.5B,0.1,1,0
philosophy/181,0.6411445736885071,0.5274924039840698,True,Qwen/Qwen2.5-1.5B,0.1,1,0
philosophy/182,0.9899609088897705,0.9779056906700134,False,Qwen/Qwen2.5-1.5B,0.1,1,0
philosophy/183,0.9858323335647583,0.9405710697174072,False,Qwen/Qwen2.5-1.5B,0.1,1,0
philosophy/184,0.8470342755317688,0.7625168561935425,False,Qwen/Qwen2.5-1.5B,0.1,1,0
philosophy/185,0.7179293632507324,0.6175594925880432,False,Qwen/Qwen2.5-1.5B,0.1,1,0
philosophy/186,0.41250696778297424,0.5552488565444946,False,Qwen/Qwen2.5-1.5B,0.1,1,0
philosophy/187,0.5159404277801514,0.3311777114868164,False,Qwen/Qwen2.5-1.5B,0.1,1,0
philosophy/188,0.3382470905780792,0.46115583181381226,False,Qwen/Qwen2.5-1.5B,0.1,1,0
philosophy/189,0.9673256278038025,0.9526515007019043,False,Qwen/Qwen2.5-1.5B,0.1,1,0
philosophy/190,0.8918436169624329,0.7894951105117798,False,Qwen/Qwen2.5-1.5B,0.1,1,0
philosophy/191,0.546040415763855,0.6975939869880676,False,Qwen/Qwen2.5-1.5B,0.1,1,0
philosophy/192,0.9365043044090271,0.9088759422302246,False,Qwen/Qwen2.5-1.5B,0.1,1,0
philosophy/193,0.5269519686698914,0.5020549297332764,False,Qwen/Qwen2.5-1.5B,0.1,1,0
philosophy/194,0.7796196937561035,0.7179898619651794,False,Qwen/Qwen2.5-1.5B,0.1,1,0
philosophy/195,0.7473275065422058,0.41629528999328613,False,Qwen/Qwen2.5-1.5B,0.1,1,0
philosophy/196,0.5911514163017273,0.5047673583030701,False,Qwen/Qwen2.5-1.5B,0.1,1,0
philosophy/197,0.13882216811180115,0.040021978318691254,False,Qwen/Qwen2.5-1.5B,0.1,1,0
philosophy/198,0.03763094171881676,0.034369099885225296,False,Qwen/Qwen2.5-1.5B,0.1,1,0
philosophy/199,0.95662921667099,0.9166561961174011,False,Qwen/Qwen2.5-1.5B,0.1,1,0
philosophy/200,0.4291248023509979,0.34429875016212463,False,Qwen/Qwen2.5-1.5B,0.1,1,0
philosophy/201,0.2635490894317627,0.46730828285217285,False,Qwen/Qwen2.5-1.5B,0.1,1,0
philosophy/202,0.459584504365921,0.6121386885643005,False,Qwen/Qwen2.5-1.5B,0.1,1,0
philosophy/203,0.047515738755464554,0.07211281359195709,False,Qwen/Qwen2.5-1.5B,0.1,1,0
philosophy/204,0.6188584566116333,0.5320873260498047,False,Qwen/Qwen2.5-1.5B,0.1,1,0
philosophy/205,0.8670893311500549,0.876793622970581,False,Qwen/Qwen2.5-1.5B,0.1,1,0
philosophy/206,0.6469308733940125,0.47185277938842773,True,Qwen/Qwen2.5-1.5B,0.1,1,0
philosophy/207,0.9216167330741882,0.8761876225471497,False,Qwen/Qwen2.5-1.5B,0.1,1,0
philosophy/208,0.04188264161348343,0.1406840682029724,False,Qwen/Qwen2.5-1.5B,0.1,1,0
philosophy/209,0.5499177575111389,0.33983537554740906,False,Qwen/Qwen2.5-1.5B,0.1,1,0
philosophy/210,0.058536749333143234,0.03408368304371834,False,Qwen/Qwen2.5-1.5B,0.1,1,0
philosophy/211,0.8502516150474548,0.8659089207649231,False,Qwen/Qwen2.5-1.5B,0.1,1,0
philosophy/212,0.0177761297672987,0.048729609698057175,False,Qwen/Qwen2.5-1.5B,0.1,1,0
philosophy/213,0.10899212211370468,0.1979239583015442,True,Qwen/Qwen2.5-1.5B,0.1,1,0
philosophy/214,0.6248769164085388,0.7015265226364136,False,Qwen/Qwen2.5-1.5B,0.1,1,0
philosophy/215,0.5078731179237366,0.7182509303092957,False,Qwen/Qwen2.5-1.5B,0.1,1,0
philosophy/216,0.4535463750362396,0.2666454315185547,False,Qwen/Qwen2.5-1.5B,0.1,1,0
philosophy/217,0.9894124865531921,0.9904700517654419,False,Qwen/Qwen2.5-1.5B,0.1,1,0
philosophy/218,0.7779374718666077,0.7948293089866638,False,Qwen/Qwen2.5-1.5B,0.1,1,0
philosophy/219,0.7492698431015015,0.6917175650596619,False,Qwen/Qwen2.5-1.5B,0.1,1,0
philosophy/220,0.21258480846881866,0.1281982660293579,False,Qwen/Qwen2.5-1.5B,0.1,1,0
philosophy/221,0.2716526687145233,0.39771029353141785,False,Qwen/Qwen2.5-1.5B,0.1,1,0
philosophy/222,0.9707226157188416,0.9368351101875305,False,Qwen/Qwen2.5-1.5B,0.1,1,0
philosophy/223,0.2034560739994049,0.18332403898239136,False,Qwen/Qwen2.5-1.5B,0.1,1,0
philosophy/224,0.9950095415115356,0.9886499643325806,False,Qwen/Qwen2.5-1.5B,0.1,1,0
philosophy/225,0.9652190804481506,0.9578813910484314,True,Qwen/Qwen2.5-1.5B,0.1,1,0
philosophy/226,0.12993024289608002,0.12679924070835114,False,Qwen/Qwen2.5-1.5B,0.1,1,0
philosophy/227,0.9438633322715759,0.7991639375686646,False,Qwen/Qwen2.5-1.5B,0.1,1,0
philosophy/228,0.9774104952812195,0.9568700790405273,False,Qwen/Qwen2.5-1.5B,0.1,1,0
philosophy/229,0.9126513004302979,0.8119767308235168,False,Qwen/Qwen2.5-1.5B,0.1,1,0
philosophy/230,0.826831042766571,0.6446059346199036,False,Qwen/Qwen2.5-1.5B,0.1,1,0
philosophy/231,0.47403186559677124,0.3483835756778717,False,Qwen/Qwen2.5-1.5B,0.1,1,0
philosophy/232,0.5863432884216309,0.7158953547477722,False,Qwen/Qwen2.5-1.5B,0.1,1,0
philosophy/233,0.09520214051008224,0.12083807587623596,False,Qwen/Qwen2.5-1.5B,0.1,1,0
philosophy/234,0.9759097695350647,0.9815562963485718,False,Qwen/Qwen2.5-1.5B,0.1,1,0
philosophy/235,0.9858031272888184,0.965057373046875,True,Qwen/Qwen2.5-1.5B,0.1,1,0
philosophy/236,0.22749921679496765,0.39096593856811523,False,Qwen/Qwen2.5-1.5B,0.1,1,0
philosophy/237,0.04283924400806427,0.0556182786822319,True,Qwen/Qwen2.5-1.5B,0.1,1,0
philosophy/238,0.19773301482200623,0.09217637777328491,False,Qwen/Qwen2.5-1.5B,0.1,1,0
philosophy/239,0.9186634421348572,0.7753804922103882,True,Qwen/Qwen2.5-1.5B,0.1,1,0
philosophy/240,0.27328088879585266,0.07815952599048615,False,Qwen/Qwen2.5-1.5B,0.1,1,0
philosophy/241,0.02182125300168991,0.04658067971467972,True,Qwen/Qwen2.5-1.5B,0.1,1,0
philosophy/242,0.04516829177737236,0.031206229701638222,False,Qwen/Qwen2.5-1.5B,0.1,1,0
philosophy/243,0.30474960803985596,0.20797762274742126,False,Qwen/Qwen2.5-1.5B,0.1,1,0
philosophy/244,0.03007608838379383,0.01804633066058159,False,Qwen/Qwen2.5-1.5B,0.1,1,0
philosophy/245,0.8937646746635437,0.9603588581085205,False,Qwen/Qwen2.5-1.5B,0.1,1,0
philosophy/246,0.9165497422218323,0.9487590789794922,False,Qwen/Qwen2.5-1.5B,0.1,1,0
philosophy/247,0.9962489008903503,0.9830101728439331,False,Qwen/Qwen2.5-1.5B,0.1,1,0
philosophy/248,0.7202184796333313,0.7197098731994629,False,Qwen/Qwen2.5-1.5B,0.1,1,0
philosophy/249,0.20455095171928406,0.21929115056991577,True,Qwen/Qwen2.5-1.5B,0.1,1,0
philosophy/250,0.974890947341919,0.9539092183113098,True,Qwen/Qwen2.5-1.5B,0.1,1,0
philosophy/251,0.8282262682914734,0.587585985660553,False,Qwen/Qwen2.5-1.5B,0.1,1,0
philosophy/252,0.8990852236747742,0.9152520298957825,False,Qwen/Qwen2.5-1.5B,0.1,1,0
philosophy/253,0.11214456707239151,0.10232312977313995,False,Qwen/Qwen2.5-1.5B,0.1,1,0
philosophy/254,0.29049453139305115,0.3301700949668884,False,Qwen/Qwen2.5-1.5B,0.1,1,0
philosophy/255,0.7790342569351196,0.8265390992164612,False,Qwen/Qwen2.5-1.5B,0.1,1,0
philosophy/256,0.3597535490989685,0.4538383483886719,False,Qwen/Qwen2.5-1.5B,0.1,1,0
philosophy/257,0.5393472909927368,0.38481685519218445,False,Qwen/Qwen2.5-1.5B,0.1,1,0
philosophy/258,0.26097995042800903,0.23087850213050842,False,Qwen/Qwen2.5-1.5B,0.1,1,0
philosophy/259,0.8611441850662231,0.7927426695823669,False,Qwen/Qwen2.5-1.5B,0.1,1,0
philosophy/260,0.9760990738868713,0.9382176995277405,False,Qwen/Qwen2.5-1.5B,0.1,1,0
philosophy/261,0.2521255910396576,0.2588759660720825,False,Qwen/Qwen2.5-1.5B,0.1,1,0
philosophy/262,0.648283064365387,0.439579576253891,False,Qwen/Qwen2.5-1.5B,0.1,1,0
philosophy/263,0.5013640522956848,0.4882495701313019,False,Qwen/Qwen2.5-1.5B,0.1,1,0
philosophy/264,0.42799681425094604,0.3436090648174286,False,Qwen/Qwen2.5-1.5B,0.1,1,0
philosophy/265,0.3993728458881378,0.19945016503334045,False,Qwen/Qwen2.5-1.5B,0.1,1,0
philosophy/266,0.030226461589336395,0.04481201991438866,False,Qwen/Qwen2.5-1.5B,0.1,1,0
philosophy/267,0.7566407918930054,0.7046262621879578,False,Qwen/Qwen2.5-1.5B,0.1,1,0
philosophy/268,0.8101857304573059,0.93283611536026,False,Qwen/Qwen2.5-1.5B,0.1,1,0
philosophy/269,0.1007058322429657,0.10070178657770157,False,Qwen/Qwen2.5-1.5B,0.1,1,0
philosophy/270,0.5556647181510925,0.8161402940750122,True,Qwen/Qwen2.5-1.5B,0.1,1,0
philosophy/271,0.11971273273229599,0.0970333069562912,False,Qwen/Qwen2.5-1.5B,0.1,1,0
philosophy/272,0.7178879380226135,0.7552908062934875,True,Qwen/Qwen2.5-1.5B,0.1,1,0
philosophy/273,0.6474142074584961,0.5483370423316956,False,Qwen/Qwen2.5-1.5B,0.1,1,0
philosophy/274,0.8785765171051025,0.8074278235435486,False,Qwen/Qwen2.5-1.5B,0.1,1,0
philosophy/275,0.9298642873764038,0.8935400247573853,False,Qwen/Qwen2.5-1.5B,0.1,1,0
philosophy/276,0.8309317231178284,0.8125782012939453,False,Qwen/Qwen2.5-1.5B,0.1,1,0
philosophy/277,0.9994369149208069,0.9942593574523926,False,Qwen/Qwen2.5-1.5B,0.1,1,0
philosophy/278,0.2580254375934601,0.18639755249023438,False,Qwen/Qwen2.5-1.5B,0.1,1,0
philosophy/279,0.9971875548362732,0.9951867461204529,False,Qwen/Qwen2.5-1.5B,0.1,1,0
philosophy/280,0.3740983307361603,0.2807353436946869,False,Qwen/Qwen2.5-1.5B,0.1,1,0
philosophy/281,0.24041438102722168,0.22679880261421204,False,Qwen/Qwen2.5-1.5B,0.1,1,0
philosophy/282,0.9979547262191772,0.9928065538406372,False,Qwen/Qwen2.5-1.5B,0.1,1,0
philosophy/283,0.6762155294418335,0.30202680826187134,False,Qwen/Qwen2.5-1.5B,0.1,1,0
philosophy/284,0.9085744619369507,0.9568873047828674,False,Qwen/Qwen2.5-1.5B,0.1,1,0
philosophy/285,0.5469048023223877,0.5342037081718445,False,Qwen/Qwen2.5-1.5B,0.1,1,0
philosophy/286,0.13474516570568085,0.08829039335250854,False,Qwen/Qwen2.5-1.5B,0.1,1,0
philosophy/287,0.3333929777145386,0.4545992910861969,False,Qwen/Qwen2.5-1.5B,0.1,1,0
philosophy/288,0.12805064022541046,0.0828707218170166,False,Qwen/Qwen2.5-1.5B,0.1,1,0
philosophy/289,0.7444056868553162,0.7654126286506653,True,Qwen/Qwen2.5-1.5B,0.1,1,0
philosophy/290,0.9811972975730896,0.9823839664459229,False,Qwen/Qwen2.5-1.5B,0.1,1,0
philosophy/291,0.6247491240501404,0.5137991905212402,False,Qwen/Qwen2.5-1.5B,0.1,1,0
philosophy/292,0.7481441497802734,0.7816287875175476,False,Qwen/Qwen2.5-1.5B,0.1,1,0
philosophy/293,0.4495742619037628,0.5611957311630249,True,Qwen/Qwen2.5-1.5B,0.1,1,0
philosophy/294,0.15855130553245544,0.14098595082759857,False,Qwen/Qwen2.5-1.5B,0.1,1,0
philosophy/295,0.6971591711044312,0.7049820423126221,False,Qwen/Qwen2.5-1.5B,0.1,1,0
philosophy/296,0.8533225655555725,0.8604384660720825,True,Qwen/Qwen2.5-1.5B,0.1,1,0
philosophy/297,0.017664754763245583,0.038394730538129807,False,Qwen/Qwen2.5-1.5B,0.1,1,0
philosophy/298,0.14204341173171997,0.10584850609302521,True,Qwen/Qwen2.5-1.5B,0.1,1,0
philosophy/299,0.4220266044139862,0.20083500444889069,False,Qwen/Qwen2.5-1.5B,0.1,1,0
philosophy/300,0.7578129172325134,0.8413238525390625,False,Qwen/Qwen2.5-1.5B,0.1,1,0
philosophy/301,0.6047656536102295,0.6838608384132385,False,Qwen/Qwen2.5-1.5B,0.1,1,0
philosophy/302,0.9721441864967346,0.9494990110397339,False,Qwen/Qwen2.5-1.5B,0.1,1,0
philosophy/303,0.04890529811382294,0.06338019669055939,False,Qwen/Qwen2.5-1.5B,0.1,1,0
philosophy/304,0.9994643330574036,0.9892501831054688,False,Qwen/Qwen2.5-1.5B,0.1,1,0
philosophy/305,0.41718995571136475,0.07482471317052841,False,Qwen/Qwen2.5-1.5B,0.1,1,0
philosophy/306,0.45809993147850037,0.6908450722694397,False,Qwen/Qwen2.5-1.5B,0.1,1,0
philosophy/307,0.7136252522468567,0.44803425669670105,False,Qwen/Qwen2.5-1.5B,0.1,1,0
philosophy/308,0.3919122815132141,0.40528079867362976,False,Qwen/Qwen2.5-1.5B,0.1,1,0
philosophy/309,0.41761210560798645,0.1399250328540802,False,Qwen/Qwen2.5-1.5B,0.1,1,0
philosophy/310,0.9970182180404663,0.9920126795768738,False,Qwen/Qwen2.5-1.5B,0.1,1,0
marketing/0,0.9652537107467651,0.9429659247398376,False,Qwen/Qwen2.5-1.5B,0.1,1,0
marketing/1,0.8707259893417358,0.9618305563926697,False,Qwen/Qwen2.5-1.5B,0.1,1,0
marketing/2,0.1390908807516098,0.07318762689828873,True,Qwen/Qwen2.5-1.5B,0.1,1,0
marketing/3,0.2702503204345703,0.2517118752002716,False,Qwen/Qwen2.5-1.5B,0.1,1,0
marketing/4,0.8870733380317688,0.9436176419258118,False,Qwen/Qwen2.5-1.5B,0.1,1,0
marketing/5,0.9124481678009033,0.919783353805542,False,Qwen/Qwen2.5-1.5B,0.1,1,0
marketing/6,0.9796177744865417,0.9750083088874817,False,Qwen/Qwen2.5-1.5B,0.1,1,0
marketing/7,0.10063180327415466,0.24196644127368927,False,Qwen/Qwen2.5-1.5B,0.1,1,0
marketing/8,0.9925218224525452,0.9526383876800537,False,Qwen/Qwen2.5-1.5B,0.1,1,0
marketing/9,0.08679792284965515,0.11918780207633972,False,Qwen/Qwen2.5-1.5B,0.1,1,0
marketing/10,0.9879128336906433,0.9820705652236938,False,Qwen/Qwen2.5-1.5B,0.1,1,0
marketing/11,0.3213534951210022,0.2045499086380005,False,Qwen/Qwen2.5-1.5B,0.1,1,0
marketing/12,0.9117793440818787,0.9836595058441162,False,Qwen/Qwen2.5-1.5B,0.1,1,0
marketing/13,0.9768570065498352,0.9719521403312683,False,Qwen/Qwen2.5-1.5B,0.1,1,0
marketing/14,0.7935932874679565,0.9025730490684509,False,Qwen/Qwen2.5-1.5B,0.1,1,0
marketing/15,0.9992867112159729,0.9978779554367065,False,Qwen/Qwen2.5-1.5B,0.1,1,0
marketing/16,0.9469290971755981,0.9000580906867981,False,Qwen/Qwen2.5-1.5B,0.1,1,0
marketing/17,0.9786862134933472,0.9545623660087585,False,Qwen/Qwen2.5-1.5B,0.1,1,0
marketing/18,0.43874719738960266,0.3397519290447235,False,Qwen/Qwen2.5-1.5B,0.1,1,0
marketing/19,0.8046223521232605,0.7254688739776611,False,Qwen/Qwen2.5-1.5B,0.1,1,0
marketing/20,0.996716320514679,0.9956331849098206,False,Qwen/Qwen2.5-1.5B,0.1,1,0
marketing/21,0.9786978363990784,0.9632601737976074,False,Qwen/Qwen2.5-1.5B,0.1,1,0
marketing/22,0.983669102191925,0.9428723454475403,True,Qwen/Qwen2.5-1.5B,0.1,1,0
marketing/23,0.8648523092269897,0.8778534531593323,True,Qwen/Qwen2.5-1.5B,0.1,1,0
marketing/24,0.98579341173172,0.9898253083229065,False,Qwen/Qwen2.5-1.5B,0.1,1,0
marketing/25,0.9842140674591064,0.9807549715042114,False,Qwen/Qwen2.5-1.5B,0.1,1,0
marketing/26,0.4988971948623657,0.5446699857711792,False,Qwen/Qwen2.5-1.5B,0.1,1,0
marketing/27,0.9765421152114868,0.9545543193817139,False,Qwen/Qwen2.5-1.5B,0.1,1,0
marketing/28,0.9846754670143127,0.981177806854248,False,Qwen/Qwen2.5-1.5B,0.1,1,0
marketing/29,0.9769731760025024,0.9794358015060425,True,Qwen/Qwen2.5-1.5B,0.1,1,0
marketing/30,0.9889000654220581,0.9882692098617554,False,Qwen/Qwen2.5-1.5B,0.1,1,0
marketing/31,0.9949952363967896,0.9922459721565247,False,Qwen/Qwen2.5-1.5B,0.1,1,0
marketing/32,0.38716837763786316,0.5556457042694092,False,Qwen/Qwen2.5-1.5B,0.1,1,0
marketing/33,0.9925797581672668,0.9858970046043396,True,Qwen/Qwen2.5-1.5B,0.1,1,0
marketing/34,0.5225192904472351,0.5944791436195374,True,Qwen/Qwen2.5-1.5B,0.1,1,0
marketing/35,0.763514518737793,0.7299481630325317,False,Qwen/Qwen2.5-1.5B,0.1,1,0
marketing/36,0.7725993990898132,0.8436154723167419,False,Qwen/Qwen2.5-1.5B,0.1,1,0
marketing/37,0.9470241069793701,0.9485787153244019,False,Qwen/Qwen2.5-1.5B,0.1,1,0
marketing/38,0.7379012703895569,0.6478502750396729,False,Qwen/Qwen2.5-1.5B,0.1,1,0
marketing/39,0.9634996056556702,0.9792158007621765,False,Qwen/Qwen2.5-1.5B,0.1,1,0
marketing/40,0.9293165802955627,0.9458912014961243,False,Qwen/Qwen2.5-1.5B,0.1,1,0
marketing/41,0.7081369161605835,0.8640207648277283,False,Qwen/Qwen2.5-1.5B,0.1,1,0
marketing/42,0.9451929330825806,0.9631223678588867,False,Qwen/Qwen2.5-1.5B,0.1,1,0
marketing/43,0.8245924711227417,0.880865216255188,False,Qwen/Qwen2.5-1.5B,0.1,1,0
marketing/44,0.761824905872345,0.7490907907485962,False,Qwen/Qwen2.5-1.5B,0.1,1,0
marketing/45,0.9462785720825195,0.9388105273246765,False,Qwen/Qwen2.5-1.5B,0.1,1,0
marketing/46,0.9940999150276184,0.990505039691925,False,Qwen/Qwen2.5-1.5B,0.1,1,0
marketing/47,0.98384028673172,0.9903282523155212,False,Qwen/Qwen2.5-1.5B,0.1,1,0
marketing/48,0.9672890305519104,0.9720818996429443,False,Qwen/Qwen2.5-1.5B,0.1,1,0
marketing/49,0.9778353571891785,0.9835686087608337,False,Qwen/Qwen2.5-1.5B,0.1,1,0
marketing/50,0.9811381101608276,0.9768180847167969,False,Qwen/Qwen2.5-1.5B,0.1,1,0
marketing/51,0.9027746319770813,0.8789400458335876,False,Qwen/Qwen2.5-1.5B,0.1,1,0
marketing/52,0.9324991703033447,0.8873478174209595,False,Qwen/Qwen2.5-1.5B,0.1,1,0
marketing/53,0.9959611296653748,0.9927504062652588,False,Qwen/Qwen2.5-1.5B,0.1,1,0
marketing/54,0.18942891061306,0.04289998486638069,False,Qwen/Qwen2.5-1.5B,0.1,1,0
marketing/55,0.23106350004673004,0.19933901727199554,False,Qwen/Qwen2.5-1.5B,0.1,1,0
marketing/56,0.896996796131134,0.9029061198234558,False,Qwen/Qwen2.5-1.5B,0.1,1,0
marketing/57,0.9969626069068909,0.9919902682304382,False,Qwen/Qwen2.5-1.5B,0.1,1,0
marketing/58,0.9801313281059265,0.9772480130195618,False,Qwen/Qwen2.5-1.5B,0.1,1,0
marketing/59,0.9987590312957764,0.9994518160820007,False,Qwen/Qwen2.5-1.5B,0.1,1,0
marketing/60,0.9809175729751587,0.9449700713157654,True,Qwen/Qwen2.5-1.5B,0.1,1,0
marketing/61,0.9964985847473145,0.9968507885932922,False,Qwen/Qwen2.5-1.5B,0.1,1,0
marketing/62,0.9425122737884521,0.934612512588501,False,Qwen/Qwen2.5-1.5B,0.1,1,0
marketing/63,0.8249052166938782,0.8270664215087891,False,Qwen/Qwen2.5-1.5B,0.1,1,0
marketing/64,0.9026888608932495,0.9288365244865417,False,Qwen/Qwen2.5-1.5B,0.1,1,0
marketing/65,0.39330053329467773,0.23643101751804352,False,Qwen/Qwen2.5-1.5B,0.1,1,0
marketing/66,0.9944038391113281,0.9950587749481201,False,Qwen/Qwen2.5-1.5B,0.1,1,0
marketing/67,0.6319732069969177,0.7256643176078796,False,Qwen/Qwen2.5-1.5B,0.1,1,0
marketing/68,0.44420966506004333,0.4555842876434326,False,Qwen/Qwen2.5-1.5B,0.1,1,0
marketing/69,0.9729044437408447,0.9844225645065308,False,Qwen/Qwen2.5-1.5B,0.1,1,0
marketing/70,0.9968053102493286,0.9957270622253418,False,Qwen/Qwen2.5-1.5B,0.1,1,0
marketing/71,0.8652441501617432,0.9584485292434692,False,Qwen/Qwen2.5-1.5B,0.1,1,0
marketing/72,0.49564826488494873,0.29666975140571594,False,Qwen/Qwen2.5-1.5B,0.1,1,0
marketing/73,0.37510988116264343,0.4363243579864502,False,Qwen/Qwen2.5-1.5B,0.1,1,0
marketing/74,0.820467472076416,0.9392067790031433,False,Qwen/Qwen2.5-1.5B,0.1,1,0
marketing/75,0.9974381923675537,0.9962859153747559,False,Qwen/Qwen2.5-1.5B,0.1,1,0
marketing/76,0.996903121471405,0.9933781027793884,False,Qwen/Qwen2.5-1.5B,0.1,1,0
marketing/77,0.6123472452163696,0.662540078163147,True,Qwen/Qwen2.5-1.5B,0.1,1,0
marketing/78,0.9815036058425903,0.9744068384170532,False,Qwen/Qwen2.5-1.5B,0.1,1,0
marketing/79,0.5309422612190247,0.45260846614837646,False,Qwen/Qwen2.5-1.5B,0.1,1,0
marketing/80,0.7020290493965149,0.6749722361564636,False,Qwen/Qwen2.5-1.5B,0.1,1,0
marketing/81,0.995743453502655,0.9926581978797913,False,Qwen/Qwen2.5-1.5B,0.1,1,0
marketing/82,0.35170456767082214,0.4504808187484741,True,Qwen/Qwen2.5-1.5B,0.1,1,0
marketing/83,0.9805777072906494,0.9850425124168396,True,Qwen/Qwen2.5-1.5B,0.1,1,0
marketing/84,0.9806680679321289,0.9842928051948547,False,Qwen/Qwen2.5-1.5B,0.1,1,0
marketing/85,0.9864633083343506,0.991131603717804,False,Qwen/Qwen2.5-1.5B,0.1,1,0
marketing/86,0.9783305525779724,0.9317426681518555,False,Qwen/Qwen2.5-1.5B,0.1,1,0
marketing/87,0.5967676043510437,0.5546107888221741,False,Qwen/Qwen2.5-1.5B,0.1,1,0
marketing/88,0.929574728012085,0.9142652750015259,False,Qwen/Qwen2.5-1.5B,0.1,1,0
marketing/89,0.9786226749420166,0.7422888278961182,False,Qwen/Qwen2.5-1.5B,0.1,1,0
marketing/90,0.262070894241333,0.262796014547348,False,Qwen/Qwen2.5-1.5B,0.1,1,0
marketing/91,0.22157913446426392,0.4346836805343628,False,Qwen/Qwen2.5-1.5B,0.1,1,0
marketing/92,0.39209794998168945,0.5943809151649475,False,Qwen/Qwen2.5-1.5B,0.1,1,0
marketing/93,0.9756160378456116,0.9779282808303833,False,Qwen/Qwen2.5-1.5B,0.1,1,0
marketing/94,0.9976640939712524,0.9948527216911316,False,Qwen/Qwen2.5-1.5B,0.1,1,0
marketing/95,0.9981820583343506,0.9755153656005859,False,Qwen/Qwen2.5-1.5B,0.1,1,0
marketing/96,0.23569437861442566,0.26287877559661865,False,Qwen/Qwen2.5-1.5B,0.1,1,0
marketing/97,0.31299230456352234,0.3826252222061157,False,Qwen/Qwen2.5-1.5B,0.1,1,0
marketing/98,0.9858647584915161,0.9786821007728577,False,Qwen/Qwen2.5-1.5B,0.1,1,0
marketing/99,0.14126159250736237,0.2913545072078705,True,Qwen/Qwen2.5-1.5B,0.1,1,0
marketing/100,0.9960994720458984,0.9966418743133545,False,Qwen/Qwen2.5-1.5B,0.1,1,0
marketing/101,0.7620580792427063,0.8913235664367676,False,Qwen/Qwen2.5-1.5B,0.1,1,0
marketing/102,0.971350908279419,0.9721385836601257,False,Qwen/Qwen2.5-1.5B,0.1,1,0
marketing/103,0.3348846435546875,0.42483142018318176,False,Qwen/Qwen2.5-1.5B,0.1,1,0
marketing/104,0.29889294505119324,0.23779937624931335,False,Qwen/Qwen2.5-1.5B,0.1,1,0
marketing/105,0.4120505750179291,0.4575681686401367,False,Qwen/Qwen2.5-1.5B,0.1,1,0
marketing/106,0.9952493906021118,0.9882910847663879,True,Qwen/Qwen2.5-1.5B,0.1,1,0
marketing/107,0.9490126967430115,0.9328762292861938,False,Qwen/Qwen2.5-1.5B,0.1,1,0
marketing/108,0.9977082014083862,0.9961634874343872,False,Qwen/Qwen2.5-1.5B,0.1,1,0
marketing/109,0.24324773252010345,0.1636398732662201,False,Qwen/Qwen2.5-1.5B,0.1,1,0
marketing/110,0.9591659307479858,0.9596319198608398,False,Qwen/Qwen2.5-1.5B,0.1,1,0
marketing/111,0.8136963248252869,0.9039477705955505,False,Qwen/Qwen2.5-1.5B,0.1,1,0
marketing/112,0.9866381883621216,0.9754854440689087,False,Qwen/Qwen2.5-1.5B,0.1,1,0
marketing/113,0.9789044260978699,0.9831033945083618,False,Qwen/Qwen2.5-1.5B,0.1,1,0
marketing/114,0.9569429755210876,0.9076222777366638,False,Qwen/Qwen2.5-1.5B,0.1,1,0
marketing/115,0.11667178571224213,0.08329746127128601,False,Qwen/Qwen2.5-1.5B,0.1,1,0
marketing/116,0.9897387623786926,0.9872194528579712,False,Qwen/Qwen2.5-1.5B,0.1,1,0
marketing/117,0.8106404542922974,0.9397587776184082,False,Qwen/Qwen2.5-1.5B,0.1,1,0
marketing/118,0.27832791209220886,0.36717310547828674,False,Qwen/Qwen2.5-1.5B,0.1,1,0
marketing/119,0.9979585409164429,0.9952918291091919,False,Qwen/Qwen2.5-1.5B,0.1,1,0
marketing/120,0.9771652221679688,0.9575389623641968,False,Qwen/Qwen2.5-1.5B,0.1,1,0
marketing/121,0.9589464068412781,0.9589094519615173,False,Qwen/Qwen2.5-1.5B,0.1,1,0
marketing/122,0.8088167905807495,0.7487709522247314,False,Qwen/Qwen2.5-1.5B,0.1,1,0
marketing/123,0.15986067056655884,0.14824050664901733,False,Qwen/Qwen2.5-1.5B,0.1,1,0
marketing/124,0.9292619228363037,0.834139347076416,False,Qwen/Qwen2.5-1.5B,0.1,1,0
marketing/125,0.995112955570221,0.9858195781707764,False,Qwen/Qwen2.5-1.5B,0.1,1,0
marketing/126,0.931069552898407,0.9279621243476868,False,Qwen/Qwen2.5-1.5B,0.1,1,0
marketing/127,0.9634975790977478,0.9667534828186035,True,Qwen/Qwen2.5-1.5B,0.1,1,0
marketing/128,0.3266581594944,0.4119373559951782,False,Qwen/Qwen2.5-1.5B,0.1,1,0
marketing/129,0.014239506796002388,0.07111448794603348,False,Qwen/Qwen2.5-1.5B,0.1,1,0
marketing/130,0.9908487796783447,0.9893938899040222,False,Qwen/Qwen2.5-1.5B,0.1,1,0
marketing/131,0.9944379329681396,0.986265242099762,False,Qwen/Qwen2.5-1.5B,0.1,1,0
marketing/132,0.9934182167053223,0.9741325378417969,False,Qwen/Qwen2.5-1.5B,0.1,1,0
marketing/133,0.9162834286689758,0.8740580081939697,False,Qwen/Qwen2.5-1.5B,0.1,1,0
marketing/134,0.9958513975143433,0.975742757320404,False,Qwen/Qwen2.5-1.5B,0.1,1,0
marketing/135,0.9861834049224854,0.9677501320838928,True,Qwen/Qwen2.5-1.5B,0.1,1,0
marketing/136,0.8888723254203796,0.8137428164482117,False,Qwen/Qwen2.5-1.5B,0.1,1,0
marketing/137,0.4016244411468506,0.4131722152233124,True,Qwen/Qwen2.5-1.5B,0.1,1,0
marketing/138,0.2411205768585205,0.2488994300365448,False,Qwen/Qwen2.5-1.5B,0.1,1,0
marketing/139,0.7698906660079956,0.7983060479164124,False,Qwen/Qwen2.5-1.5B,0.1,1,0
marketing/140,0.9899024963378906,0.9885464906692505,False,Qwen/Qwen2.5-1.5B,0.1,1,0
marketing/141,0.9879516959190369,0.9693251848220825,False,Qwen/Qwen2.5-1.5B,0.1,1,0
marketing/142,0.9909893870353699,0.992969810962677,False,Qwen/Qwen2.5-1.5B,0.1,1,0
marketing/143,0.8872511982917786,0.8996050357818604,False,Qwen/Qwen2.5-1.5B,0.1,1,0
marketing/144,0.29213643074035645,0.6503738760948181,False,Qwen/Qwen2.5-1.5B,0.1,1,0
marketing/145,0.061295900493860245,0.130229189991951,False,Qwen/Qwen2.5-1.5B,0.1,1,0
marketing/146,0.9887574315071106,0.9786434769630432,False,Qwen/Qwen2.5-1.5B,0.1,1,0
marketing/147,0.9862558245658875,0.982568085193634,False,Qwen/Qwen2.5-1.5B,0.1,1,0
marketing/148,0.9978929162025452,0.9900690913200378,False,Qwen/Qwen2.5-1.5B,0.1,1,0
marketing/149,0.9742841720581055,0.9702238440513611,False,Qwen/Qwen2.5-1.5B,0.1,1,0
marketing/150,0.9417769908905029,0.9934089183807373,False,Qwen/Qwen2.5-1.5B,0.1,1,0
marketing/151,0.34281978011131287,0.565805971622467,False,Qwen/Qwen2.5-1.5B,0.1,1,0
marketing/152,0.9970268607139587,0.9975622892379761,False,Qwen/Qwen2.5-1.5B,0.1,1,0
marketing/153,0.4809304475784302,0.6369510889053345,False,Qwen/Qwen2.5-1.5B,0.1,1,0
marketing/154,0.9776853919029236,0.9519322514533997,False,Qwen/Qwen2.5-1.5B,0.1,1,0
marketing/155,0.7519944310188293,0.7838128209114075,False,Qwen/Qwen2.5-1.5B,0.1,1,0
marketing/156,0.9396176934242249,0.9361350536346436,False,Qwen/Qwen2.5-1.5B,0.1,1,0
marketing/157,0.16569079458713531,0.08396456390619278,False,Qwen/Qwen2.5-1.5B,0.1,1,0
marketing/158,0.9923102855682373,0.9894095659255981,False,Qwen/Qwen2.5-1.5B,0.1,1,0
marketing/159,0.6445056200027466,0.7213728427886963,False,Qwen/Qwen2.5-1.5B,0.1,1,0
marketing/160,0.9984455704689026,0.996044933795929,False,Qwen/Qwen2.5-1.5B,0.1,1,0
marketing/161,0.06189072132110596,0.039853330701589584,False,Qwen/Qwen2.5-1.5B,0.1,1,0
marketing/162,0.9875261187553406,0.9913113117218018,False,Qwen/Qwen2.5-1.5B,0.1,1,0
marketing/163,0.9078993797302246,0.9709601402282715,False,Qwen/Qwen2.5-1.5B,0.1,1,0
marketing/164,0.9992474317550659,0.9937671422958374,True,Qwen/Qwen2.5-1.5B,0.1,1,0
marketing/165,0.08641938120126724,0.046844229102134705,False,Qwen/Qwen2.5-1.5B,0.1,1,0
marketing/166,0.9459558725357056,0.9650136828422546,False,Qwen/Qwen2.5-1.5B,0.1,1,0
marketing/167,0.9979475140571594,0.9974642992019653,False,Qwen/Qwen2.5-1.5B,0.1,1,0
marketing/168,0.9444310069084167,0.9220007658004761,False,Qwen/Qwen2.5-1.5B,0.1,1,0
marketing/169,0.9235650897026062,0.9683648943901062,False,Qwen/Qwen2.5-1.5B,0.1,1,0
marketing/170,0.9915937185287476,0.9655694961547852,False,Qwen/Qwen2.5-1.5B,0.1,1,0
marketing/171,0.9565088152885437,0.9505751729011536,True,Qwen/Qwen2.5-1.5B,0.1,1,0
marketing/172,0.6573498249053955,0.6684966683387756,False,Qwen/Qwen2.5-1.5B,0.1,1,0
marketing/173,0.6556422710418701,0.8387652039527893,False,Qwen/Qwen2.5-1.5B,0.1,1,0
marketing/174,0.9416760802268982,0.9402947425842285,False,Qwen/Qwen2.5-1.5B,0.1,1,0
marketing/175,0.5678198933601379,0.5436669588088989,False,Qwen/Qwen2.5-1.5B,0.1,1,0
marketing/176,0.9390949010848999,0.7691702842712402,False,Qwen/Qwen2.5-1.5B,0.1,1,0
marketing/177,0.9860740900039673,0.9906094074249268,False,Qwen/Qwen2.5-1.5B,0.1,1,0
marketing/178,0.8652647733688354,0.8931727409362793,False,Qwen/Qwen2.5-1.5B,0.1,1,0
marketing/179,0.9984254837036133,0.9971045851707458,True,Qwen/Qwen2.5-1.5B,0.1,1,0
marketing/180,0.9402071237564087,0.9047571420669556,False,Qwen/Qwen2.5-1.5B,0.1,1,0
marketing/181,0.13282322883605957,0.07251773029565811,False,Qwen/Qwen2.5-1.5B,0.1,1,0
marketing/182,0.8824453949928284,0.8560647964477539,False,Qwen/Qwen2.5-1.5B,0.1,1,0
marketing/183,0.13065071403980255,0.11335263401269913,False,Qwen/Qwen2.5-1.5B,0.1,1,0
marketing/184,0.04002426937222481,0.04295174777507782,False,Qwen/Qwen2.5-1.5B,0.1,1,0
marketing/185,0.5884675979614258,0.6471377015113831,False,Qwen/Qwen2.5-1.5B,0.1,1,0
marketing/186,0.945342481136322,0.9697069525718689,False,Qwen/Qwen2.5-1.5B,0.1,1,0
marketing/187,0.9327987432479858,0.9801361560821533,False,Qwen/Qwen2.5-1.5B,0.1,1,0
marketing/188,0.9067088961601257,0.9586306810379028,False,Qwen/Qwen2.5-1.5B,0.1,1,0
marketing/189,0.9977750182151794,0.9928352236747742,False,Qwen/Qwen2.5-1.5B,0.1,1,0
marketing/190,0.9964123368263245,0.9955779314041138,False,Qwen/Qwen2.5-1.5B,0.1,1,0
marketing/191,0.9896206855773926,0.9921109676361084,False,Qwen/Qwen2.5-1.5B,0.1,1,0
marketing/192,0.07399018108844757,0.04355936497449875,False,Qwen/Qwen2.5-1.5B,0.1,1,0
marketing/193,0.5026645660400391,0.43903452157974243,False,Qwen/Qwen2.5-1.5B,0.1,1,0
marketing/194,0.8717404007911682,0.7982780933380127,False,Qwen/Qwen2.5-1.5B,0.1,1,0
marketing/195,0.9970099925994873,0.9896935820579529,False,Qwen/Qwen2.5-1.5B,0.1,1,0
marketing/196,0.8509148359298706,0.9577969908714294,False,Qwen/Qwen2.5-1.5B,0.1,1,0
marketing/197,0.9526785612106323,0.9597878456115723,False,Qwen/Qwen2.5-1.5B,0.1,1,0
marketing/198,0.77647465467453,0.4588211476802826,False,Qwen/Qwen2.5-1.5B,0.1,1,0
marketing/199,0.9875730872154236,0.97889643907547,False,Qwen/Qwen2.5-1.5B,0.1,1,0
marketing/200,0.9897833466529846,0.9902529716491699,False,Qwen/Qwen2.5-1.5B,0.1,1,0
marketing/201,0.9495842456817627,0.9570107460021973,False,Qwen/Qwen2.5-1.5B,0.1,1,0
marketing/202,0.6354491710662842,0.793622612953186,True,Qwen/Qwen2.5-1.5B,0.1,1,0
marketing/203,0.7773195505142212,0.7190014123916626,False,Qwen/Qwen2.5-1.5B,0.1,1,0
marketing/204,0.6966837048530579,0.7069023251533508,False,Qwen/Qwen2.5-1.5B,0.1,1,0
marketing/205,0.9803851842880249,0.9738959670066833,True,Qwen/Qwen2.5-1.5B,0.1,1,0
marketing/206,0.6634804606437683,0.5275956988334656,False,Qwen/Qwen2.5-1.5B,0.1,1,0
marketing/207,0.995405912399292,0.9963333606719971,False,Qwen/Qwen2.5-1.5B,0.1,1,0
marketing/208,0.7559868097305298,0.9027862548828125,False,Qwen/Qwen2.5-1.5B,0.1,1,0
marketing/209,0.9934377074241638,0.9864915013313293,False,Qwen/Qwen2.5-1.5B,0.1,1,0
marketing/210,0.1238023191690445,0.04697200655937195,False,Qwen/Qwen2.5-1.5B,0.1,1,0
marketing/211,0.9867205619812012,0.9869621992111206,False,Qwen/Qwen2.5-1.5B,0.1,1,0
marketing/212,0.9163016676902771,0.8293063044548035,False,Qwen/Qwen2.5-1.5B,0.1,1,0
marketing/213,0.8687676787376404,0.9257885217666626,False,Qwen/Qwen2.5-1.5B,0.1,1,0
marketing/214,0.08939357846975327,0.04373279586434364,True,Qwen/Qwen2.5-1.5B,0.1,1,0
marketing/215,0.8561778664588928,0.7058547735214233,True,Qwen/Qwen2.5-1.5B,0.1,1,0
marketing/216,0.536986231803894,0.47634202241897583,False,Qwen/Qwen2.5-1.5B,0.1,1,0
marketing/217,0.20247147977352142,0.16127312183380127,False,Qwen/Qwen2.5-1.5B,0.1,1,0
marketing/218,0.22369730472564697,0.1649586260318756,False,Qwen/Qwen2.5-1.5B,0.1,1,0
marketing/219,0.49797323346138,0.5863661170005798,False,Qwen/Qwen2.5-1.5B,0.1,1,0
marketing/220,0.9728227853775024,0.9907758831977844,False,Qwen/Qwen2.5-1.5B,0.1,1,0
marketing/221,0.9832000732421875,0.9632924795150757,False,Qwen/Qwen2.5-1.5B,0.1,1,0
marketing/222,0.9864227175712585,0.9793842434883118,False,Qwen/Qwen2.5-1.5B,0.1,1,0
marketing/223,0.03379252180457115,0.03170603886246681,False,Qwen/Qwen2.5-1.5B,0.1,1,0
marketing/224,0.41075652837753296,0.5050214529037476,False,Qwen/Qwen2.5-1.5B,0.1,1,0
marketing/225,0.9987384676933289,0.9939832091331482,False,Qwen/Qwen2.5-1.5B,0.1,1,0
marketing/226,0.9205353856086731,0.8486954569816589,False,Qwen/Qwen2.5-1.5B,0.1,1,0
marketing/227,0.9927347898483276,0.9680060744285583,False,Qwen/Qwen2.5-1.5B,0.1,1,0
marketing/228,0.9777998924255371,0.9739568829536438,False,Qwen/Qwen2.5-1.5B,0.1,1,0
marketing/229,0.3960084319114685,0.5349583625793457,True,Qwen/Qwen2.5-1.5B,0.1,1,0
marketing/230,0.9985653758049011,0.990014910697937,False,Qwen/Qwen2.5-1.5B,0.1,1,0
marketing/231,0.9933304190635681,0.9872812628746033,False,Qwen/Qwen2.5-1.5B,0.1,1,0
marketing/232,0.9969958066940308,0.9957875609397888,False,Qwen/Qwen2.5-1.5B,0.1,1,0
marketing/233,0.6292120814323425,0.5033261179924011,False,Qwen/Qwen2.5-1.5B,0.1,1,0
college_biology/0,0.20640811324119568,0.2200981080532074,False,Qwen/Qwen2.5-1.5B,0.1,1,4
college_biology/1,0.38013434410095215,0.4929230511188507,False,Qwen/Qwen2.5-1.5B,0.1,1,4
college_biology/2,0.9031085968017578,0.9260932207107544,False,Qwen/Qwen2.5-1.5B,0.1,1,4
college_biology/3,0.9146309494972229,0.8735629320144653,False,Qwen/Qwen2.5-1.5B,0.1,1,4
college_biology/4,0.5499411821365356,0.5920564532279968,False,Qwen/Qwen2.5-1.5B,0.1,1,4
college_biology/5,0.9968731999397278,0.9947448968887329,False,Qwen/Qwen2.5-1.5B,0.1,1,4
college_biology/6,0.9967592358589172,0.9890722036361694,False,Qwen/Qwen2.5-1.5B,0.1,1,4
college_biology/7,0.22258588671684265,0.13895688951015472,False,Qwen/Qwen2.5-1.5B,0.1,1,4
college_biology/8,0.9942660927772522,0.9739866256713867,False,Qwen/Qwen2.5-1.5B,0.1,1,4
college_biology/9,0.9801716804504395,0.9588406085968018,False,Qwen/Qwen2.5-1.5B,0.1,1,4
college_biology/10,0.4958440363407135,0.4710095226764679,False,Qwen/Qwen2.5-1.5B,0.1,1,4
college_biology/11,0.2788051962852478,0.23906099796295166,False,Qwen/Qwen2.5-1.5B,0.1,1,4
college_biology/12,0.31944477558135986,0.2442542463541031,False,Qwen/Qwen2.5-1.5B,0.1,1,4
college_biology/13,0.9053718447685242,0.8544694185256958,False,Qwen/Qwen2.5-1.5B,0.1,1,4
college_biology/14,0.429720401763916,0.45127809047698975,False,Qwen/Qwen2.5-1.5B,0.1,1,4
college_biology/15,0.22110025584697723,0.24801141023635864,False,Qwen/Qwen2.5-1.5B,0.1,1,4
college_biology/16,0.9738847613334656,0.9704961776733398,False,Qwen/Qwen2.5-1.5B,0.1,1,4
college_biology/17,0.5749072432518005,0.4717967212200165,False,Qwen/Qwen2.5-1.5B,0.1,1,4
college_biology/18,0.25454407930374146,0.23676642775535583,False,Qwen/Qwen2.5-1.5B,0.1,1,4
college_biology/19,0.44162872433662415,0.4771677851676941,False,Qwen/Qwen2.5-1.5B,0.1,1,4
college_biology/20,0.9979123473167419,0.9960809350013733,False,Qwen/Qwen2.5-1.5B,0.1,1,4
college_biology/21,0.9980908036231995,0.9874863624572754,False,Qwen/Qwen2.5-1.5B,0.1,1,4
college_biology/22,0.318970263004303,0.3919869065284729,False,Qwen/Qwen2.5-1.5B,0.1,1,4
college_biology/23,0.7416822910308838,0.8759170770645142,False,Qwen/Qwen2.5-1.5B,0.1,1,4
college_biology/24,0.9962257146835327,0.9946495890617371,False,Qwen/Qwen2.5-1.5B,0.1,1,4
college_biology/25,0.9957587122917175,0.9874789714813232,False,Qwen/Qwen2.5-1.5B,0.1,1,4
college_biology/26,0.04274143651127815,0.06752069294452667,False,Qwen/Qwen2.5-1.5B,0.1,1,4
college_biology/27,0.9456104040145874,0.9274502992630005,False,Qwen/Qwen2.5-1.5B,0.1,1,4
college_biology/28,0.7027029395103455,0.8372328281402588,False,Qwen/Qwen2.5-1.5B,0.1,1,4
college_biology/29,0.5579694509506226,0.508443295955658,False,Qwen/Qwen2.5-1.5B,0.1,1,4
college_biology/30,0.9683905839920044,0.9700925946235657,False,Qwen/Qwen2.5-1.5B,0.1,1,4
college_biology/31,0.5422115325927734,0.44142594933509827,False,Qwen/Qwen2.5-1.5B,0.1,1,4
college_biology/32,0.34084540605545044,0.29411301016807556,False,Qwen/Qwen2.5-1.5B,0.1,1,4
college_biology/33,0.9537611603736877,0.7562059760093689,False,Qwen/Qwen2.5-1.5B,0.1,1,4
college_biology/34,0.2553641200065613,0.24979472160339355,False,Qwen/Qwen2.5-1.5B,0.1,1,4
college_biology/35,0.7048394083976746,0.5907206535339355,False,Qwen/Qwen2.5-1.5B,0.1,1,4
college_biology/36,0.8208478093147278,0.7445257902145386,False,Qwen/Qwen2.5-1.5B,0.1,1,4
college_biology/37,0.49684396386146545,0.4756672978401184,False,Qwen/Qwen2.5-1.5B,0.1,1,4
college_biology/38,0.9775083065032959,0.9546643495559692,True,Qwen/Qwen2.5-1.5B,0.1,1,4
college_biology/39,0.1124400794506073,0.13518331944942474,False,Qwen/Qwen2.5-1.5B,0.1,1,4
college_biology/40,0.3183232843875885,0.29086223244667053,False,Qwen/Qwen2.5-1.5B,0.1,1,4
college_biology/41,0.3641262948513031,0.33534562587738037,False,Qwen/Qwen2.5-1.5B,0.1,1,4
college_biology/42,0.99600750207901,0.9798842668533325,False,Qwen/Qwen2.5-1.5B,0.1,1,4
college_biology/43,0.7051841616630554,0.6667287349700928,False,Qwen/Qwen2.5-1.5B,0.1,1,4
college_biology/44,0.45819857716560364,0.32624053955078125,False,Qwen/Qwen2.5-1.5B,0.1,1,4
college_biology/45,0.05995221808552742,0.0851549431681633,False,Qwen/Qwen2.5-1.5B,0.1,1,4
college_biology/46,0.1437641829252243,0.11356772482395172,False,Qwen/Qwen2.5-1.5B,0.1,1,4
college_biology/47,0.918129026889801,0.8558688163757324,False,Qwen/Qwen2.5-1.5B,0.1,1,4
college_biology/48,0.6623031497001648,0.5794954895973206,False,Qwen/Qwen2.5-1.5B,0.1,1,4
college_biology/49,0.8455824851989746,0.80721116065979,False,Qwen/Qwen2.5-1.5B,0.1,1,4
college_biology/50,0.7017077803611755,0.7435886263847351,False,Qwen/Qwen2.5-1.5B,0.1,1,4
college_biology/51,0.3277090787887573,0.23445580899715424,False,Qwen/Qwen2.5-1.5B,0.1,1,4
college_biology/52,0.6770631670951843,0.5826170444488525,False,Qwen/Qwen2.5-1.5B,0.1,1,4
college_biology/53,0.05147393420338631,0.06263672560453415,False,Qwen/Qwen2.5-1.5B,0.1,1,4
college_biology/54,0.24767933785915375,0.23987358808517456,True,Qwen/Qwen2.5-1.5B,0.1,1,4
college_biology/55,0.2967051565647125,0.2214943915605545,False,Qwen/Qwen2.5-1.5B,0.1,1,4
college_biology/56,0.12467098236083984,0.09991363435983658,False,Qwen/Qwen2.5-1.5B,0.1,1,4
college_biology/57,0.8408691883087158,0.6726716756820679,False,Qwen/Qwen2.5-1.5B,0.1,1,4
college_biology/58,0.3924880921840668,0.2794523239135742,True,Qwen/Qwen2.5-1.5B,0.1,1,4
college_biology/59,0.9974024891853333,0.9938129186630249,False,Qwen/Qwen2.5-1.5B,0.1,1,4
college_biology/60,0.8720700144767761,0.7608771920204163,False,Qwen/Qwen2.5-1.5B,0.1,1,4
college_biology/61,0.6988823413848877,0.4763949513435364,False,Qwen/Qwen2.5-1.5B,0.1,1,4
college_biology/62,0.9843648672103882,0.9753611087799072,False,Qwen/Qwen2.5-1.5B,0.1,1,4
college_biology/63,0.22915363311767578,0.22092540562152863,False,Qwen/Qwen2.5-1.5B,0.1,1,4
college_biology/64,0.1797037422657013,0.21231074631214142,False,Qwen/Qwen2.5-1.5B,0.1,1,4
college_biology/65,0.06687655299901962,0.11311501264572144,False,Qwen/Qwen2.5-1.5B,0.1,1,4
college_biology/66,0.45218977332115173,0.4053809642791748,False,Qwen/Qwen2.5-1.5B,0.1,1,4
college_biology/67,0.09599027782678604,0.12236574292182922,True,Qwen/Qwen2.5-1.5B,0.1,1,4
college_biology/68,0.9743385910987854,0.965473473072052,False,Qwen/Qwen2.5-1.5B,0.1,1,4
college_biology/69,0.7711538076400757,0.5938552021980286,False,Qwen/Qwen2.5-1.5B,0.1,1,4
college_biology/70,0.6964226961135864,0.8486560583114624,True,Qwen/Qwen2.5-1.5B,0.1,1,4
college_biology/71,0.4819801449775696,0.48583871126174927,False,Qwen/Qwen2.5-1.5B,0.1,1,4
college_biology/72,0.8025171756744385,0.9102854132652283,True,Qwen/Qwen2.5-1.5B,0.1,1,4
college_biology/73,0.4076455235481262,0.32132118940353394,False,Qwen/Qwen2.5-1.5B,0.1,1,4
college_biology/74,0.16861870884895325,0.13356655836105347,False,Qwen/Qwen2.5-1.5B,0.1,1,4
college_biology/75,0.23429778218269348,0.3753567337989807,False,Qwen/Qwen2.5-1.5B,0.1,1,4
college_biology/76,0.9984461665153503,0.9931093454360962,False,Qwen/Qwen2.5-1.5B,0.1,1,4
college_biology/77,0.6418440937995911,0.7050319314002991,True,Qwen/Qwen2.5-1.5B,0.1,1,4
college_biology/78,0.17672082781791687,0.14062374830245972,True,Qwen/Qwen2.5-1.5B,0.1,1,4
college_biology/79,0.17758825421333313,0.1748976707458496,False,Qwen/Qwen2.5-1.5B,0.1,1,4
college_biology/80,0.07502078264951706,0.11084125936031342,False,Qwen/Qwen2.5-1.5B,0.1,1,4
college_biology/81,0.9242544174194336,0.9399389028549194,False,Qwen/Qwen2.5-1.5B,0.1,1,4
college_biology/82,0.9991220831871033,0.9965435862541199,False,Qwen/Qwen2.5-1.5B,0.1,1,4
college_biology/83,0.586393415927887,0.6419035196304321,False,Qwen/Qwen2.5-1.5B,0.1,1,4
college_biology/84,0.9186782240867615,0.8140183687210083,False,Qwen/Qwen2.5-1.5B,0.1,1,4
college_biology/85,0.5162244439125061,0.5244151949882507,False,Qwen/Qwen2.5-1.5B,0.1,1,4
college_biology/86,0.9649735689163208,0.947131872177124,False,Qwen/Qwen2.5-1.5B,0.1,1,4
college_biology/87,0.760348379611969,0.7112586498260498,True,Qwen/Qwen2.5-1.5B,0.1,1,4
college_biology/88,0.9953727126121521,0.9776065349578857,False,Qwen/Qwen2.5-1.5B,0.1,1,4
college_biology/89,0.663116991519928,0.6369631290435791,False,Qwen/Qwen2.5-1.5B,0.1,1,4
college_biology/90,0.4695224463939667,0.4707918167114258,False,Qwen/Qwen2.5-1.5B,0.1,1,4
college_biology/91,0.9989527463912964,0.992533802986145,False,Qwen/Qwen2.5-1.5B,0.1,1,4
college_biology/92,0.9943270087242126,0.9814733862876892,False,Qwen/Qwen2.5-1.5B,0.1,1,4
college_biology/93,0.016398847103118896,0.028350016102194786,False,Qwen/Qwen2.5-1.5B,0.1,1,4
college_biology/94,0.9911707639694214,0.9905293583869934,False,Qwen/Qwen2.5-1.5B,0.1,1,4
college_biology/95,0.3826534152030945,0.23118805885314941,False,Qwen/Qwen2.5-1.5B,0.1,1,4
college_biology/96,0.35228127241134644,0.4140099287033081,False,Qwen/Qwen2.5-1.5B,0.1,1,4
college_biology/97,0.832207202911377,0.5826773047447205,False,Qwen/Qwen2.5-1.5B,0.1,1,4
college_biology/98,0.09541411697864532,0.21908891201019287,False,Qwen/Qwen2.5-1.5B,0.1,1,4
college_biology/99,0.9876673221588135,0.9652543067932129,False,Qwen/Qwen2.5-1.5B,0.1,1,4
college_biology/100,0.350065678358078,0.4174562394618988,False,Qwen/Qwen2.5-1.5B,0.1,1,4
college_biology/101,0.23291665315628052,0.40288999676704407,False,Qwen/Qwen2.5-1.5B,0.1,1,4
college_biology/102,0.8356863856315613,0.669765830039978,False,Qwen/Qwen2.5-1.5B,0.1,1,4
college_biology/103,0.2827049791812897,0.3270997405052185,False,Qwen/Qwen2.5-1.5B,0.1,1,4
college_biology/104,0.9078003168106079,0.8389590382575989,False,Qwen/Qwen2.5-1.5B,0.1,1,4
college_biology/105,0.893564760684967,0.8218443393707275,False,Qwen/Qwen2.5-1.5B,0.1,1,4
college_biology/106,0.24730992317199707,0.2404591292142868,True,Qwen/Qwen2.5-1.5B,0.1,1,4
college_biology/107,0.03631003201007843,0.03662804514169693,False,Qwen/Qwen2.5-1.5B,0.1,1,4
college_biology/108,0.043180886656045914,0.045480187982320786,False,Qwen/Qwen2.5-1.5B,0.1,1,4
college_biology/109,0.7383955121040344,0.7558815479278564,False,Qwen/Qwen2.5-1.5B,0.1,1,4
college_biology/110,0.13269832730293274,0.2785981595516205,False,Qwen/Qwen2.5-1.5B,0.1,1,4
college_biology/111,0.9942359328269958,0.9945476651191711,False,Qwen/Qwen2.5-1.5B,0.1,1,4
college_biology/112,0.877133309841156,0.8116995692253113,False,Qwen/Qwen2.5-1.5B,0.1,1,4
college_biology/113,0.9935070276260376,0.9595161080360413,False,Qwen/Qwen2.5-1.5B,0.1,1,4
college_biology/114,0.9952492713928223,0.9936290383338928,False,Qwen/Qwen2.5-1.5B,0.1,1,4
college_biology/115,0.056575071066617966,0.11201458424329758,True,Qwen/Qwen2.5-1.5B,0.1,1,4
college_biology/116,0.054964613169431686,0.20783042907714844,False,Qwen/Qwen2.5-1.5B,0.1,1,4
college_biology/117,0.996276319026947,0.9844356775283813,False,Qwen/Qwen2.5-1.5B,0.1,1,4
college_biology/118,0.41184571385383606,0.6021272540092468,False,Qwen/Qwen2.5-1.5B,0.1,1,4
college_biology/119,0.32312560081481934,0.3694848418235779,False,Qwen/Qwen2.5-1.5B,0.1,1,4
college_biology/120,0.9000909328460693,0.9422962069511414,False,Qwen/Qwen2.5-1.5B,0.1,1,4
college_biology/121,0.9567056894302368,0.9033357501029968,False,Qwen/Qwen2.5-1.5B,0.1,1,4
college_biology/122,0.19883993268013,0.14705482125282288,False,Qwen/Qwen2.5-1.5B,0.1,1,4
college_biology/123,0.9975612163543701,0.9906557202339172,False,Qwen/Qwen2.5-1.5B,0.1,1,4
college_biology/124,0.11289273947477341,0.17959928512573242,False,Qwen/Qwen2.5-1.5B,0.1,1,4
college_biology/125,0.44049930572509766,0.5119244456291199,False,Qwen/Qwen2.5-1.5B,0.1,1,4
college_biology/126,0.9174318909645081,0.8725016713142395,False,Qwen/Qwen2.5-1.5B,0.1,1,4
college_biology/127,0.43992528319358826,0.3592367172241211,False,Qwen/Qwen2.5-1.5B,0.1,1,4
college_biology/128,0.38937798142433167,0.32366517186164856,False,Qwen/Qwen2.5-1.5B,0.1,1,4
college_biology/129,0.9227985739707947,0.882391095161438,False,Qwen/Qwen2.5-1.5B,0.1,1,4
college_biology/130,0.6703242659568787,0.6609963178634644,False,Qwen/Qwen2.5-1.5B,0.1,1,4
college_biology/131,0.17096365988254547,0.17126500606536865,False,Qwen/Qwen2.5-1.5B,0.1,1,4
college_biology/132,0.7970154285430908,0.7793156504631042,False,Qwen/Qwen2.5-1.5B,0.1,1,4
college_biology/133,0.9328098893165588,0.7320274710655212,False,Qwen/Qwen2.5-1.5B,0.1,1,4
college_biology/134,0.9701429605484009,0.9786314964294434,True,Qwen/Qwen2.5-1.5B,0.1,1,4
college_biology/135,0.25039973855018616,0.31210747361183167,False,Qwen/Qwen2.5-1.5B,0.1,1,4
college_biology/136,0.24158082902431488,0.3083370327949524,False,Qwen/Qwen2.5-1.5B,0.1,1,4
college_biology/137,0.5041355490684509,0.5979337692260742,False,Qwen/Qwen2.5-1.5B,0.1,1,4
college_biology/138,0.9959501028060913,0.9929744005203247,False,Qwen/Qwen2.5-1.5B,0.1,1,4
college_biology/139,0.43389633297920227,0.4937420189380646,False,Qwen/Qwen2.5-1.5B,0.1,1,4
college_biology/140,0.9295797944068909,0.8406124114990234,False,Qwen/Qwen2.5-1.5B,0.1,1,4
college_biology/141,0.9950695037841797,0.9896200299263,True,Qwen/Qwen2.5-1.5B,0.1,1,4
college_biology/142,0.7677395343780518,0.6357228755950928,False,Qwen/Qwen2.5-1.5B,0.1,1,4
college_biology/143,0.39515912532806396,0.399666428565979,False,Qwen/Qwen2.5-1.5B,0.1,1,4
high_school_statistics/0,0.43577998876571655,0.37559932470321655,True,Qwen/Qwen2.5-1.5B,0.1,1,4
high_school_statistics/1,0.19498397409915924,0.19577458500862122,False,Qwen/Qwen2.5-1.5B,0.1,1,4
high_school_statistics/2,0.05701562389731407,0.04373666271567345,False,Qwen/Qwen2.5-1.5B,0.1,1,4
high_school_statistics/3,0.5908172726631165,0.7054557800292969,False,Qwen/Qwen2.5-1.5B,0.1,1,4
high_school_statistics/4,0.9935749173164368,0.9914626479148865,False,Qwen/Qwen2.5-1.5B,0.1,1,4
high_school_statistics/5,0.8247880935668945,0.6815347671508789,False,Qwen/Qwen2.5-1.5B,0.1,1,4
high_school_statistics/6,0.6591474413871765,0.5896901488304138,False,Qwen/Qwen2.5-1.5B,0.1,1,4
high_school_statistics/7,0.959632933139801,0.904024600982666,False,Qwen/Qwen2.5-1.5B,0.1,1,4
high_school_statistics/8,0.9970439076423645,0.9904174208641052,True,Qwen/Qwen2.5-1.5B,0.1,1,4
high_school_statistics/9,0.6464952826499939,0.6511424779891968,False,Qwen/Qwen2.5-1.5B,0.1,1,4
high_school_statistics/10,0.6742181181907654,0.7561718225479126,False,Qwen/Qwen2.5-1.5B,0.1,1,4
high_school_statistics/11,0.0021052269730716944,0.048365816473960876,False,Qwen/Qwen2.5-1.5B,0.1,1,4
high_school_statistics/12,0.2708399295806885,0.2518562972545624,False,Qwen/Qwen2.5-1.5B,0.1,1,4
high_school_statistics/13,0.3642736077308655,0.3676331639289856,False,Qwen/Qwen2.5-1.5B,0.1,1,4
high_school_statistics/14,0.19903677701950073,0.15942609310150146,False,Qwen/Qwen2.5-1.5B,0.1,1,4
high_school_statistics/15,0.040165144950151443,0.08543103188276291,False,Qwen/Qwen2.5-1.5B,0.1,1,4
high_school_statistics/16,0.3934416174888611,0.2744806110858917,False,Qwen/Qwen2.5-1.5B,0.1,1,4
high_school_statistics/17,0.4663226902484894,0.3554639220237732,False,Qwen/Qwen2.5-1.5B,0.1,1,4
high_school_statistics/18,0.4280382990837097,0.4063456952571869,False,Qwen/Qwen2.5-1.5B,0.1,1,4
high_school_statistics/19,0.3161003887653351,0.19417643547058105,False,Qwen/Qwen2.5-1.5B,0.1,1,4
high_school_statistics/20,0.45912471413612366,0.40232428908348083,False,Qwen/Qwen2.5-1.5B,0.1,1,4
high_school_statistics/21,0.1400909721851349,0.22162596881389618,False,Qwen/Qwen2.5-1.5B,0.1,1,4
high_school_statistics/22,0.20636895298957825,0.16581593453884125,True,Qwen/Qwen2.5-1.5B,0.1,1,4
high_school_statistics/23,0.4039016664028168,0.23847930133342743,False,Qwen/Qwen2.5-1.5B,0.1,1,4
high_school_statistics/24,0.20836740732192993,0.2322254478931427,True,Qwen/Qwen2.5-1.5B,0.1,1,4
high_school_statistics/25,0.3693895936012268,0.3734956681728363,False,Qwen/Qwen2.5-1.5B,0.1,1,4
high_school_statistics/26,0.029914185404777527,0.08388569205999374,False,Qwen/Qwen2.5-1.5B,0.1,1,4
high_school_statistics/27,0.5076839327812195,0.5105491876602173,False,Qwen/Qwen2.5-1.5B,0.1,1,4
high_school_statistics/28,0.4968160092830658,0.35596024990081787,False,Qwen/Qwen2.5-1.5B,0.1,1,4
high_school_statistics/29,0.32959404587745667,0.32419225573539734,False,Qwen/Qwen2.5-1.5B,0.1,1,4
high_school_statistics/30,0.32638680934906006,0.3535611629486084,False,Qwen/Qwen2.5-1.5B,0.1,1,4
high_school_statistics/31,0.4095306396484375,0.3931328058242798,False,Qwen/Qwen2.5-1.5B,0.1,1,4
high_school_statistics/32,0.2523258626461029,0.2754689157009125,False,Qwen/Qwen2.5-1.5B,0.1,1,4
high_school_statistics/33,0.4108283221721649,0.43128564953804016,False,Qwen/Qwen2.5-1.5B,0.1,1,4
high_school_statistics/34,0.031433191150426865,0.023801276460289955,False,Qwen/Qwen2.5-1.5B,0.1,1,4
high_school_statistics/35,0.26305633783340454,0.3191269338130951,False,Qwen/Qwen2.5-1.5B,0.1,1,4
high_school_statistics/36,0.18812678754329681,0.14516033232212067,False,Qwen/Qwen2.5-1.5B,0.1,1,4
high_school_statistics/37,0.5263951420783997,0.5390885472297668,False,Qwen/Qwen2.5-1.5B,0.1,1,4
high_school_statistics/38,0.00023977606906555593,0.0009026177576743066,False,Qwen/Qwen2.5-1.5B,0.1,1,4
high_school_statistics/39,0.7936242818832397,0.7800360918045044,False,Qwen/Qwen2.5-1.5B,0.1,1,4
high_school_statistics/40,0.9408683180809021,0.8287316560745239,False,Qwen/Qwen2.5-1.5B,0.1,1,4
high_school_statistics/41,0.25608953833580017,0.22971642017364502,False,Qwen/Qwen2.5-1.5B,0.1,1,4
high_school_statistics/42,0.981050968170166,0.9761587977409363,False,Qwen/Qwen2.5-1.5B,0.1,1,4
high_school_statistics/43,0.016097811982035637,0.06436945497989655,False,Qwen/Qwen2.5-1.5B,0.1,1,4
high_school_statistics/44,0.2634935975074768,0.22298447787761688,False,Qwen/Qwen2.5-1.5B,0.1,1,4
high_school_statistics/45,0.40297695994377136,0.22864390909671783,False,Qwen/Qwen2.5-1.5B,0.1,1,4
high_school_statistics/46,0.985301673412323,0.9771074056625366,False,Qwen/Qwen2.5-1.5B,0.1,1,4
high_school_statistics/47,0.18737882375717163,0.33466577529907227,False,Qwen/Qwen2.5-1.5B,0.1,1,4
high_school_statistics/48,0.2903759181499481,0.33943620324134827,True,Qwen/Qwen2.5-1.5B,0.1,1,4
high_school_statistics/49,0.9868593215942383,0.9795911312103271,False,Qwen/Qwen2.5-1.5B,0.1,1,4
high_school_statistics/50,0.44389989972114563,0.4451487362384796,False,Qwen/Qwen2.5-1.5B,0.1,1,4
high_school_statistics/51,0.4215311110019684,0.4716988801956177,False,Qwen/Qwen2.5-1.5B,0.1,1,4
high_school_statistics/52,0.25829604268074036,0.3431822657585144,False,Qwen/Qwen2.5-1.5B,0.1,1,4
high_school_statistics/53,0.07150202244520187,0.11857730150222778,False,Qwen/Qwen2.5-1.5B,0.1,1,4
high_school_statistics/54,0.5422570705413818,0.3407773971557617,False,Qwen/Qwen2.5-1.5B,0.1,1,4
high_school_statistics/55,0.3209429681301117,0.3764519691467285,False,Qwen/Qwen2.5-1.5B,0.1,1,4
high_school_statistics/56,0.2180270403623581,0.267599493265152,False,Qwen/Qwen2.5-1.5B,0.1,1,4
high_school_statistics/57,0.1481618583202362,0.23625603318214417,False,Qwen/Qwen2.5-1.5B,0.1,1,4
high_school_statistics/58,0.9365572929382324,0.8733618855476379,True,Qwen/Qwen2.5-1.5B,0.1,1,4
high_school_statistics/59,0.6893662214279175,0.7321473956108093,False,Qwen/Qwen2.5-1.5B,0.1,1,4
high_school_statistics/60,0.6288321018218994,0.652010977268219,False,Qwen/Qwen2.5-1.5B,0.1,1,4
high_school_statistics/61,0.11364714056253433,0.18089863657951355,False,Qwen/Qwen2.5-1.5B,0.1,1,4
high_school_statistics/62,0.28997406363487244,0.30884525179862976,False,Qwen/Qwen2.5-1.5B,0.1,1,4
high_school_statistics/63,0.947777509689331,0.9492172598838806,False,Qwen/Qwen2.5-1.5B,0.1,1,4
high_school_statistics/64,0.17834927141666412,0.19436147809028625,False,Qwen/Qwen2.5-1.5B,0.1,1,4
high_school_statistics/65,0.9470534324645996,0.9382908344268799,False,Qwen/Qwen2.5-1.5B,0.1,1,4
high_school_statistics/66,0.6126697659492493,0.5686147212982178,False,Qwen/Qwen2.5-1.5B,0.1,1,4
high_school_statistics/67,0.5702856183052063,0.4241067171096802,False,Qwen/Qwen2.5-1.5B,0.1,1,4
high_school_statistics/68,0.15201131999492645,0.19145791232585907,False,Qwen/Qwen2.5-1.5B,0.1,1,4
high_school_statistics/69,0.2568371891975403,0.21537621319293976,False,Qwen/Qwen2.5-1.5B,0.1,1,4
high_school_statistics/70,0.9975244402885437,0.9943984150886536,False,Qwen/Qwen2.5-1.5B,0.1,1,4
high_school_statistics/71,0.7438503503799438,0.47082847356796265,False,Qwen/Qwen2.5-1.5B,0.1,1,4
high_school_statistics/72,0.3363721966743469,0.3795982897281647,False,Qwen/Qwen2.5-1.5B,0.1,1,4
high_school_statistics/73,0.9961936473846436,0.9771243929862976,False,Qwen/Qwen2.5-1.5B,0.1,1,4
high_school_statistics/74,0.30394411087036133,0.29665112495422363,False,Qwen/Qwen2.5-1.5B,0.1,1,4
high_school_statistics/75,0.6106265783309937,0.5597817897796631,False,Qwen/Qwen2.5-1.5B,0.1,1,4
high_school_statistics/76,0.3922092616558075,0.4344532787799835,False,Qwen/Qwen2.5-1.5B,0.1,1,4
high_school_statistics/77,0.2002076357603073,0.19159367680549622,False,Qwen/Qwen2.5-1.5B,0.1,1,4
high_school_statistics/78,0.9140464067459106,0.9187277555465698,False,Qwen/Qwen2.5-1.5B,0.1,1,4
high_school_statistics/79,0.9002475142478943,0.9049976468086243,False,Qwen/Qwen2.5-1.5B,0.1,1,4
high_school_statistics/80,0.9477798342704773,0.9382818937301636,False,Qwen/Qwen2.5-1.5B,0.1,1,4
high_school_statistics/81,0.1263696551322937,0.17913538217544556,False,Qwen/Qwen2.5-1.5B,0.1,1,4
high_school_statistics/82,0.1709829419851303,0.19431376457214355,False,Qwen/Qwen2.5-1.5B,0.1,1,4
high_school_statistics/83,0.9479542374610901,0.86111980676651,False,Qwen/Qwen2.5-1.5B,0.1,1,4
high_school_statistics/84,0.4252988398075104,0.5740240216255188,False,Qwen/Qwen2.5-1.5B,0.1,1,4
high_school_statistics/85,0.7398722767829895,0.7539161443710327,False,Qwen/Qwen2.5-1.5B,0.1,1,4
high_school_statistics/86,0.7722447514533997,0.8409019112586975,False,Qwen/Qwen2.5-1.5B,0.1,1,4
high_school_statistics/87,0.11018906533718109,0.20450931787490845,False,Qwen/Qwen2.5-1.5B,0.1,1,4
high_school_statistics/88,0.5270835757255554,0.4571508765220642,False,Qwen/Qwen2.5-1.5B,0.1,1,4
high_school_statistics/89,0.09374845772981644,0.14175300300121307,False,Qwen/Qwen2.5-1.5B,0.1,1,4
high_school_statistics/90,0.250558078289032,0.19125443696975708,False,Qwen/Qwen2.5-1.5B,0.1,1,4
high_school_statistics/91,0.2084043025970459,0.25146812200546265,False,Qwen/Qwen2.5-1.5B,0.1,1,4
high_school_statistics/92,0.02010939083993435,0.010665238834917545,True,Qwen/Qwen2.5-1.5B,0.1,1,4
high_school_statistics/93,0.3611556589603424,0.29208797216415405,False,Qwen/Qwen2.5-1.5B,0.1,1,4
high_school_statistics/94,0.6429046392440796,0.5808480978012085,False,Qwen/Qwen2.5-1.5B,0.1,1,4
high_school_statistics/95,0.2213500440120697,0.2338687777519226,False,Qwen/Qwen2.5-1.5B,0.1,1,4
high_school_statistics/96,0.695189356803894,0.8261598944664001,False,Qwen/Qwen2.5-1.5B,0.1,1,4
high_school_statistics/97,0.6877945065498352,0.6745761632919312,False,Qwen/Qwen2.5-1.5B,0.1,1,4
high_school_statistics/98,0.23239946365356445,0.29306960105895996,False,Qwen/Qwen2.5-1.5B,0.1,1,4
high_school_statistics/99,0.2206268161535263,0.3554035425186157,False,Qwen/Qwen2.5-1.5B,0.1,1,4
high_school_statistics/100,0.3467925488948822,0.32948222756385803,False,Qwen/Qwen2.5-1.5B,0.1,1,4
high_school_statistics/101,0.07336308062076569,0.18351982533931732,False,Qwen/Qwen2.5-1.5B,0.1,1,4
high_school_statistics/102,0.21690422296524048,0.19541029632091522,False,Qwen/Qwen2.5-1.5B,0.1,1,4
high_school_statistics/103,0.856691837310791,0.7109237313270569,False,Qwen/Qwen2.5-1.5B,0.1,1,4
high_school_statistics/104,0.5793498158454895,0.4904618263244629,False,Qwen/Qwen2.5-1.5B,0.1,1,4
high_school_statistics/105,0.5001763105392456,0.5265446901321411,False,Qwen/Qwen2.5-1.5B,0.1,1,4
high_school_statistics/106,0.5115229487419128,0.5131320357322693,False,Qwen/Qwen2.5-1.5B,0.1,1,4
high_school_statistics/107,0.18790684640407562,0.2442830353975296,False,Qwen/Qwen2.5-1.5B,0.1,1,4
high_school_statistics/108,0.45827358961105347,0.40175509452819824,False,Qwen/Qwen2.5-1.5B,0.1,1,4
high_school_statistics/109,0.23784181475639343,0.18381378054618835,False,Qwen/Qwen2.5-1.5B,0.1,1,4
high_school_statistics/110,0.473050594329834,0.4816708564758301,False,Qwen/Qwen2.5-1.5B,0.1,1,4
high_school_statistics/111,0.34503692388534546,0.3279689848423004,False,Qwen/Qwen2.5-1.5B,0.1,1,4
high_school_statistics/112,0.21354682743549347,0.3384622037410736,False,Qwen/Qwen2.5-1.5B,0.1,1,4
high_school_statistics/113,0.6285584568977356,0.512026309967041,False,Qwen/Qwen2.5-1.5B,0.1,1,4
high_school_statistics/114,0.09800861030817032,0.2103162705898285,False,Qwen/Qwen2.5-1.5B,0.1,1,4
high_school_statistics/115,0.24315452575683594,0.2631525695323944,False,Qwen/Qwen2.5-1.5B,0.1,1,4
high_school_statistics/116,0.20443135499954224,0.2524748742580414,False,Qwen/Qwen2.5-1.5B,0.1,1,4
high_school_statistics/117,0.993559718132019,0.978218138217926,False,Qwen/Qwen2.5-1.5B,0.1,1,4
high_school_statistics/118,0.39354774355888367,0.32774990797042847,False,Qwen/Qwen2.5-1.5B,0.1,1,4
high_school_statistics/119,0.6425248384475708,0.6140081286430359,False,Qwen/Qwen2.5-1.5B,0.1,1,4
high_school_statistics/120,0.486343652009964,0.5319737195968628,False,Qwen/Qwen2.5-1.5B,0.1,1,4
high_school_statistics/121,0.892157793045044,0.8811365962028503,False,Qwen/Qwen2.5-1.5B,0.1,1,4
high_school_statistics/122,0.0247018001973629,0.029640039429068565,False,Qwen/Qwen2.5-1.5B,0.1,1,4
high_school_statistics/123,0.797452449798584,0.788356602191925,False,Qwen/Qwen2.5-1.5B,0.1,1,4
high_school_statistics/124,0.5389938354492188,0.44924816489219666,False,Qwen/Qwen2.5-1.5B,0.1,1,4
high_school_statistics/125,0.26986202597618103,0.4388413727283478,False,Qwen/Qwen2.5-1.5B,0.1,1,4
high_school_statistics/126,0.39621442556381226,0.3077981173992157,False,Qwen/Qwen2.5-1.5B,0.1,1,4
high_school_statistics/127,0.15685606002807617,0.23012703657150269,False,Qwen/Qwen2.5-1.5B,0.1,1,4
high_school_statistics/128,0.5380454063415527,0.5852495431900024,False,Qwen/Qwen2.5-1.5B,0.1,1,4
high_school_statistics/129,0.31037795543670654,0.3087705373764038,False,Qwen/Qwen2.5-1.5B,0.1,1,4
high_school_statistics/130,0.14350664615631104,0.09922817349433899,False,Qwen/Qwen2.5-1.5B,0.1,1,4
high_school_statistics/131,0.3666846454143524,0.3542776107788086,False,Qwen/Qwen2.5-1.5B,0.1,1,4
high_school_statistics/132,0.8214849829673767,0.7933566570281982,False,Qwen/Qwen2.5-1.5B,0.1,1,4
high_school_statistics/133,0.4516456127166748,0.3319169580936432,False,Qwen/Qwen2.5-1.5B,0.1,1,4
high_school_statistics/134,0.497180312871933,0.380928635597229,False,Qwen/Qwen2.5-1.5B,0.1,1,4
high_school_statistics/135,0.2772618532180786,0.2507128417491913,False,Qwen/Qwen2.5-1.5B,0.1,1,4
high_school_statistics/136,0.39953091740608215,0.24607765674591064,False,Qwen/Qwen2.5-1.5B,0.1,1,4
high_school_statistics/137,0.7829167246818542,0.751680314540863,False,Qwen/Qwen2.5-1.5B,0.1,1,4
high_school_statistics/138,0.8514982461929321,0.8854770064353943,True,Qwen/Qwen2.5-1.5B,0.1,1,4
high_school_statistics/139,0.36709296703338623,0.2650850713253021,False,Qwen/Qwen2.5-1.5B,0.1,1,4
high_school_statistics/140,0.25548556447029114,0.2857811152935028,False,Qwen/Qwen2.5-1.5B,0.1,1,4
high_school_statistics/141,0.38667750358581543,0.31045523285865784,False,Qwen/Qwen2.5-1.5B,0.1,1,4
high_school_statistics/142,0.1195162758231163,0.12115287035703659,False,Qwen/Qwen2.5-1.5B,0.1,1,4
high_school_statistics/143,0.37111493945121765,0.2697001099586487,True,Qwen/Qwen2.5-1.5B,0.1,1,4
high_school_statistics/144,0.4482569992542267,0.4794144928455353,False,Qwen/Qwen2.5-1.5B,0.1,1,4
high_school_statistics/145,0.6981172561645508,0.707561731338501,False,Qwen/Qwen2.5-1.5B,0.1,1,4
high_school_statistics/146,0.8414117097854614,0.7607945799827576,False,Qwen/Qwen2.5-1.5B,0.1,1,4
high_school_statistics/147,0.9342708587646484,0.899613618850708,False,Qwen/Qwen2.5-1.5B,0.1,1,4
high_school_statistics/148,0.3256845772266388,0.361255019903183,False,Qwen/Qwen2.5-1.5B,0.1,1,4
high_school_statistics/149,0.9970282912254333,0.9969196319580078,False,Qwen/Qwen2.5-1.5B,0.1,1,4
high_school_statistics/150,0.31991833448410034,0.38187816739082336,True,Qwen/Qwen2.5-1.5B,0.1,1,4
high_school_statistics/151,0.14415769279003143,0.20875512063503265,False,Qwen/Qwen2.5-1.5B,0.1,1,4
high_school_statistics/152,0.3675350546836853,0.4896654784679413,False,Qwen/Qwen2.5-1.5B,0.1,1,4
high_school_statistics/153,0.1890593022108078,0.2349003106355667,False,Qwen/Qwen2.5-1.5B,0.1,1,4
high_school_statistics/154,0.2254963517189026,0.336683064699173,False,Qwen/Qwen2.5-1.5B,0.1,1,4
high_school_statistics/155,0.48614856600761414,0.4418165385723114,False,Qwen/Qwen2.5-1.5B,0.1,1,4
high_school_statistics/156,0.23291736841201782,0.4069333076477051,False,Qwen/Qwen2.5-1.5B,0.1,1,4
high_school_statistics/157,0.09355127066373825,0.18533480167388916,False,Qwen/Qwen2.5-1.5B,0.1,1,4
high_school_statistics/158,0.30270278453826904,0.248825803399086,False,Qwen/Qwen2.5-1.5B,0.1,1,4
high_school_statistics/159,0.2531049847602844,0.20165801048278809,False,Qwen/Qwen2.5-1.5B,0.1,1,4
high_school_statistics/160,0.9885043501853943,0.9891439080238342,True,Qwen/Qwen2.5-1.5B,0.1,1,4
high_school_statistics/161,0.007061333395540714,0.008589793927967548,False,Qwen/Qwen2.5-1.5B,0.1,1,4
high_school_statistics/162,0.2807784676551819,0.211671382188797,False,Qwen/Qwen2.5-1.5B,0.1,1,4
high_school_statistics/163,0.9336602687835693,0.8718695044517517,False,Qwen/Qwen2.5-1.5B,0.1,1,4
high_school_statistics/164,0.5141022205352783,0.6249725818634033,False,Qwen/Qwen2.5-1.5B,0.1,1,4
high_school_statistics/165,0.8011093139648438,0.7411307692527771,False,Qwen/Qwen2.5-1.5B,0.1,1,4
high_school_statistics/166,0.6156765222549438,0.5348055958747864,True,Qwen/Qwen2.5-1.5B,0.1,1,4
high_school_statistics/167,0.13631844520568848,0.12660124897956848,False,Qwen/Qwen2.5-1.5B,0.1,1,4
high_school_statistics/168,0.12770943343639374,0.14392444491386414,False,Qwen/Qwen2.5-1.5B,0.1,1,4
high_school_statistics/169,0.47255513072013855,0.5160329341888428,False,Qwen/Qwen2.5-1.5B,0.1,1,4
high_school_statistics/170,0.202169731259346,0.2469279170036316,False,Qwen/Qwen2.5-1.5B,0.1,1,4
high_school_statistics/171,0.9905647039413452,0.951359212398529,True,Qwen/Qwen2.5-1.5B,0.1,1,4
high_school_statistics/172,0.49719569087028503,0.5154402256011963,False,Qwen/Qwen2.5-1.5B,0.1,1,4
high_school_statistics/173,0.2604767680168152,0.30641329288482666,False,Qwen/Qwen2.5-1.5B,0.1,1,4
high_school_statistics/174,0.8721952438354492,0.847402036190033,False,Qwen/Qwen2.5-1.5B,0.1,1,4
high_school_statistics/175,0.19298593699932098,0.2500525116920471,False,Qwen/Qwen2.5-1.5B,0.1,1,4
high_school_statistics/176,0.2554035186767578,0.20647871494293213,False,Qwen/Qwen2.5-1.5B,0.1,1,4
high_school_statistics/177,0.06287389993667603,0.1269971877336502,True,Qwen/Qwen2.5-1.5B,0.1,1,4
high_school_statistics/178,0.07128284871578217,0.1597885638475418,False,Qwen/Qwen2.5-1.5B,0.1,1,4
high_school_statistics/179,0.0805831179022789,0.15602052211761475,False,Qwen/Qwen2.5-1.5B,0.1,1,4
high_school_statistics/180,0.3605917692184448,0.2400737851858139,False,Qwen/Qwen2.5-1.5B,0.1,1,4
high_school_statistics/181,0.09920819848775864,0.07548325508832932,False,Qwen/Qwen2.5-1.5B,0.1,1,4
high_school_statistics/182,0.3559311628341675,0.3165616989135742,False,Qwen/Qwen2.5-1.5B,0.1,1,4
high_school_statistics/183,0.932502806186676,0.943981945514679,True,Qwen/Qwen2.5-1.5B,0.1,1,4
high_school_statistics/184,0.09702284634113312,0.08775428682565689,False,Qwen/Qwen2.5-1.5B,0.1,1,4
high_school_statistics/185,0.9889940619468689,0.9549519419670105,False,Qwen/Qwen2.5-1.5B,0.1,1,4
high_school_statistics/186,0.8007779717445374,0.7524857521057129,False,Qwen/Qwen2.5-1.5B,0.1,1,4
high_school_statistics/187,0.2892207205295563,0.23857542872428894,False,Qwen/Qwen2.5-1.5B,0.1,1,4
high_school_statistics/188,0.09318973869085312,0.10342584550380707,False,Qwen/Qwen2.5-1.5B,0.1,1,4
high_school_statistics/189,0.09774398058652878,0.17242863774299622,False,Qwen/Qwen2.5-1.5B,0.1,1,4
high_school_statistics/190,0.4012864828109741,0.31714802980422974,False,Qwen/Qwen2.5-1.5B,0.1,1,4
high_school_statistics/191,0.2669791281223297,0.2903786599636078,False,Qwen/Qwen2.5-1.5B,0.1,1,4
high_school_statistics/192,0.02241337299346924,0.01930939592421055,False,Qwen/Qwen2.5-1.5B,0.1,1,4
high_school_statistics/193,0.24992288649082184,0.31416213512420654,False,Qwen/Qwen2.5-1.5B,0.1,1,4
high_school_statistics/194,0.9950472116470337,0.9894214868545532,True,Qwen/Qwen2.5-1.5B,0.1,1,4
high_school_statistics/195,0.4865973889827728,0.4500114321708679,False,Qwen/Qwen2.5-1.5B,0.1,1,4
high_school_statistics/196,0.38714492321014404,0.43495115637779236,False,Qwen/Qwen2.5-1.5B,0.1,1,4
high_school_statistics/197,0.36675190925598145,0.4478120505809784,False,Qwen/Qwen2.5-1.5B,0.1,1,4
high_school_statistics/198,0.6195642352104187,0.590988278388977,False,Qwen/Qwen2.5-1.5B,0.1,1,4
high_school_statistics/199,0.9815086722373962,0.9577648043632507,False,Qwen/Qwen2.5-1.5B,0.1,1,4
high_school_statistics/200,0.2822783291339874,0.2931537628173828,False,Qwen/Qwen2.5-1.5B,0.1,1,4
high_school_statistics/201,0.9974920749664307,0.9942096471786499,False,Qwen/Qwen2.5-1.5B,0.1,1,4
high_school_statistics/202,0.33336490392684937,0.31579020619392395,False,Qwen/Qwen2.5-1.5B,0.1,1,4
high_school_statistics/203,0.9750379323959351,0.8772805333137512,False,Qwen/Qwen2.5-1.5B,0.1,1,4
high_school_statistics/204,0.05793090909719467,0.12285549193620682,False,Qwen/Qwen2.5-1.5B,0.1,1,4
high_school_statistics/205,0.3593149185180664,0.24135084450244904,False,Qwen/Qwen2.5-1.5B,0.1,1,4
high_school_statistics/206,0.5467535257339478,0.38346970081329346,False,Qwen/Qwen2.5-1.5B,0.1,1,4
high_school_statistics/207,0.20931556820869446,0.34255820512771606,False,Qwen/Qwen2.5-1.5B,0.1,1,4
high_school_statistics/208,0.3081226646900177,0.31013283133506775,False,Qwen/Qwen2.5-1.5B,0.1,1,4
high_school_statistics/209,0.14881055057048798,0.137680321931839,False,Qwen/Qwen2.5-1.5B,0.1,1,4
high_school_statistics/210,0.4711681008338928,0.3110683262348175,False,Qwen/Qwen2.5-1.5B,0.1,1,4
high_school_statistics/211,0.954538106918335,0.9776328206062317,True,Qwen/Qwen2.5-1.5B,0.1,1,4
high_school_statistics/212,0.11455225944519043,0.14411000907421112,False,Qwen/Qwen2.5-1.5B,0.1,1,4
high_school_statistics/213,0.41470250487327576,0.3983004689216614,False,Qwen/Qwen2.5-1.5B,0.1,1,4
high_school_statistics/214,0.9462908506393433,0.8998814225196838,False,Qwen/Qwen2.5-1.5B,0.1,1,4
high_school_statistics/215,0.939551591873169,0.8975663185119629,True,Qwen/Qwen2.5-1.5B,0.1,1,4
philosophy/0,0.7840917110443115,0.7579696774482727,False,Qwen/Qwen2.5-1.5B,0.1,1,4
philosophy/1,0.9625034332275391,0.9106473922729492,True,Qwen/Qwen2.5-1.5B,0.1,1,4
philosophy/2,0.9836945533752441,0.9394704699516296,False,Qwen/Qwen2.5-1.5B,0.1,1,4
philosophy/3,0.9898756146430969,0.9155724048614502,False,Qwen/Qwen2.5-1.5B,0.1,1,4
philosophy/4,0.6644095778465271,0.6137610673904419,False,Qwen/Qwen2.5-1.5B,0.1,1,4
philosophy/5,0.6761574149131775,0.6190953254699707,False,Qwen/Qwen2.5-1.5B,0.1,1,4
philosophy/6,0.9913005232810974,0.9678096175193787,False,Qwen/Qwen2.5-1.5B,0.1,1,4
philosophy/7,0.21195882558822632,0.30717039108276367,False,Qwen/Qwen2.5-1.5B,0.1,1,4
philosophy/8,0.9383161067962646,0.8652448058128357,False,Qwen/Qwen2.5-1.5B,0.1,1,4
philosophy/9,0.9586455821990967,0.9504545331001282,False,Qwen/Qwen2.5-1.5B,0.1,1,4
philosophy/10,0.9858918786048889,0.944145143032074,False,Qwen/Qwen2.5-1.5B,0.1,1,4
philosophy/11,0.40518489480018616,0.4491666853427887,False,Qwen/Qwen2.5-1.5B,0.1,1,4
philosophy/12,0.24811513721942902,0.2959376871585846,False,Qwen/Qwen2.5-1.5B,0.1,1,4
philosophy/13,0.7858262062072754,0.5825729966163635,False,Qwen/Qwen2.5-1.5B,0.1,1,4
philosophy/14,0.3667934238910675,0.3074462115764618,True,Qwen/Qwen2.5-1.5B,0.1,1,4
philosophy/15,0.9332367181777954,0.8837924599647522,False,Qwen/Qwen2.5-1.5B,0.1,1,4
philosophy/16,0.07996347546577454,0.12213845551013947,True,Qwen/Qwen2.5-1.5B,0.1,1,4
philosophy/17,0.761492133140564,0.711704432964325,False,Qwen/Qwen2.5-1.5B,0.1,1,4
philosophy/18,0.01592748425900936,0.0319615863263607,False,Qwen/Qwen2.5-1.5B,0.1,1,4
philosophy/19,0.11740230768918991,0.14819428324699402,False,Qwen/Qwen2.5-1.5B,0.1,1,4
philosophy/20,0.23889368772506714,0.2731272280216217,False,Qwen/Qwen2.5-1.5B,0.1,1,4
philosophy/21,0.5502211451530457,0.4249151945114136,True,Qwen/Qwen2.5-1.5B,0.1,1,4
philosophy/22,0.24417123198509216,0.225450336933136,False,Qwen/Qwen2.5-1.5B,0.1,1,4
philosophy/23,0.04864003136754036,0.14235495030879974,False,Qwen/Qwen2.5-1.5B,0.1,1,4
philosophy/24,0.8547263741493225,0.6852778196334839,True,Qwen/Qwen2.5-1.5B,0.1,1,4
philosophy/25,0.9739625453948975,0.9470831155776978,False,Qwen/Qwen2.5-1.5B,0.1,1,4
philosophy/26,0.01633070781826973,0.054148074239492416,False,Qwen/Qwen2.5-1.5B,0.1,1,4
philosophy/27,0.9788838624954224,0.9610133767127991,False,Qwen/Qwen2.5-1.5B,0.1,1,4
philosophy/28,0.3351346254348755,0.28061866760253906,False,Qwen/Qwen2.5-1.5B,0.1,1,4
philosophy/29,0.49813657999038696,0.5025961995124817,False,Qwen/Qwen2.5-1.5B,0.1,1,4
philosophy/30,0.7032343149185181,0.6537777781486511,False,Qwen/Qwen2.5-1.5B,0.1,1,4
philosophy/31,0.996134877204895,0.9888297915458679,False,Qwen/Qwen2.5-1.5B,0.1,1,4
philosophy/32,0.46708735823631287,0.6733075976371765,True,Qwen/Qwen2.5-1.5B,0.1,1,4
philosophy/33,0.618804931640625,0.37566959857940674,False,Qwen/Qwen2.5-1.5B,0.1,1,4
philosophy/34,0.30188217759132385,0.24235641956329346,False,Qwen/Qwen2.5-1.5B,0.1,1,4
philosophy/35,0.9971933960914612,0.9967658519744873,False,Qwen/Qwen2.5-1.5B,0.1,1,4
philosophy/36,0.22075681388378143,0.2244735062122345,False,Qwen/Qwen2.5-1.5B,0.1,1,4
philosophy/37,0.07809507846832275,0.12318272888660431,False,Qwen/Qwen2.5-1.5B,0.1,1,4
philosophy/38,0.8883321285247803,0.8442776799201965,False,Qwen/Qwen2.5-1.5B,0.1,1,4
philosophy/39,0.98212069272995,0.9615499377250671,False,Qwen/Qwen2.5-1.5B,0.1,1,4
philosophy/40,0.7294085025787354,0.5246121287345886,False,Qwen/Qwen2.5-1.5B,0.1,1,4
philosophy/41,0.9840890169143677,0.9102175831794739,False,Qwen/Qwen2.5-1.5B,0.1,1,4
philosophy/42,0.011829338036477566,0.02901567704975605,False,Qwen/Qwen2.5-1.5B,0.1,1,4
philosophy/43,0.7443462610244751,0.5687639117240906,False,Qwen/Qwen2.5-1.5B,0.1,1,4
philosophy/44,0.9367507100105286,0.8425715565681458,False,Qwen/Qwen2.5-1.5B,0.1,1,4
philosophy/45,0.8127464652061462,0.6811113953590393,True,Qwen/Qwen2.5-1.5B,0.1,1,4
philosophy/46,0.29978811740875244,0.2675643861293793,False,Qwen/Qwen2.5-1.5B,0.1,1,4
philosophy/47,0.7550727725028992,0.7030146718025208,False,Qwen/Qwen2.5-1.5B,0.1,1,4
philosophy/48,0.4293909966945648,0.2821599543094635,False,Qwen/Qwen2.5-1.5B,0.1,1,4
philosophy/49,0.9971611499786377,0.9840788841247559,False,Qwen/Qwen2.5-1.5B,0.1,1,4
philosophy/50,0.18590618669986725,0.20933742821216583,False,Qwen/Qwen2.5-1.5B,0.1,1,4
philosophy/51,0.191777765750885,0.2715904116630554,True,Qwen/Qwen2.5-1.5B,0.1,1,4
philosophy/52,0.1313655972480774,0.15693362057209015,False,Qwen/Qwen2.5-1.5B,0.1,1,4
philosophy/53,0.3857763111591339,0.30574119091033936,False,Qwen/Qwen2.5-1.5B,0.1,1,4
philosophy/54,0.46122291684150696,0.3978475332260132,False,Qwen/Qwen2.5-1.5B,0.1,1,4
philosophy/55,0.7248237729072571,0.5410999059677124,True,Qwen/Qwen2.5-1.5B,0.1,1,4
philosophy/56,0.6884225606918335,0.6181348562240601,False,Qwen/Qwen2.5-1.5B,0.1,1,4
philosophy/57,0.995964765548706,0.9917431473731995,False,Qwen/Qwen2.5-1.5B,0.1,1,4
philosophy/58,0.9807783365249634,0.9535543918609619,True,Qwen/Qwen2.5-1.5B,0.1,1,4
philosophy/59,0.6971258521080017,0.5676593780517578,False,Qwen/Qwen2.5-1.5B,0.1,1,4
philosophy/60,0.7807114124298096,0.8286957740783691,False,Qwen/Qwen2.5-1.5B,0.1,1,4
philosophy/61,0.8003717064857483,0.7554883360862732,False,Qwen/Qwen2.5-1.5B,0.1,1,4
philosophy/62,0.9961387515068054,0.9845514893531799,False,Qwen/Qwen2.5-1.5B,0.1,1,4
philosophy/63,0.8630563020706177,0.8978471159934998,True,Qwen/Qwen2.5-1.5B,0.1,1,4
philosophy/64,0.847535252571106,0.6655256748199463,False,Qwen/Qwen2.5-1.5B,0.1,1,4
philosophy/65,0.5098391771316528,0.45045754313468933,False,Qwen/Qwen2.5-1.5B,0.1,1,4
philosophy/66,0.3972216546535492,0.33230701088905334,False,Qwen/Qwen2.5-1.5B,0.1,1,4
philosophy/67,0.5508250594139099,0.7379522919654846,True,Qwen/Qwen2.5-1.5B,0.1,1,4
philosophy/68,0.9722790718078613,0.8651331663131714,False,Qwen/Qwen2.5-1.5B,0.1,1,4
philosophy/69,0.9599219560623169,0.9019820690155029,False,Qwen/Qwen2.5-1.5B,0.1,1,4
philosophy/70,0.8468501567840576,0.8125565052032471,False,Qwen/Qwen2.5-1.5B,0.1,1,4
philosophy/71,0.9639295935630798,0.9502784609794617,False,Qwen/Qwen2.5-1.5B,0.1,1,4
philosophy/72,0.4605471193790436,0.2678436040878296,False,Qwen/Qwen2.5-1.5B,0.1,1,4
philosophy/73,0.06980261951684952,0.14848457276821136,True,Qwen/Qwen2.5-1.5B,0.1,1,4
philosophy/74,0.8752562999725342,0.5748692154884338,True,Qwen/Qwen2.5-1.5B,0.1,1,4
philosophy/75,0.6745318174362183,0.6040548086166382,False,Qwen/Qwen2.5-1.5B,0.1,1,4
philosophy/76,0.6197797060012817,0.4579048454761505,False,Qwen/Qwen2.5-1.5B,0.1,1,4
philosophy/77,0.12109892815351486,0.12192296981811523,False,Qwen/Qwen2.5-1.5B,0.1,1,4
philosophy/78,0.05975503474473953,0.09542658925056458,False,Qwen/Qwen2.5-1.5B,0.1,1,4
philosophy/79,0.9984933137893677,0.9970852732658386,False,Qwen/Qwen2.5-1.5B,0.1,1,4
philosophy/80,0.6469492316246033,0.48289790749549866,False,Qwen/Qwen2.5-1.5B,0.1,1,4
philosophy/81,0.40715348720550537,0.42150986194610596,False,Qwen/Qwen2.5-1.5B,0.1,1,4
philosophy/82,0.09858809411525726,0.15592868626117706,False,Qwen/Qwen2.5-1.5B,0.1,1,4
philosophy/83,0.0414498969912529,0.051663588732481,False,Qwen/Qwen2.5-1.5B,0.1,1,4
philosophy/84,0.4291703999042511,0.42241552472114563,False,Qwen/Qwen2.5-1.5B,0.1,1,4
philosophy/85,0.3159480690956116,0.5150078535079956,False,Qwen/Qwen2.5-1.5B,0.1,1,4
philosophy/86,0.9697158932685852,0.9154608845710754,False,Qwen/Qwen2.5-1.5B,0.1,1,4
philosophy/87,0.09745249152183533,0.16111834347248077,False,Qwen/Qwen2.5-1.5B,0.1,1,4
philosophy/88,0.7011949419975281,0.6925565004348755,False,Qwen/Qwen2.5-1.5B,0.1,1,4
philosophy/89,0.957696259021759,0.9465044736862183,False,Qwen/Qwen2.5-1.5B,0.1,1,4
philosophy/90,0.6670714020729065,0.8427336812019348,False,Qwen/Qwen2.5-1.5B,0.1,1,4
philosophy/91,0.8214829564094543,0.7527332901954651,False,Qwen/Qwen2.5-1.5B,0.1,1,4
philosophy/92,0.757773756980896,0.7988343238830566,False,Qwen/Qwen2.5-1.5B,0.1,1,4
philosophy/93,0.9174327850341797,0.8510661125183105,False,Qwen/Qwen2.5-1.5B,0.1,1,4
philosophy/94,0.03752416372299194,0.03105533868074417,False,Qwen/Qwen2.5-1.5B,0.1,1,4
philosophy/95,0.9949992895126343,0.9757975935935974,False,Qwen/Qwen2.5-1.5B,0.1,1,4
philosophy/96,0.02986912988126278,0.03708813712000847,False,Qwen/Qwen2.5-1.5B,0.1,1,4
philosophy/97,0.8933623433113098,0.769271969795227,False,Qwen/Qwen2.5-1.5B,0.1,1,4
philosophy/98,0.35032081604003906,0.2941465675830841,False,Qwen/Qwen2.5-1.5B,0.1,1,4
philosophy/99,0.20105516910552979,0.2342926412820816,False,Qwen/Qwen2.5-1.5B,0.1,1,4
philosophy/100,0.7013770937919617,0.6413994431495667,True,Qwen/Qwen2.5-1.5B,0.1,1,4
philosophy/101,0.5322458148002625,0.5449211597442627,False,Qwen/Qwen2.5-1.5B,0.1,1,4
philosophy/102,0.10185512900352478,0.1998920440673828,False,Qwen/Qwen2.5-1.5B,0.1,1,4
philosophy/103,0.9772419929504395,0.9295110702514648,False,Qwen/Qwen2.5-1.5B,0.1,1,4
philosophy/104,0.847827136516571,0.8037474751472473,False,Qwen/Qwen2.5-1.5B,0.1,1,4
philosophy/105,0.018266355618834496,0.058587588369846344,False,Qwen/Qwen2.5-1.5B,0.1,1,4
philosophy/106,0.11819352954626083,0.12313923984766006,False,Qwen/Qwen2.5-1.5B,0.1,1,4
philosophy/107,0.03250051289796829,0.09352084994316101,False,Qwen/Qwen2.5-1.5B,0.1,1,4
philosophy/108,0.9702720046043396,0.9700189232826233,False,Qwen/Qwen2.5-1.5B,0.1,1,4
philosophy/109,0.6189132928848267,0.7231597900390625,False,Qwen/Qwen2.5-1.5B,0.1,1,4
philosophy/110,0.7841060757637024,0.6899727582931519,True,Qwen/Qwen2.5-1.5B,0.1,1,4
philosophy/111,0.8437470197677612,0.7282633185386658,False,Qwen/Qwen2.5-1.5B,0.1,1,4
philosophy/112,0.41815364360809326,0.3983393609523773,False,Qwen/Qwen2.5-1.5B,0.1,1,4
philosophy/113,0.08081595599651337,0.18309417366981506,False,Qwen/Qwen2.5-1.5B,0.1,1,4
philosophy/114,0.9862675666809082,0.9424025416374207,False,Qwen/Qwen2.5-1.5B,0.1,1,4
philosophy/115,0.10051780939102173,0.09790375828742981,False,Qwen/Qwen2.5-1.5B,0.1,1,4
philosophy/116,0.32285645604133606,0.29749324917793274,True,Qwen/Qwen2.5-1.5B,0.1,1,4
philosophy/117,0.996322512626648,0.9940452575683594,False,Qwen/Qwen2.5-1.5B,0.1,1,4
philosophy/118,0.7284815907478333,0.6724812388420105,False,Qwen/Qwen2.5-1.5B,0.1,1,4
philosophy/119,0.02834409847855568,0.04995344579219818,False,Qwen/Qwen2.5-1.5B,0.1,1,4
philosophy/120,0.9834700226783752,0.9320586323738098,False,Qwen/Qwen2.5-1.5B,0.1,1,4
philosophy/121,0.49892204999923706,0.492525577545166,False,Qwen/Qwen2.5-1.5B,0.1,1,4
philosophy/122,0.46836110949516296,0.4099670946598053,False,Qwen/Qwen2.5-1.5B,0.1,1,4
philosophy/123,0.7088229060173035,0.6974763870239258,False,Qwen/Qwen2.5-1.5B,0.1,1,4
philosophy/124,0.478991836309433,0.43325379490852356,False,Qwen/Qwen2.5-1.5B,0.1,1,4
philosophy/125,0.925624668598175,0.8729115128517151,False,Qwen/Qwen2.5-1.5B,0.1,1,4
philosophy/126,0.9551547169685364,0.8484634757041931,False,Qwen/Qwen2.5-1.5B,0.1,1,4
philosophy/127,0.4995819926261902,0.5020034909248352,False,Qwen/Qwen2.5-1.5B,0.1,1,4
philosophy/128,0.6738582253456116,0.621969997882843,False,Qwen/Qwen2.5-1.5B,0.1,1,4
philosophy/129,0.9675449728965759,0.8967043161392212,False,Qwen/Qwen2.5-1.5B,0.1,1,4
philosophy/130,0.9403478503227234,0.8431640267372131,False,Qwen/Qwen2.5-1.5B,0.1,1,4
philosophy/131,0.6486266255378723,0.5816195607185364,False,Qwen/Qwen2.5-1.5B,0.1,1,4
philosophy/132,0.038630254566669464,0.06837763637304306,False,Qwen/Qwen2.5-1.5B,0.1,1,4
philosophy/133,0.36535871028900146,0.32862934470176697,False,Qwen/Qwen2.5-1.5B,0.1,1,4
philosophy/134,0.16580890119075775,0.1745547652244568,False,Qwen/Qwen2.5-1.5B,0.1,1,4
philosophy/135,0.9673550724983215,0.9194666743278503,False,Qwen/Qwen2.5-1.5B,0.1,1,4
philosophy/136,0.9570960402488708,0.926160991191864,False,Qwen/Qwen2.5-1.5B,0.1,1,4
philosophy/137,0.9891806244850159,0.9699006676673889,False,Qwen/Qwen2.5-1.5B,0.1,1,4
philosophy/138,0.10559943318367004,0.14291635155677795,False,Qwen/Qwen2.5-1.5B,0.1,1,4
philosophy/139,0.9932231903076172,0.9875150918960571,False,Qwen/Qwen2.5-1.5B,0.1,1,4
philosophy/140,0.8209519982337952,0.8550209403038025,False,Qwen/Qwen2.5-1.5B,0.1,1,4
philosophy/141,0.5315542221069336,0.527138888835907,False,Qwen/Qwen2.5-1.5B,0.1,1,4
philosophy/142,0.9847921133041382,0.966594398021698,False,Qwen/Qwen2.5-1.5B,0.1,1,4
philosophy/143,0.4225507378578186,0.4445050060749054,False,Qwen/Qwen2.5-1.5B,0.1,1,4
philosophy/144,0.48198723793029785,0.35945412516593933,True,Qwen/Qwen2.5-1.5B,0.1,1,4
philosophy/145,0.8922357559204102,0.842803418636322,False,Qwen/Qwen2.5-1.5B,0.1,1,4
philosophy/146,0.9538979530334473,0.7558507323265076,False,Qwen/Qwen2.5-1.5B,0.1,1,4
philosophy/147,0.7297027707099915,0.8965201377868652,False,Qwen/Qwen2.5-1.5B,0.1,1,4
philosophy/148,0.9734536409378052,0.9449031352996826,False,Qwen/Qwen2.5-1.5B,0.1,1,4
philosophy/149,0.17744481563568115,0.24763530492782593,False,Qwen/Qwen2.5-1.5B,0.1,1,4
philosophy/150,0.9934145212173462,0.9503775238990784,False,Qwen/Qwen2.5-1.5B,0.1,1,4
philosophy/151,0.6259217858314514,0.42224395275115967,False,Qwen/Qwen2.5-1.5B,0.1,1,4
philosophy/152,0.9605764150619507,0.9055430889129639,False,Qwen/Qwen2.5-1.5B,0.1,1,4
philosophy/153,0.9966574907302856,0.9864681959152222,False,Qwen/Qwen2.5-1.5B,0.1,1,4
philosophy/154,0.09252793341875076,0.05315281078219414,False,Qwen/Qwen2.5-1.5B,0.1,1,4
philosophy/155,0.4708821773529053,0.34078720211982727,False,Qwen/Qwen2.5-1.5B,0.1,1,4
philosophy/156,0.6952643394470215,0.5534406900405884,False,Qwen/Qwen2.5-1.5B,0.1,1,4
philosophy/157,0.9977499842643738,0.9899733066558838,False,Qwen/Qwen2.5-1.5B,0.1,1,4
philosophy/158,0.4718415141105652,0.5736815333366394,False,Qwen/Qwen2.5-1.5B,0.1,1,4
philosophy/159,0.23599039018154144,0.23142509162425995,False,Qwen/Qwen2.5-1.5B,0.1,1,4
philosophy/160,0.2889106869697571,0.22942939400672913,False,Qwen/Qwen2.5-1.5B,0.1,1,4
philosophy/161,0.5729962587356567,0.627642810344696,False,Qwen/Qwen2.5-1.5B,0.1,1,4
philosophy/162,0.5600296258926392,0.4243542551994324,False,Qwen/Qwen2.5-1.5B,0.1,1,4
philosophy/163,0.9254565834999084,0.772197961807251,False,Qwen/Qwen2.5-1.5B,0.1,1,4
philosophy/164,0.6173776984214783,0.40913406014442444,False,Qwen/Qwen2.5-1.5B,0.1,1,4
philosophy/165,0.9626010656356812,0.9174095988273621,False,Qwen/Qwen2.5-1.5B,0.1,1,4
philosophy/166,0.979267954826355,0.8956418037414551,False,Qwen/Qwen2.5-1.5B,0.1,1,4
philosophy/167,0.286260724067688,0.26375702023506165,False,Qwen/Qwen2.5-1.5B,0.1,1,4
philosophy/168,0.25825566053390503,0.2946127653121948,False,Qwen/Qwen2.5-1.5B,0.1,1,4
philosophy/169,0.9796336889266968,0.9112863540649414,False,Qwen/Qwen2.5-1.5B,0.1,1,4
philosophy/170,0.38898664712905884,0.3320877254009247,False,Qwen/Qwen2.5-1.5B,0.1,1,4
philosophy/171,0.5606663227081299,0.53797447681427,False,Qwen/Qwen2.5-1.5B,0.1,1,4
philosophy/172,0.21615390479564667,0.19531318545341492,False,Qwen/Qwen2.5-1.5B,0.1,1,4
philosophy/173,0.031662359833717346,0.10058102011680603,False,Qwen/Qwen2.5-1.5B,0.1,1,4
philosophy/174,0.47606995701789856,0.4723093509674072,False,Qwen/Qwen2.5-1.5B,0.1,1,4
philosophy/175,0.6826093196868896,0.6089605093002319,True,Qwen/Qwen2.5-1.5B,0.1,1,4
philosophy/176,0.18608945608139038,0.19115738570690155,False,Qwen/Qwen2.5-1.5B,0.1,1,4
philosophy/177,0.8873721957206726,0.7776016592979431,False,Qwen/Qwen2.5-1.5B,0.1,1,4
philosophy/178,0.21850629150867462,0.4638880789279938,False,Qwen/Qwen2.5-1.5B,0.1,1,4
philosophy/179,0.8640549778938293,0.8344534039497375,False,Qwen/Qwen2.5-1.5B,0.1,1,4
philosophy/180,0.7763975262641907,0.6840947866439819,True,Qwen/Qwen2.5-1.5B,0.1,1,4
philosophy/181,0.6411445736885071,0.48355233669281006,True,Qwen/Qwen2.5-1.5B,0.1,1,4
philosophy/182,0.9899609088897705,0.9860923886299133,False,Qwen/Qwen2.5-1.5B,0.1,1,4
philosophy/183,0.9858323335647583,0.9438532590866089,False,Qwen/Qwen2.5-1.5B,0.1,1,4
philosophy/184,0.8470342755317688,0.6764398813247681,False,Qwen/Qwen2.5-1.5B,0.1,1,4
philosophy/185,0.7179293632507324,0.7267767190933228,False,Qwen/Qwen2.5-1.5B,0.1,1,4
philosophy/186,0.41250696778297424,0.3947659730911255,False,Qwen/Qwen2.5-1.5B,0.1,1,4
philosophy/187,0.5159404277801514,0.4079987108707428,False,Qwen/Qwen2.5-1.5B,0.1,1,4
philosophy/188,0.3382470905780792,0.3892606496810913,False,Qwen/Qwen2.5-1.5B,0.1,1,4
philosophy/189,0.9673256278038025,0.9553236365318298,False,Qwen/Qwen2.5-1.5B,0.1,1,4
philosophy/190,0.8918436169624329,0.7084395289421082,False,Qwen/Qwen2.5-1.5B,0.1,1,4
philosophy/191,0.546040415763855,0.6417256593704224,False,Qwen/Qwen2.5-1.5B,0.1,1,4
philosophy/192,0.9365043044090271,0.9037140011787415,False,Qwen/Qwen2.5-1.5B,0.1,1,4
philosophy/193,0.5269519686698914,0.46103182435035706,False,Qwen/Qwen2.5-1.5B,0.1,1,4
philosophy/194,0.7796196937561035,0.5823970437049866,False,Qwen/Qwen2.5-1.5B,0.1,1,4
philosophy/195,0.7473275065422058,0.435670405626297,False,Qwen/Qwen2.5-1.5B,0.1,1,4
philosophy/196,0.5911514163017273,0.42454540729522705,False,Qwen/Qwen2.5-1.5B,0.1,1,4
philosophy/197,0.13882216811180115,0.11294323951005936,False,Qwen/Qwen2.5-1.5B,0.1,1,4
philosophy/198,0.03763094171881676,0.05611465871334076,False,Qwen/Qwen2.5-1.5B,0.1,1,4
philosophy/199,0.95662921667099,0.9458885788917542,False,Qwen/Qwen2.5-1.5B,0.1,1,4
philosophy/200,0.4291248023509979,0.3436388671398163,False,Qwen/Qwen2.5-1.5B,0.1,1,4
philosophy/201,0.2635490894317627,0.3261423110961914,False,Qwen/Qwen2.5-1.5B,0.1,1,4
philosophy/202,0.459584504365921,0.5814988017082214,False,Qwen/Qwen2.5-1.5B,0.1,1,4
philosophy/203,0.047515738755464554,0.11262885481119156,False,Qwen/Qwen2.5-1.5B,0.1,1,4
philosophy/204,0.6188584566116333,0.5336095690727234,False,Qwen/Qwen2.5-1.5B,0.1,1,4
philosophy/205,0.8670893311500549,0.7854272127151489,False,Qwen/Qwen2.5-1.5B,0.1,1,4
philosophy/206,0.6469308733940125,0.4827914834022522,True,Qwen/Qwen2.5-1.5B,0.1,1,4
philosophy/207,0.9216167330741882,0.84039705991745,False,Qwen/Qwen2.5-1.5B,0.1,1,4
philosophy/208,0.04188264161348343,0.13914854824543,False,Qwen/Qwen2.5-1.5B,0.1,1,4
philosophy/209,0.5499177575111389,0.4133102595806122,False,Qwen/Qwen2.5-1.5B,0.1,1,4
philosophy/210,0.058536749333143234,0.04909694567322731,False,Qwen/Qwen2.5-1.5B,0.1,1,4
philosophy/211,0.8502516150474548,0.8438112735748291,False,Qwen/Qwen2.5-1.5B,0.1,1,4
philosophy/212,0.0177761297672987,0.049110960215330124,False,Qwen/Qwen2.5-1.5B,0.1,1,4
philosophy/213,0.10899212211370468,0.14005857706069946,True,Qwen/Qwen2.5-1.5B,0.1,1,4
philosophy/214,0.6248769164085388,0.5585504770278931,False,Qwen/Qwen2.5-1.5B,0.1,1,4
philosophy/215,0.5078731179237366,0.6171026825904846,False,Qwen/Qwen2.5-1.5B,0.1,1,4
philosophy/216,0.4535463750362396,0.2978917956352234,False,Qwen/Qwen2.5-1.5B,0.1,1,4
philosophy/217,0.9894124865531921,0.990261971950531,False,Qwen/Qwen2.5-1.5B,0.1,1,4
philosophy/218,0.7779374718666077,0.7453417778015137,False,Qwen/Qwen2.5-1.5B,0.1,1,4
philosophy/219,0.7492698431015015,0.5380731821060181,False,Qwen/Qwen2.5-1.5B,0.1,1,4
philosophy/220,0.21258480846881866,0.20747527480125427,False,Qwen/Qwen2.5-1.5B,0.1,1,4
philosophy/221,0.2716526687145233,0.3909352719783783,False,Qwen/Qwen2.5-1.5B,0.1,1,4
philosophy/222,0.9707226157188416,0.9274073243141174,False,Qwen/Qwen2.5-1.5B,0.1,1,4
philosophy/223,0.2034560739994049,0.20178228616714478,False,Qwen/Qwen2.5-1.5B,0.1,1,4
philosophy/224,0.9950095415115356,0.9907664060592651,False,Qwen/Qwen2.5-1.5B,0.1,1,4
philosophy/225,0.9652190804481506,0.9531744122505188,True,Qwen/Qwen2.5-1.5B,0.1,1,4
philosophy/226,0.12993024289608002,0.15534132719039917,False,Qwen/Qwen2.5-1.5B,0.1,1,4
philosophy/227,0.9438633322715759,0.8707721829414368,False,Qwen/Qwen2.5-1.5B,0.1,1,4
philosophy/228,0.9774104952812195,0.9506611227989197,False,Qwen/Qwen2.5-1.5B,0.1,1,4
philosophy/229,0.9126513004302979,0.6286616921424866,False,Qwen/Qwen2.5-1.5B,0.1,1,4
philosophy/230,0.826831042766571,0.6097084879875183,False,Qwen/Qwen2.5-1.5B,0.1,1,4
philosophy/231,0.47403186559677124,0.2739764451980591,False,Qwen/Qwen2.5-1.5B,0.1,1,4
philosophy/232,0.5863432884216309,0.638319194316864,False,Qwen/Qwen2.5-1.5B,0.1,1,4
philosophy/233,0.09520214051008224,0.14412744343280792,False,Qwen/Qwen2.5-1.5B,0.1,1,4
philosophy/234,0.9759097695350647,0.9682906866073608,False,Qwen/Qwen2.5-1.5B,0.1,1,4
philosophy/235,0.9858031272888184,0.9506884813308716,True,Qwen/Qwen2.5-1.5B,0.1,1,4
philosophy/236,0.22749921679496765,0.29457369446754456,False,Qwen/Qwen2.5-1.5B,0.1,1,4
philosophy/237,0.04283924400806427,0.05704405903816223,True,Qwen/Qwen2.5-1.5B,0.1,1,4
philosophy/238,0.19773301482200623,0.21190562844276428,False,Qwen/Qwen2.5-1.5B,0.1,1,4
philosophy/239,0.9186634421348572,0.8418591022491455,True,Qwen/Qwen2.5-1.5B,0.1,1,4
philosophy/240,0.27328088879585266,0.170455202460289,False,Qwen/Qwen2.5-1.5B,0.1,1,4
philosophy/241,0.02182125300168991,0.05587015673518181,True,Qwen/Qwen2.5-1.5B,0.1,1,4
philosophy/242,0.04516829177737236,0.048591624945402145,False,Qwen/Qwen2.5-1.5B,0.1,1,4
philosophy/243,0.30474960803985596,0.36007338762283325,False,Qwen/Qwen2.5-1.5B,0.1,1,4
philosophy/244,0.03007608838379383,0.04096757993102074,False,Qwen/Qwen2.5-1.5B,0.1,1,4
philosophy/245,0.8937646746635437,0.922389030456543,False,Qwen/Qwen2.5-1.5B,0.1,1,4
philosophy/246,0.9165497422218323,0.9081235527992249,False,Qwen/Qwen2.5-1.5B,0.1,1,4
philosophy/247,0.9962489008903503,0.981544017791748,False,Qwen/Qwen2.5-1.5B,0.1,1,4
philosophy/248,0.7202184796333313,0.8276053667068481,False,Qwen/Qwen2.5-1.5B,0.1,1,4
philosophy/249,0.20455095171928406,0.2303311675786972,True,Qwen/Qwen2.5-1.5B,0.1,1,4
philosophy/250,0.974890947341919,0.9414421319961548,True,Qwen/Qwen2.5-1.5B,0.1,1,4
philosophy/251,0.8282262682914734,0.6516567468643188,False,Qwen/Qwen2.5-1.5B,0.1,1,4
philosophy/252,0.8990852236747742,0.9060033559799194,False,Qwen/Qwen2.5-1.5B,0.1,1,4
philosophy/253,0.11214456707239151,0.10682207345962524,False,Qwen/Qwen2.5-1.5B,0.1,1,4
philosophy/254,0.29049453139305115,0.33929547667503357,False,Qwen/Qwen2.5-1.5B,0.1,1,4
philosophy/255,0.7790342569351196,0.7417256236076355,False,Qwen/Qwen2.5-1.5B,0.1,1,4
philosophy/256,0.3597535490989685,0.4087654650211334,False,Qwen/Qwen2.5-1.5B,0.1,1,4
philosophy/257,0.5393472909927368,0.34721294045448303,False,Qwen/Qwen2.5-1.5B,0.1,1,4
philosophy/258,0.26097995042800903,0.26392024755477905,False,Qwen/Qwen2.5-1.5B,0.1,1,4
philosophy/259,0.8611441850662231,0.7459593415260315,False,Qwen/Qwen2.5-1.5B,0.1,1,4
philosophy/260,0.9760990738868713,0.9125415086746216,False,Qwen/Qwen2.5-1.5B,0.1,1,4
philosophy/261,0.2521255910396576,0.3128306269645691,False,Qwen/Qwen2.5-1.5B,0.1,1,4
philosophy/262,0.648283064365387,0.4025329649448395,False,Qwen/Qwen2.5-1.5B,0.1,1,4
philosophy/263,0.5013640522956848,0.5870791077613831,False,Qwen/Qwen2.5-1.5B,0.1,1,4
philosophy/264,0.42799681425094604,0.39232075214385986,False,Qwen/Qwen2.5-1.5B,0.1,1,4
philosophy/265,0.3993728458881378,0.24954354763031006,False,Qwen/Qwen2.5-1.5B,0.1,1,4
philosophy/266,0.030226461589336395,0.04774979129433632,False,Qwen/Qwen2.5-1.5B,0.1,1,4
philosophy/267,0.7566407918930054,0.7007879614830017,False,Qwen/Qwen2.5-1.5B,0.1,1,4
philosophy/268,0.8101857304573059,0.8400311470031738,False,Qwen/Qwen2.5-1.5B,0.1,1,4
philosophy/269,0.1007058322429657,0.09077803045511246,False,Qwen/Qwen2.5-1.5B,0.1,1,4
philosophy/270,0.5556647181510925,0.6288500428199768,True,Qwen/Qwen2.5-1.5B,0.1,1,4
philosophy/271,0.11971273273229599,0.10428905487060547,False,Qwen/Qwen2.5-1.5B,0.1,1,4
philosophy/272,0.7178879380226135,0.6617344617843628,True,Qwen/Qwen2.5-1.5B,0.1,1,4
philosophy/273,0.6474142074584961,0.5143587589263916,False,Qwen/Qwen2.5-1.5B,0.1,1,4
philosophy/274,0.8785765171051025,0.7594968676567078,False,Qwen/Qwen2.5-1.5B,0.1,1,4
philosophy/275,0.9298642873764038,0.8846951723098755,False,Qwen/Qwen2.5-1.5B,0.1,1,4
philosophy/276,0.8309317231178284,0.7443289160728455,False,Qwen/Qwen2.5-1.5B,0.1,1,4
philosophy/277,0.9994369149208069,0.993690013885498,False,Qwen/Qwen2.5-1.5B,0.1,1,4
philosophy/278,0.2580254375934601,0.2486228495836258,False,Qwen/Qwen2.5-1.5B,0.1,1,4
philosophy/279,0.9971875548362732,0.9930108189582825,False,Qwen/Qwen2.5-1.5B,0.1,1,4
philosophy/280,0.3740983307361603,0.2819526195526123,False,Qwen/Qwen2.5-1.5B,0.1,1,4
philosophy/281,0.24041438102722168,0.252315878868103,False,Qwen/Qwen2.5-1.5B,0.1,1,4
philosophy/282,0.9979547262191772,0.9920772910118103,False,Qwen/Qwen2.5-1.5B,0.1,1,4
philosophy/283,0.6762155294418335,0.3733890652656555,False,Qwen/Qwen2.5-1.5B,0.1,1,4
philosophy/284,0.9085744619369507,0.9170652031898499,False,Qwen/Qwen2.5-1.5B,0.1,1,4
philosophy/285,0.5469048023223877,0.38898763060569763,False,Qwen/Qwen2.5-1.5B,0.1,1,4
philosophy/286,0.13474516570568085,0.14745527505874634,False,Qwen/Qwen2.5-1.5B,0.1,1,4
philosophy/287,0.3333929777145386,0.45005860924720764,False,Qwen/Qwen2.5-1.5B,0.1,1,4
philosophy/288,0.12805064022541046,0.10482403635978699,False,Qwen/Qwen2.5-1.5B,0.1,1,4
philosophy/289,0.7444056868553162,0.662781298160553,True,Qwen/Qwen2.5-1.5B,0.1,1,4
philosophy/290,0.9811972975730896,0.9646533131599426,False,Qwen/Qwen2.5-1.5B,0.1,1,4
philosophy/291,0.6247491240501404,0.4669899642467499,False,Qwen/Qwen2.5-1.5B,0.1,1,4
philosophy/292,0.7481441497802734,0.5836203098297119,False,Qwen/Qwen2.5-1.5B,0.1,1,4
philosophy/293,0.4495742619037628,0.46254637837409973,True,Qwen/Qwen2.5-1.5B,0.1,1,4
philosophy/294,0.15855130553245544,0.13185998797416687,False,Qwen/Qwen2.5-1.5B,0.1,1,4
philosophy/295,0.6971591711044312,0.5533879995346069,False,Qwen/Qwen2.5-1.5B,0.1,1,4
philosophy/296,0.8533225655555725,0.7813742160797119,True,Qwen/Qwen2.5-1.5B,0.1,1,4
philosophy/297,0.017664754763245583,0.04597947373986244,False,Qwen/Qwen2.5-1.5B,0.1,1,4
philosophy/298,0.14204341173171997,0.20051966607570648,True,Qwen/Qwen2.5-1.5B,0.1,1,4
philosophy/299,0.4220266044139862,0.37118056416511536,False,Qwen/Qwen2.5-1.5B,0.1,1,4
philosophy/300,0.7578129172325134,0.7299579381942749,False,Qwen/Qwen2.5-1.5B,0.1,1,4
philosophy/301,0.6047656536102295,0.6220402717590332,False,Qwen/Qwen2.5-1.5B,0.1,1,4
philosophy/302,0.9721441864967346,0.951197624206543,False,Qwen/Qwen2.5-1.5B,0.1,1,4
philosophy/303,0.04890529811382294,0.07082779705524445,False,Qwen/Qwen2.5-1.5B,0.1,1,4
philosophy/304,0.9994643330574036,0.9962039589881897,False,Qwen/Qwen2.5-1.5B,0.1,1,4
philosophy/305,0.41718995571136475,0.19362784922122955,False,Qwen/Qwen2.5-1.5B,0.1,1,4
philosophy/306,0.45809993147850037,0.6580657362937927,False,Qwen/Qwen2.5-1.5B,0.1,1,4
philosophy/307,0.7136252522468567,0.5561463832855225,False,Qwen/Qwen2.5-1.5B,0.1,1,4
philosophy/308,0.3919122815132141,0.4015210270881653,False,Qwen/Qwen2.5-1.5B,0.1,1,4
philosophy/309,0.41761210560798645,0.39420825242996216,False,Qwen/Qwen2.5-1.5B,0.1,1,4
philosophy/310,0.9970182180404663,0.9841700792312622,False,Qwen/Qwen2.5-1.5B,0.1,1,4
marketing/0,0.9652537107467651,0.9600642919540405,False,Qwen/Qwen2.5-1.5B,0.1,1,4
marketing/1,0.8707259893417358,0.8136183023452759,False,Qwen/Qwen2.5-1.5B,0.1,1,4
marketing/2,0.1390908807516098,0.1800394356250763,True,Qwen/Qwen2.5-1.5B,0.1,1,4
marketing/3,0.2702503204345703,0.31998127698898315,False,Qwen/Qwen2.5-1.5B,0.1,1,4
marketing/4,0.8870733380317688,0.9040815234184265,False,Qwen/Qwen2.5-1.5B,0.1,1,4
marketing/5,0.9124481678009033,0.8811243772506714,False,Qwen/Qwen2.5-1.5B,0.1,1,4
marketing/6,0.9796177744865417,0.978356659412384,False,Qwen/Qwen2.5-1.5B,0.1,1,4
marketing/7,0.10063180327415466,0.1546069085597992,False,Qwen/Qwen2.5-1.5B,0.1,1,4
marketing/8,0.9925218224525452,0.9765506386756897,False,Qwen/Qwen2.5-1.5B,0.1,1,4
marketing/9,0.08679792284965515,0.14676247537136078,False,Qwen/Qwen2.5-1.5B,0.1,1,4
marketing/10,0.9879128336906433,0.9786296486854553,False,Qwen/Qwen2.5-1.5B,0.1,1,4
marketing/11,0.3213534951210022,0.41728687286376953,False,Qwen/Qwen2.5-1.5B,0.1,1,4
marketing/12,0.9117793440818787,0.9580712914466858,False,Qwen/Qwen2.5-1.5B,0.1,1,4
marketing/13,0.9768570065498352,0.9607990980148315,False,Qwen/Qwen2.5-1.5B,0.1,1,4
marketing/14,0.7935932874679565,0.7886661291122437,False,Qwen/Qwen2.5-1.5B,0.1,1,4
marketing/15,0.9992867112159729,0.9981605410575867,False,Qwen/Qwen2.5-1.5B,0.1,1,4
marketing/16,0.9469290971755981,0.9178059697151184,False,Qwen/Qwen2.5-1.5B,0.1,1,4
marketing/17,0.9786862134933472,0.9245820641517639,False,Qwen/Qwen2.5-1.5B,0.1,1,4
marketing/18,0.43874719738960266,0.34816914796829224,False,Qwen/Qwen2.5-1.5B,0.1,1,4
marketing/19,0.8046223521232605,0.7027695178985596,False,Qwen/Qwen2.5-1.5B,0.1,1,4
marketing/20,0.996716320514679,0.9923732876777649,False,Qwen/Qwen2.5-1.5B,0.1,1,4
marketing/21,0.9786978363990784,0.9734000563621521,False,Qwen/Qwen2.5-1.5B,0.1,1,4
marketing/22,0.983669102191925,0.9389982223510742,True,Qwen/Qwen2.5-1.5B,0.1,1,4
marketing/23,0.8648523092269897,0.7601947784423828,True,Qwen/Qwen2.5-1.5B,0.1,1,4
marketing/24,0.98579341173172,0.9882367253303528,False,Qwen/Qwen2.5-1.5B,0.1,1,4
marketing/25,0.9842140674591064,0.9796582460403442,False,Qwen/Qwen2.5-1.5B,0.1,1,4
marketing/26,0.4988971948623657,0.5421041250228882,False,Qwen/Qwen2.5-1.5B,0.1,1,4
marketing/27,0.9765421152114868,0.9213355183601379,False,Qwen/Qwen2.5-1.5B,0.1,1,4
marketing/28,0.9846754670143127,0.9778447151184082,False,Qwen/Qwen2.5-1.5B,0.1,1,4
marketing/29,0.9769731760025024,0.9779990911483765,True,Qwen/Qwen2.5-1.5B,0.1,1,4
marketing/30,0.9889000654220581,0.9838042855262756,False,Qwen/Qwen2.5-1.5B,0.1,1,4
marketing/31,0.9949952363967896,0.9916774034500122,False,Qwen/Qwen2.5-1.5B,0.1,1,4
marketing/32,0.38716837763786316,0.40281546115875244,False,Qwen/Qwen2.5-1.5B,0.1,1,4
marketing/33,0.9925797581672668,0.9890940189361572,True,Qwen/Qwen2.5-1.5B,0.1,1,4
marketing/34,0.5225192904472351,0.6138603687286377,True,Qwen/Qwen2.5-1.5B,0.1,1,4
marketing/35,0.763514518737793,0.7384018301963806,False,Qwen/Qwen2.5-1.5B,0.1,1,4
marketing/36,0.7725993990898132,0.82491135597229,False,Qwen/Qwen2.5-1.5B,0.1,1,4
marketing/37,0.9470241069793701,0.9266465902328491,False,Qwen/Qwen2.5-1.5B,0.1,1,4
marketing/38,0.7379012703895569,0.6964825391769409,False,Qwen/Qwen2.5-1.5B,0.1,1,4
marketing/39,0.9634996056556702,0.9563151597976685,False,Qwen/Qwen2.5-1.5B,0.1,1,4
marketing/40,0.9293165802955627,0.9025791883468628,False,Qwen/Qwen2.5-1.5B,0.1,1,4
marketing/41,0.7081369161605835,0.7403315901756287,False,Qwen/Qwen2.5-1.5B,0.1,1,4
marketing/42,0.9451929330825806,0.9368826150894165,False,Qwen/Qwen2.5-1.5B,0.1,1,4
marketing/43,0.8245924711227417,0.9006586670875549,False,Qwen/Qwen2.5-1.5B,0.1,1,4
marketing/44,0.761824905872345,0.7860989570617676,False,Qwen/Qwen2.5-1.5B,0.1,1,4
marketing/45,0.9462785720825195,0.933303952217102,False,Qwen/Qwen2.5-1.5B,0.1,1,4
marketing/46,0.9940999150276184,0.9874109625816345,False,Qwen/Qwen2.5-1.5B,0.1,1,4
marketing/47,0.98384028673172,0.9864233136177063,False,Qwen/Qwen2.5-1.5B,0.1,1,4
marketing/48,0.9672890305519104,0.96705162525177,False,Qwen/Qwen2.5-1.5B,0.1,1,4
marketing/49,0.9778353571891785,0.9734190702438354,False,Qwen/Qwen2.5-1.5B,0.1,1,4
marketing/50,0.9811381101608276,0.9477841258049011,False,Qwen/Qwen2.5-1.5B,0.1,1,4
marketing/51,0.9027746319770813,0.9325358867645264,False,Qwen/Qwen2.5-1.5B,0.1,1,4
marketing/52,0.9324991703033447,0.8804965019226074,False,Qwen/Qwen2.5-1.5B,0.1,1,4
marketing/53,0.9959611296653748,0.9945456981658936,False,Qwen/Qwen2.5-1.5B,0.1,1,4
marketing/54,0.18942891061306,0.09068613499403,False,Qwen/Qwen2.5-1.5B,0.1,1,4
marketing/55,0.23106350004673004,0.2204371988773346,False,Qwen/Qwen2.5-1.5B,0.1,1,4
marketing/56,0.896996796131134,0.8561723232269287,False,Qwen/Qwen2.5-1.5B,0.1,1,4
marketing/57,0.9969626069068909,0.9891839027404785,False,Qwen/Qwen2.5-1.5B,0.1,1,4
marketing/58,0.9801313281059265,0.9626704454421997,False,Qwen/Qwen2.5-1.5B,0.1,1,4
marketing/59,0.9987590312957764,0.9988760352134705,False,Qwen/Qwen2.5-1.5B,0.1,1,4
marketing/60,0.9809175729751587,0.9322367906570435,True,Qwen/Qwen2.5-1.5B,0.1,1,4
marketing/61,0.9964985847473145,0.9961428046226501,False,Qwen/Qwen2.5-1.5B,0.1,1,4
marketing/62,0.9425122737884521,0.9118478298187256,False,Qwen/Qwen2.5-1.5B,0.1,1,4
marketing/63,0.8249052166938782,0.7784683108329773,False,Qwen/Qwen2.5-1.5B,0.1,1,4
marketing/64,0.9026888608932495,0.9508669376373291,False,Qwen/Qwen2.5-1.5B,0.1,1,4
marketing/65,0.39330053329467773,0.39885783195495605,False,Qwen/Qwen2.5-1.5B,0.1,1,4
marketing/66,0.9944038391113281,0.989962100982666,False,Qwen/Qwen2.5-1.5B,0.1,1,4
marketing/67,0.6319732069969177,0.6469851732254028,False,Qwen/Qwen2.5-1.5B,0.1,1,4
marketing/68,0.44420966506004333,0.4179367423057556,False,Qwen/Qwen2.5-1.5B,0.1,1,4
marketing/69,0.9729044437408447,0.9754887223243713,False,Qwen/Qwen2.5-1.5B,0.1,1,4
marketing/70,0.9968053102493286,0.9935958981513977,False,Qwen/Qwen2.5-1.5B,0.1,1,4
marketing/71,0.8652441501617432,0.9573131799697876,False,Qwen/Qwen2.5-1.5B,0.1,1,4
marketing/72,0.49564826488494873,0.6668269634246826,False,Qwen/Qwen2.5-1.5B,0.1,1,4
marketing/73,0.37510988116264343,0.36821168661117554,False,Qwen/Qwen2.5-1.5B,0.1,1,4
marketing/74,0.820467472076416,0.8881469964981079,False,Qwen/Qwen2.5-1.5B,0.1,1,4
marketing/75,0.9974381923675537,0.9970979690551758,False,Qwen/Qwen2.5-1.5B,0.1,1,4
marketing/76,0.996903121471405,0.989656925201416,False,Qwen/Qwen2.5-1.5B,0.1,1,4
marketing/77,0.6123472452163696,0.7208530902862549,True,Qwen/Qwen2.5-1.5B,0.1,1,4
marketing/78,0.9815036058425903,0.9826738238334656,False,Qwen/Qwen2.5-1.5B,0.1,1,4
marketing/79,0.5309422612190247,0.5227018594741821,False,Qwen/Qwen2.5-1.5B,0.1,1,4
marketing/80,0.7020290493965149,0.702112078666687,False,Qwen/Qwen2.5-1.5B,0.1,1,4
marketing/81,0.995743453502655,0.9899915456771851,False,Qwen/Qwen2.5-1.5B,0.1,1,4
marketing/82,0.35170456767082214,0.3373892605304718,True,Qwen/Qwen2.5-1.5B,0.1,1,4
marketing/83,0.9805777072906494,0.9839571714401245,True,Qwen/Qwen2.5-1.5B,0.1,1,4
marketing/84,0.9806680679321289,0.9758909344673157,False,Qwen/Qwen2.5-1.5B,0.1,1,4
marketing/85,0.9864633083343506,0.98868328332901,False,Qwen/Qwen2.5-1.5B,0.1,1,4
marketing/86,0.9783305525779724,0.9512616991996765,False,Qwen/Qwen2.5-1.5B,0.1,1,4
marketing/87,0.5967676043510437,0.4851238429546356,False,Qwen/Qwen2.5-1.5B,0.1,1,4
marketing/88,0.929574728012085,0.9304808974266052,False,Qwen/Qwen2.5-1.5B,0.1,1,4
marketing/89,0.9786226749420166,0.8985536694526672,False,Qwen/Qwen2.5-1.5B,0.1,1,4
marketing/90,0.262070894241333,0.2963949143886566,False,Qwen/Qwen2.5-1.5B,0.1,1,4
marketing/91,0.22157913446426392,0.30212298035621643,False,Qwen/Qwen2.5-1.5B,0.1,1,4
marketing/92,0.39209794998168945,0.388333261013031,False,Qwen/Qwen2.5-1.5B,0.1,1,4
marketing/93,0.9756160378456116,0.9821099638938904,False,Qwen/Qwen2.5-1.5B,0.1,1,4
marketing/94,0.9976640939712524,0.9962828755378723,False,Qwen/Qwen2.5-1.5B,0.1,1,4
marketing/95,0.9981820583343506,0.9950309991836548,False,Qwen/Qwen2.5-1.5B,0.1,1,4
marketing/96,0.23569437861442566,0.31046316027641296,False,Qwen/Qwen2.5-1.5B,0.1,1,4
marketing/97,0.31299230456352234,0.3923327624797821,False,Qwen/Qwen2.5-1.5B,0.1,1,4
marketing/98,0.9858647584915161,0.9744097590446472,False,Qwen/Qwen2.5-1.5B,0.1,1,4
marketing/99,0.14126159250736237,0.31973594427108765,True,Qwen/Qwen2.5-1.5B,0.1,1,4
marketing/100,0.9960994720458984,0.9938716888427734,False,Qwen/Qwen2.5-1.5B,0.1,1,4
marketing/101,0.7620580792427063,0.8418077826499939,False,Qwen/Qwen2.5-1.5B,0.1,1,4
marketing/102,0.971350908279419,0.9203313589096069,False,Qwen/Qwen2.5-1.5B,0.1,1,4
marketing/103,0.3348846435546875,0.34358343482017517,False,Qwen/Qwen2.5-1.5B,0.1,1,4
marketing/104,0.29889294505119324,0.35186582803726196,False,Qwen/Qwen2.5-1.5B,0.1,1,4
marketing/105,0.4120505750179291,0.39642348885536194,False,Qwen/Qwen2.5-1.5B,0.1,1,4
marketing/106,0.9952493906021118,0.990610659122467,True,Qwen/Qwen2.5-1.5B,0.1,1,4
marketing/107,0.9490126967430115,0.9180142879486084,False,Qwen/Qwen2.5-1.5B,0.1,1,4
marketing/108,0.9977082014083862,0.9944162368774414,False,Qwen/Qwen2.5-1.5B,0.1,1,4
marketing/109,0.24324773252010345,0.282575398683548,False,Qwen/Qwen2.5-1.5B,0.1,1,4
marketing/110,0.9591659307479858,0.9588684439659119,False,Qwen/Qwen2.5-1.5B,0.1,1,4
marketing/111,0.8136963248252869,0.773574948310852,False,Qwen/Qwen2.5-1.5B,0.1,1,4
marketing/112,0.9866381883621216,0.9764569401741028,False,Qwen/Qwen2.5-1.5B,0.1,1,4
marketing/113,0.9789044260978699,0.9792249798774719,False,Qwen/Qwen2.5-1.5B,0.1,1,4
marketing/114,0.9569429755210876,0.9432542324066162,False,Qwen/Qwen2.5-1.5B,0.1,1,4
marketing/115,0.11667178571224213,0.09358454495668411,False,Qwen/Qwen2.5-1.5B,0.1,1,4
marketing/116,0.9897387623786926,0.9880616664886475,False,Qwen/Qwen2.5-1.5B,0.1,1,4
marketing/117,0.8106404542922974,0.8860992193222046,False,Qwen/Qwen2.5-1.5B,0.1,1,4
marketing/118,0.27832791209220886,0.329990029335022,False,Qwen/Qwen2.5-1.5B,0.1,1,4
marketing/119,0.9979585409164429,0.9957746863365173,False,Qwen/Qwen2.5-1.5B,0.1,1,4
marketing/120,0.9771652221679688,0.9204944968223572,False,Qwen/Qwen2.5-1.5B,0.1,1,4
marketing/121,0.9589464068412781,0.9292957782745361,False,Qwen/Qwen2.5-1.5B,0.1,1,4
marketing/122,0.8088167905807495,0.7159174680709839,False,Qwen/Qwen2.5-1.5B,0.1,1,4
marketing/123,0.15986067056655884,0.17371344566345215,False,Qwen/Qwen2.5-1.5B,0.1,1,4
marketing/124,0.9292619228363037,0.8701725602149963,False,Qwen/Qwen2.5-1.5B,0.1,1,4
marketing/125,0.995112955570221,0.9922310709953308,False,Qwen/Qwen2.5-1.5B,0.1,1,4
marketing/126,0.931069552898407,0.8686076402664185,False,Qwen/Qwen2.5-1.5B,0.1,1,4
marketing/127,0.9634975790977478,0.9438247680664062,True,Qwen/Qwen2.5-1.5B,0.1,1,4
marketing/128,0.3266581594944,0.47336962819099426,False,Qwen/Qwen2.5-1.5B,0.1,1,4
marketing/129,0.014239506796002388,0.053547535091638565,False,Qwen/Qwen2.5-1.5B,0.1,1,4
marketing/130,0.9908487796783447,0.9821010231971741,False,Qwen/Qwen2.5-1.5B,0.1,1,4
marketing/131,0.9944379329681396,0.987837016582489,False,Qwen/Qwen2.5-1.5B,0.1,1,4
marketing/132,0.9934182167053223,0.9873008728027344,False,Qwen/Qwen2.5-1.5B,0.1,1,4
marketing/133,0.9162834286689758,0.8046950697898865,False,Qwen/Qwen2.5-1.5B,0.1,1,4
marketing/134,0.9958513975143433,0.9777581095695496,False,Qwen/Qwen2.5-1.5B,0.1,1,4
marketing/135,0.9861834049224854,0.9676482081413269,True,Qwen/Qwen2.5-1.5B,0.1,1,4
marketing/136,0.8888723254203796,0.7117400169372559,False,Qwen/Qwen2.5-1.5B,0.1,1,4
marketing/137,0.4016244411468506,0.280559241771698,True,Qwen/Qwen2.5-1.5B,0.1,1,4
marketing/138,0.2411205768585205,0.28690096735954285,False,Qwen/Qwen2.5-1.5B,0.1,1,4
marketing/139,0.7698906660079956,0.8166590929031372,False,Qwen/Qwen2.5-1.5B,0.1,1,4
marketing/140,0.9899024963378906,0.9882827401161194,False,Qwen/Qwen2.5-1.5B,0.1,1,4
marketing/141,0.9879516959190369,0.9746519327163696,False,Qwen/Qwen2.5-1.5B,0.1,1,4
marketing/142,0.9909893870353699,0.994196891784668,False,Qwen/Qwen2.5-1.5B,0.1,1,4
marketing/143,0.8872511982917786,0.7620378136634827,False,Qwen/Qwen2.5-1.5B,0.1,1,4
marketing/144,0.29213643074035645,0.49665844440460205,False,Qwen/Qwen2.5-1.5B,0.1,1,4
marketing/145,0.061295900493860245,0.1828511357307434,False,Qwen/Qwen2.5-1.5B,0.1,1,4
marketing/146,0.9887574315071106,0.9808639287948608,False,Qwen/Qwen2.5-1.5B,0.1,1,4
marketing/147,0.9862558245658875,0.9734002947807312,False,Qwen/Qwen2.5-1.5B,0.1,1,4
marketing/148,0.9978929162025452,0.9923266172409058,False,Qwen/Qwen2.5-1.5B,0.1,1,4
marketing/149,0.9742841720581055,0.9750344157218933,False,Qwen/Qwen2.5-1.5B,0.1,1,4
marketing/150,0.9417769908905029,0.9650322794914246,False,Qwen/Qwen2.5-1.5B,0.1,1,4
marketing/151,0.34281978011131287,0.49719956517219543,False,Qwen/Qwen2.5-1.5B,0.1,1,4
marketing/152,0.9970268607139587,0.9951156377792358,False,Qwen/Qwen2.5-1.5B,0.1,1,4
marketing/153,0.4809304475784302,0.390437513589859,False,Qwen/Qwen2.5-1.5B,0.1,1,4
marketing/154,0.9776853919029236,0.9395548701286316,False,Qwen/Qwen2.5-1.5B,0.1,1,4
marketing/155,0.7519944310188293,0.720031201839447,False,Qwen/Qwen2.5-1.5B,0.1,1,4
marketing/156,0.9396176934242249,0.9227870106697083,False,Qwen/Qwen2.5-1.5B,0.1,1,4
marketing/157,0.16569079458713531,0.1521158069372177,False,Qwen/Qwen2.5-1.5B,0.1,1,4
marketing/158,0.9923102855682373,0.9934351444244385,False,Qwen/Qwen2.5-1.5B,0.1,1,4
marketing/159,0.6445056200027466,0.8064571022987366,False,Qwen/Qwen2.5-1.5B,0.1,1,4
marketing/160,0.9984455704689026,0.9939121007919312,False,Qwen/Qwen2.5-1.5B,0.1,1,4
marketing/161,0.06189072132110596,0.061005983501672745,False,Qwen/Qwen2.5-1.5B,0.1,1,4
marketing/162,0.9875261187553406,0.9885089993476868,False,Qwen/Qwen2.5-1.5B,0.1,1,4
marketing/163,0.9078993797302246,0.9441015720367432,False,Qwen/Qwen2.5-1.5B,0.1,1,4
marketing/164,0.9992474317550659,0.99504554271698,True,Qwen/Qwen2.5-1.5B,0.1,1,4
marketing/165,0.08641938120126724,0.05648602172732353,False,Qwen/Qwen2.5-1.5B,0.1,1,4
marketing/166,0.9459558725357056,0.9292940497398376,False,Qwen/Qwen2.5-1.5B,0.1,1,4
marketing/167,0.9979475140571594,0.9973779916763306,False,Qwen/Qwen2.5-1.5B,0.1,1,4
marketing/168,0.9444310069084167,0.9197586178779602,False,Qwen/Qwen2.5-1.5B,0.1,1,4
marketing/169,0.9235650897026062,0.942683219909668,False,Qwen/Qwen2.5-1.5B,0.1,1,4
marketing/170,0.9915937185287476,0.9646134972572327,False,Qwen/Qwen2.5-1.5B,0.1,1,4
marketing/171,0.9565088152885437,0.9410440921783447,True,Qwen/Qwen2.5-1.5B,0.1,1,4
marketing/172,0.6573498249053955,0.7609399557113647,False,Qwen/Qwen2.5-1.5B,0.1,1,4
marketing/173,0.6556422710418701,0.6487600803375244,False,Qwen/Qwen2.5-1.5B,0.1,1,4
marketing/174,0.9416760802268982,0.9198057055473328,False,Qwen/Qwen2.5-1.5B,0.1,1,4
marketing/175,0.5678198933601379,0.5330348014831543,False,Qwen/Qwen2.5-1.5B,0.1,1,4
marketing/176,0.9390949010848999,0.7538700699806213,False,Qwen/Qwen2.5-1.5B,0.1,1,4
marketing/177,0.9860740900039673,0.9876201152801514,False,Qwen/Qwen2.5-1.5B,0.1,1,4
marketing/178,0.8652647733688354,0.789516806602478,False,Qwen/Qwen2.5-1.5B,0.1,1,4
marketing/179,0.9984254837036133,0.9976807832717896,True,Qwen/Qwen2.5-1.5B,0.1,1,4
marketing/180,0.9402071237564087,0.9087167382240295,False,Qwen/Qwen2.5-1.5B,0.1,1,4
marketing/181,0.13282322883605957,0.13903038203716278,False,Qwen/Qwen2.5-1.5B,0.1,1,4
marketing/182,0.8824453949928284,0.8869256973266602,False,Qwen/Qwen2.5-1.5B,0.1,1,4
marketing/183,0.13065071403980255,0.1872854381799698,False,Qwen/Qwen2.5-1.5B,0.1,1,4
marketing/184,0.04002426937222481,0.047189660370349884,False,Qwen/Qwen2.5-1.5B,0.1,1,4
marketing/185,0.5884675979614258,0.5573558807373047,False,Qwen/Qwen2.5-1.5B,0.1,1,4
marketing/186,0.945342481136322,0.9130622744560242,False,Qwen/Qwen2.5-1.5B,0.1,1,4
marketing/187,0.9327987432479858,0.9270576238632202,False,Qwen/Qwen2.5-1.5B,0.1,1,4
marketing/188,0.9067088961601257,0.9048763513565063,False,Qwen/Qwen2.5-1.5B,0.1,1,4
marketing/189,0.9977750182151794,0.99519944190979,False,Qwen/Qwen2.5-1.5B,0.1,1,4
marketing/190,0.9964123368263245,0.9926168322563171,False,Qwen/Qwen2.5-1.5B,0.1,1,4
marketing/191,0.9896206855773926,0.9882782101631165,False,Qwen/Qwen2.5-1.5B,0.1,1,4
marketing/192,0.07399018108844757,0.05689951777458191,False,Qwen/Qwen2.5-1.5B,0.1,1,4
marketing/193,0.5026645660400391,0.4576840400695801,False,Qwen/Qwen2.5-1.5B,0.1,1,4
marketing/194,0.8717404007911682,0.8912310600280762,False,Qwen/Qwen2.5-1.5B,0.1,1,4
marketing/195,0.9970099925994873,0.9910119771957397,False,Qwen/Qwen2.5-1.5B,0.1,1,4
marketing/196,0.8509148359298706,0.8866026401519775,False,Qwen/Qwen2.5-1.5B,0.1,1,4
marketing/197,0.9526785612106323,0.9330942630767822,False,Qwen/Qwen2.5-1.5B,0.1,1,4
marketing/198,0.77647465467453,0.5021971464157104,False,Qwen/Qwen2.5-1.5B,0.1,1,4
marketing/199,0.9875730872154236,0.976342499256134,False,Qwen/Qwen2.5-1.5B,0.1,1,4
marketing/200,0.9897833466529846,0.9908127188682556,False,Qwen/Qwen2.5-1.5B,0.1,1,4
marketing/201,0.9495842456817627,0.9250296950340271,False,Qwen/Qwen2.5-1.5B,0.1,1,4
marketing/202,0.6354491710662842,0.758964478969574,True,Qwen/Qwen2.5-1.5B,0.1,1,4
marketing/203,0.7773195505142212,0.8116827607154846,False,Qwen/Qwen2.5-1.5B,0.1,1,4
marketing/204,0.6966837048530579,0.5646076798439026,False,Qwen/Qwen2.5-1.5B,0.1,1,4
marketing/205,0.9803851842880249,0.9673051834106445,True,Qwen/Qwen2.5-1.5B,0.1,1,4
marketing/206,0.6634804606437683,0.7499165534973145,False,Qwen/Qwen2.5-1.5B,0.1,1,4
marketing/207,0.995405912399292,0.9961819648742676,False,Qwen/Qwen2.5-1.5B,0.1,1,4
marketing/208,0.7559868097305298,0.7704780697822571,False,Qwen/Qwen2.5-1.5B,0.1,1,4
marketing/209,0.9934377074241638,0.9827919602394104,False,Qwen/Qwen2.5-1.5B,0.1,1,4
marketing/210,0.1238023191690445,0.06730145215988159,False,Qwen/Qwen2.5-1.5B,0.1,1,4
marketing/211,0.9867205619812012,0.986586332321167,False,Qwen/Qwen2.5-1.5B,0.1,1,4
marketing/212,0.9163016676902771,0.7738019227981567,False,Qwen/Qwen2.5-1.5B,0.1,1,4
marketing/213,0.8687676787376404,0.7964917421340942,False,Qwen/Qwen2.5-1.5B,0.1,1,4
marketing/214,0.08939357846975327,0.09669489413499832,True,Qwen/Qwen2.5-1.5B,0.1,1,4
marketing/215,0.8561778664588928,0.8385634422302246,True,Qwen/Qwen2.5-1.5B,0.1,1,4
marketing/216,0.536986231803894,0.5237208008766174,False,Qwen/Qwen2.5-1.5B,0.1,1,4
marketing/217,0.20247147977352142,0.21110773086547852,False,Qwen/Qwen2.5-1.5B,0.1,1,4
marketing/218,0.22369730472564697,0.2069823294878006,False,Qwen/Qwen2.5-1.5B,0.1,1,4
marketing/219,0.49797323346138,0.7111238241195679,False,Qwen/Qwen2.5-1.5B,0.1,1,4
marketing/220,0.9728227853775024,0.9837813377380371,False,Qwen/Qwen2.5-1.5B,0.1,1,4
marketing/221,0.9832000732421875,0.9673832654953003,False,Qwen/Qwen2.5-1.5B,0.1,1,4
marketing/222,0.9864227175712585,0.9843855500221252,False,Qwen/Qwen2.5-1.5B,0.1,1,4
marketing/223,0.03379252180457115,0.03913920745253563,False,Qwen/Qwen2.5-1.5B,0.1,1,4
marketing/224,0.41075652837753296,0.5372263789176941,False,Qwen/Qwen2.5-1.5B,0.1,1,4
marketing/225,0.9987384676933289,0.9939848780632019,False,Qwen/Qwen2.5-1.5B,0.1,1,4
marketing/226,0.9205353856086731,0.8270398378372192,False,Qwen/Qwen2.5-1.5B,0.1,1,4
marketing/227,0.9927347898483276,0.9659168124198914,False,Qwen/Qwen2.5-1.5B,0.1,1,4
marketing/228,0.9777998924255371,0.9804789423942566,False,Qwen/Qwen2.5-1.5B,0.1,1,4
marketing/229,0.3960084319114685,0.4843906760215759,True,Qwen/Qwen2.5-1.5B,0.1,1,4
marketing/230,0.9985653758049011,0.994391143321991,False,Qwen/Qwen2.5-1.5B,0.1,1,4
marketing/231,0.9933304190635681,0.9916303753852844,False,Qwen/Qwen2.5-1.5B,0.1,1,4
marketing/232,0.9969958066940308,0.9970826506614685,False,Qwen/Qwen2.5-1.5B,0.1,1,4
marketing/233,0.6292120814323425,0.5377307534217834,False,Qwen/Qwen2.5-1.5B,0.1,1,4
college_biology/0,0.20640811324119568,0.23489990830421448,False,Qwen/Qwen2.5-1.5B,0.1,1,20
college_biology/1,0.38013434410095215,0.47975972294807434,False,Qwen/Qwen2.5-1.5B,0.1,1,20
college_biology/2,0.9031085968017578,0.9288832545280457,False,Qwen/Qwen2.5-1.5B,0.1,1,20
college_biology/3,0.9146309494972229,0.9047020077705383,False,Qwen/Qwen2.5-1.5B,0.1,1,20
college_biology/4,0.5499411821365356,0.6490767598152161,False,Qwen/Qwen2.5-1.5B,0.1,1,20
college_biology/5,0.9968731999397278,0.996533989906311,False,Qwen/Qwen2.5-1.5B,0.1,1,20
college_biology/6,0.9967592358589172,0.9943245053291321,False,Qwen/Qwen2.5-1.5B,0.1,1,20
college_biology/7,0.22258588671684265,0.24781155586242676,False,Qwen/Qwen2.5-1.5B,0.1,1,20
college_biology/8,0.9942660927772522,0.9905221462249756,False,Qwen/Qwen2.5-1.5B,0.1,1,20
college_biology/9,0.9801716804504395,0.969704270362854,False,Qwen/Qwen2.5-1.5B,0.1,1,20
college_biology/10,0.4958440363407135,0.4028068482875824,False,Qwen/Qwen2.5-1.5B,0.1,1,20
college_biology/11,0.2788051962852478,0.22738651931285858,False,Qwen/Qwen2.5-1.5B,0.1,1,20
college_biology/12,0.31944477558135986,0.282776802778244,False,Qwen/Qwen2.5-1.5B,0.1,1,20
college_biology/13,0.9053718447685242,0.8303152918815613,False,Qwen/Qwen2.5-1.5B,0.1,1,20
college_biology/14,0.429720401763916,0.5219588875770569,False,Qwen/Qwen2.5-1.5B,0.1,1,20
college_biology/15,0.22110025584697723,0.2675201892852783,False,Qwen/Qwen2.5-1.5B,0.1,1,20
college_biology/16,0.9738847613334656,0.9700151085853577,False,Qwen/Qwen2.5-1.5B,0.1,1,20
college_biology/17,0.5749072432518005,0.44786298274993896,False,Qwen/Qwen2.5-1.5B,0.1,1,20
college_biology/18,0.25454407930374146,0.1717827022075653,False,Qwen/Qwen2.5-1.5B,0.1,1,20
college_biology/19,0.44162872433662415,0.5714572072029114,False,Qwen/Qwen2.5-1.5B,0.1,1,20
college_biology/20,0.9979123473167419,0.996501088142395,False,Qwen/Qwen2.5-1.5B,0.1,1,20
college_biology/21,0.9980908036231995,0.9939818978309631,False,Qwen/Qwen2.5-1.5B,0.1,1,20
college_biology/22,0.318970263004303,0.31325313448905945,False,Qwen/Qwen2.5-1.5B,0.1,1,20
college_biology/23,0.7416822910308838,0.8801797032356262,False,Qwen/Qwen2.5-1.5B,0.1,1,20
college_biology/24,0.9962257146835327,0.9938408136367798,False,Qwen/Qwen2.5-1.5B,0.1,1,20
college_biology/25,0.9957587122917175,0.9831027984619141,False,Qwen/Qwen2.5-1.5B,0.1,1,20
college_biology/26,0.04274143651127815,0.08103082329034805,False,Qwen/Qwen2.5-1.5B,0.1,1,20
college_biology/27,0.9456104040145874,0.9358677864074707,False,Qwen/Qwen2.5-1.5B,0.1,1,20
college_biology/28,0.7027029395103455,0.8620828986167908,False,Qwen/Qwen2.5-1.5B,0.1,1,20
college_biology/29,0.5579694509506226,0.4919208884239197,False,Qwen/Qwen2.5-1.5B,0.1,1,20
college_biology/30,0.9683905839920044,0.9744117856025696,False,Qwen/Qwen2.5-1.5B,0.1,1,20
college_biology/31,0.5422115325927734,0.4134142994880676,False,Qwen/Qwen2.5-1.5B,0.1,1,20
college_biology/32,0.34084540605545044,0.29390785098075867,False,Qwen/Qwen2.5-1.5B,0.1,1,20
college_biology/33,0.9537611603736877,0.8154482245445251,False,Qwen/Qwen2.5-1.5B,0.1,1,20
college_biology/34,0.2553641200065613,0.22441422939300537,False,Qwen/Qwen2.5-1.5B,0.1,1,20
college_biology/35,0.7048394083976746,0.7486169934272766,False,Qwen/Qwen2.5-1.5B,0.1,1,20
college_biology/36,0.8208478093147278,0.7110283970832825,False,Qwen/Qwen2.5-1.5B,0.1,1,20
college_biology/37,0.49684396386146545,0.5167644023895264,False,Qwen/Qwen2.5-1.5B,0.1,1,20
college_biology/38,0.9775083065032959,0.9711014032363892,True,Qwen/Qwen2.5-1.5B,0.1,1,20
college_biology/39,0.1124400794506073,0.13875478506088257,False,Qwen/Qwen2.5-1.5B,0.1,1,20
college_biology/40,0.3183232843875885,0.27588266134262085,False,Qwen/Qwen2.5-1.5B,0.1,1,20
college_biology/41,0.3641262948513031,0.3103064000606537,False,Qwen/Qwen2.5-1.5B,0.1,1,20
college_biology/42,0.99600750207901,0.9879105091094971,False,Qwen/Qwen2.5-1.5B,0.1,1,20
college_biology/43,0.7051841616630554,0.6983343362808228,False,Qwen/Qwen2.5-1.5B,0.1,1,20
college_biology/44,0.45819857716560364,0.3869413435459137,False,Qwen/Qwen2.5-1.5B,0.1,1,20
college_biology/45,0.05995221808552742,0.07923324406147003,False,Qwen/Qwen2.5-1.5B,0.1,1,20
college_biology/46,0.1437641829252243,0.12190330773591995,False,Qwen/Qwen2.5-1.5B,0.1,1,20
college_biology/47,0.918129026889801,0.8274074196815491,False,Qwen/Qwen2.5-1.5B,0.1,1,20
college_biology/48,0.6623031497001648,0.6193316578865051,False,Qwen/Qwen2.5-1.5B,0.1,1,20
college_biology/49,0.8455824851989746,0.852570652961731,False,Qwen/Qwen2.5-1.5B,0.1,1,20
college_biology/50,0.7017077803611755,0.8306860327720642,False,Qwen/Qwen2.5-1.5B,0.1,1,20
college_biology/51,0.3277090787887573,0.3286280930042267,False,Qwen/Qwen2.5-1.5B,0.1,1,20
college_biology/52,0.6770631670951843,0.5180739164352417,False,Qwen/Qwen2.5-1.5B,0.1,1,20
college_biology/53,0.05147393420338631,0.0559932179749012,False,Qwen/Qwen2.5-1.5B,0.1,1,20
college_biology/54,0.24767933785915375,0.20540368556976318,True,Qwen/Qwen2.5-1.5B,0.1,1,20
college_biology/55,0.2967051565647125,0.2298012673854828,False,Qwen/Qwen2.5-1.5B,0.1,1,20
college_biology/56,0.12467098236083984,0.11549599468708038,False,Qwen/Qwen2.5-1.5B,0.1,1,20
college_biology/57,0.8408691883087158,0.748364269733429,False,Qwen/Qwen2.5-1.5B,0.1,1,20
college_biology/58,0.3924880921840668,0.28581950068473816,True,Qwen/Qwen2.5-1.5B,0.1,1,20
college_biology/59,0.9974024891853333,0.9942717552185059,False,Qwen/Qwen2.5-1.5B,0.1,1,20
college_biology/60,0.8720700144767761,0.7244632840156555,False,Qwen/Qwen2.5-1.5B,0.1,1,20
college_biology/61,0.6988823413848877,0.4786124527454376,False,Qwen/Qwen2.5-1.5B,0.1,1,20
college_biology/62,0.9843648672103882,0.9780605435371399,False,Qwen/Qwen2.5-1.5B,0.1,1,20
college_biology/63,0.22915363311767578,0.24147959053516388,False,Qwen/Qwen2.5-1.5B,0.1,1,20
college_biology/64,0.1797037422657013,0.17124809324741364,False,Qwen/Qwen2.5-1.5B,0.1,1,20
college_biology/65,0.06687655299901962,0.14167311787605286,False,Qwen/Qwen2.5-1.5B,0.1,1,20
college_biology/66,0.45218977332115173,0.32366323471069336,False,Qwen/Qwen2.5-1.5B,0.1,1,20
college_biology/67,0.09599027782678604,0.12219810485839844,True,Qwen/Qwen2.5-1.5B,0.1,1,20
college_biology/68,0.9743385910987854,0.9721763134002686,False,Qwen/Qwen2.5-1.5B,0.1,1,20
college_biology/69,0.7711538076400757,0.6093457937240601,False,Qwen/Qwen2.5-1.5B,0.1,1,20
college_biology/70,0.6964226961135864,0.865548312664032,True,Qwen/Qwen2.5-1.5B,0.1,1,20
college_biology/71,0.4819801449775696,0.49994879961013794,False,Qwen/Qwen2.5-1.5B,0.1,1,20
college_biology/72,0.8025171756744385,0.8600073456764221,True,Qwen/Qwen2.5-1.5B,0.1,1,20
college_biology/73,0.4076455235481262,0.32001346349716187,False,Qwen/Qwen2.5-1.5B,0.1,1,20
college_biology/74,0.16861870884895325,0.13520735502243042,False,Qwen/Qwen2.5-1.5B,0.1,1,20
college_biology/75,0.23429778218269348,0.45621457695961,False,Qwen/Qwen2.5-1.5B,0.1,1,20
college_biology/76,0.9984461665153503,0.994914174079895,False,Qwen/Qwen2.5-1.5B,0.1,1,20
college_biology/77,0.6418440937995911,0.708743691444397,True,Qwen/Qwen2.5-1.5B,0.1,1,20
college_biology/78,0.17672082781791687,0.056269776076078415,True,Qwen/Qwen2.5-1.5B,0.1,1,20
college_biology/79,0.17758825421333313,0.18190625309944153,False,Qwen/Qwen2.5-1.5B,0.1,1,20
college_biology/80,0.07502078264951706,0.12195919454097748,False,Qwen/Qwen2.5-1.5B,0.1,1,20
college_biology/81,0.9242544174194336,0.8989290595054626,False,Qwen/Qwen2.5-1.5B,0.1,1,20
college_biology/82,0.9991220831871033,0.9978750944137573,False,Qwen/Qwen2.5-1.5B,0.1,1,20
college_biology/83,0.586393415927887,0.6632400155067444,False,Qwen/Qwen2.5-1.5B,0.1,1,20
college_biology/84,0.9186782240867615,0.8576671481132507,False,Qwen/Qwen2.5-1.5B,0.1,1,20
college_biology/85,0.5162244439125061,0.506289541721344,False,Qwen/Qwen2.5-1.5B,0.1,1,20
college_biology/86,0.9649735689163208,0.9434590935707092,False,Qwen/Qwen2.5-1.5B,0.1,1,20
college_biology/87,0.760348379611969,0.7968199253082275,True,Qwen/Qwen2.5-1.5B,0.1,1,20
college_biology/88,0.9953727126121521,0.9849609136581421,False,Qwen/Qwen2.5-1.5B,0.1,1,20
college_biology/89,0.663116991519928,0.6450843811035156,False,Qwen/Qwen2.5-1.5B,0.1,1,20
college_biology/90,0.4695224463939667,0.37028881907463074,False,Qwen/Qwen2.5-1.5B,0.1,1,20
college_biology/91,0.9989527463912964,0.9955605268478394,False,Qwen/Qwen2.5-1.5B,0.1,1,20
college_biology/92,0.9943270087242126,0.9857006072998047,False,Qwen/Qwen2.5-1.5B,0.1,1,20
college_biology/93,0.016398847103118896,0.0359346829354763,False,Qwen/Qwen2.5-1.5B,0.1,1,20
college_biology/94,0.9911707639694214,0.9933174848556519,False,Qwen/Qwen2.5-1.5B,0.1,1,20
college_biology/95,0.3826534152030945,0.19494345784187317,False,Qwen/Qwen2.5-1.5B,0.1,1,20
college_biology/96,0.35228127241134644,0.4864041209220886,False,Qwen/Qwen2.5-1.5B,0.1,1,20
college_biology/97,0.832207202911377,0.7324974536895752,False,Qwen/Qwen2.5-1.5B,0.1,1,20
college_biology/98,0.09541411697864532,0.13617199659347534,False,Qwen/Qwen2.5-1.5B,0.1,1,20
college_biology/99,0.9876673221588135,0.9639663696289062,False,Qwen/Qwen2.5-1.5B,0.1,1,20
college_biology/100,0.350065678358078,0.3726664185523987,False,Qwen/Qwen2.5-1.5B,0.1,1,20
college_biology/101,0.23291665315628052,0.3773779273033142,False,Qwen/Qwen2.5-1.5B,0.1,1,20
college_biology/102,0.8356863856315613,0.7498041391372681,False,Qwen/Qwen2.5-1.5B,0.1,1,20
college_biology/103,0.2827049791812897,0.26220375299453735,False,Qwen/Qwen2.5-1.5B,0.1,1,20
college_biology/104,0.9078003168106079,0.8540105819702148,False,Qwen/Qwen2.5-1.5B,0.1,1,20
college_biology/105,0.893564760684967,0.8452842831611633,False,Qwen/Qwen2.5-1.5B,0.1,1,20
college_biology/106,0.24730992317199707,0.26516011357307434,True,Qwen/Qwen2.5-1.5B,0.1,1,20
college_biology/107,0.03631003201007843,0.03834227845072746,False,Qwen/Qwen2.5-1.5B,0.1,1,20
college_biology/108,0.043180886656045914,0.03199375793337822,False,Qwen/Qwen2.5-1.5B,0.1,1,20
college_biology/109,0.7383955121040344,0.7436232566833496,False,Qwen/Qwen2.5-1.5B,0.1,1,20
college_biology/110,0.13269832730293274,0.3154039680957794,False,Qwen/Qwen2.5-1.5B,0.1,1,20
college_biology/111,0.9942359328269958,0.995360791683197,False,Qwen/Qwen2.5-1.5B,0.1,1,20
college_biology/112,0.877133309841156,0.823843777179718,False,Qwen/Qwen2.5-1.5B,0.1,1,20
college_biology/113,0.9935070276260376,0.9722495675086975,False,Qwen/Qwen2.5-1.5B,0.1,1,20
college_biology/114,0.9952492713928223,0.9949343800544739,False,Qwen/Qwen2.5-1.5B,0.1,1,20
college_biology/115,0.056575071066617966,0.09178605675697327,True,Qwen/Qwen2.5-1.5B,0.1,1,20
college_biology/116,0.054964613169431686,0.1973472535610199,False,Qwen/Qwen2.5-1.5B,0.1,1,20
college_biology/117,0.996276319026947,0.9887069463729858,False,Qwen/Qwen2.5-1.5B,0.1,1,20
college_biology/118,0.41184571385383606,0.6158181428909302,False,Qwen/Qwen2.5-1.5B,0.1,1,20
college_biology/119,0.32312560081481934,0.3625970482826233,False,Qwen/Qwen2.5-1.5B,0.1,1,20
college_biology/120,0.9000909328460693,0.9489206075668335,False,Qwen/Qwen2.5-1.5B,0.1,1,20
college_biology/121,0.9567056894302368,0.9224912524223328,False,Qwen/Qwen2.5-1.5B,0.1,1,20
college_biology/122,0.19883993268013,0.07809178531169891,False,Qwen/Qwen2.5-1.5B,0.1,1,20
college_biology/123,0.9975612163543701,0.9953263998031616,False,Qwen/Qwen2.5-1.5B,0.1,1,20
college_biology/124,0.11289273947477341,0.15310218930244446,False,Qwen/Qwen2.5-1.5B,0.1,1,20
college_biology/125,0.44049930572509766,0.4841870367527008,False,Qwen/Qwen2.5-1.5B,0.1,1,20
college_biology/126,0.9174318909645081,0.9082112908363342,False,Qwen/Qwen2.5-1.5B,0.1,1,20
college_biology/127,0.43992528319358826,0.4156077206134796,False,Qwen/Qwen2.5-1.5B,0.1,1,20
college_biology/128,0.38937798142433167,0.42175328731536865,False,Qwen/Qwen2.5-1.5B,0.1,1,20
college_biology/129,0.9227985739707947,0.9092138409614563,False,Qwen/Qwen2.5-1.5B,0.1,1,20
college_biology/130,0.6703242659568787,0.7459307312965393,False,Qwen/Qwen2.5-1.5B,0.1,1,20
college_biology/131,0.17096365988254547,0.137843519449234,False,Qwen/Qwen2.5-1.5B,0.1,1,20
college_biology/132,0.7970154285430908,0.8501822352409363,False,Qwen/Qwen2.5-1.5B,0.1,1,20
college_biology/133,0.9328098893165588,0.6638455390930176,False,Qwen/Qwen2.5-1.5B,0.1,1,20
college_biology/134,0.9701429605484009,0.9771988391876221,True,Qwen/Qwen2.5-1.5B,0.1,1,20
college_biology/135,0.25039973855018616,0.324745774269104,False,Qwen/Qwen2.5-1.5B,0.1,1,20
college_biology/136,0.24158082902431488,0.27674129605293274,False,Qwen/Qwen2.5-1.5B,0.1,1,20
college_biology/137,0.5041355490684509,0.49595895409584045,False,Qwen/Qwen2.5-1.5B,0.1,1,20
college_biology/138,0.9959501028060913,0.9944406151771545,False,Qwen/Qwen2.5-1.5B,0.1,1,20
college_biology/139,0.43389633297920227,0.5688847899436951,False,Qwen/Qwen2.5-1.5B,0.1,1,20
college_biology/140,0.9295797944068909,0.9016215205192566,False,Qwen/Qwen2.5-1.5B,0.1,1,20
college_biology/141,0.9950695037841797,0.9918931722640991,True,Qwen/Qwen2.5-1.5B,0.1,1,20
college_biology/142,0.7677395343780518,0.6633752584457397,False,Qwen/Qwen2.5-1.5B,0.1,1,20
college_biology/143,0.39515912532806396,0.32392972707748413,False,Qwen/Qwen2.5-1.5B,0.1,1,20
high_school_statistics/0,0.43577998876571655,0.38620099425315857,True,Qwen/Qwen2.5-1.5B,0.1,1,20
high_school_statistics/1,0.19498397409915924,0.1902502328157425,False,Qwen/Qwen2.5-1.5B,0.1,1,20
high_school_statistics/2,0.05701562389731407,0.040489502251148224,False,Qwen/Qwen2.5-1.5B,0.1,1,20
high_school_statistics/3,0.5908172726631165,0.5339071154594421,False,Qwen/Qwen2.5-1.5B,0.1,1,20
high_school_statistics/4,0.9935749173164368,0.994350254535675,False,Qwen/Qwen2.5-1.5B,0.1,1,20
high_school_statistics/5,0.8247880935668945,0.5896397829055786,False,Qwen/Qwen2.5-1.5B,0.1,1,20
high_school_statistics/6,0.6591474413871765,0.5612854957580566,False,Qwen/Qwen2.5-1.5B,0.1,1,20
high_school_statistics/7,0.959632933139801,0.8846563696861267,False,Qwen/Qwen2.5-1.5B,0.1,1,20
high_school_statistics/8,0.9970439076423645,0.9836053252220154,True,Qwen/Qwen2.5-1.5B,0.1,1,20
high_school_statistics/9,0.6464952826499939,0.5879268050193787,False,Qwen/Qwen2.5-1.5B,0.1,1,20
high_school_statistics/10,0.6742181181907654,0.843344509601593,False,Qwen/Qwen2.5-1.5B,0.1,1,20
high_school_statistics/11,0.0021052269730716944,0.031014077365398407,False,Qwen/Qwen2.5-1.5B,0.1,1,20
high_school_statistics/12,0.2708399295806885,0.24178467690944672,False,Qwen/Qwen2.5-1.5B,0.1,1,20
high_school_statistics/13,0.3642736077308655,0.3771792948246002,False,Qwen/Qwen2.5-1.5B,0.1,1,20
high_school_statistics/14,0.19903677701950073,0.13484828174114227,False,Qwen/Qwen2.5-1.5B,0.1,1,20
high_school_statistics/15,0.040165144950151443,0.04672657325863838,False,Qwen/Qwen2.5-1.5B,0.1,1,20
high_school_statistics/16,0.3934416174888611,0.26420268416404724,False,Qwen/Qwen2.5-1.5B,0.1,1,20
high_school_statistics/17,0.4663226902484894,0.362649142742157,False,Qwen/Qwen2.5-1.5B,0.1,1,20
high_school_statistics/18,0.4280382990837097,0.3750936985015869,False,Qwen/Qwen2.5-1.5B,0.1,1,20
high_school_statistics/19,0.3161003887653351,0.18216729164123535,False,Qwen/Qwen2.5-1.5B,0.1,1,20
high_school_statistics/20,0.45912471413612366,0.3716888427734375,False,Qwen/Qwen2.5-1.5B,0.1,1,20
high_school_statistics/21,0.1400909721851349,0.19907456636428833,False,Qwen/Qwen2.5-1.5B,0.1,1,20
high_school_statistics/22,0.20636895298957825,0.20309020578861237,True,Qwen/Qwen2.5-1.5B,0.1,1,20
high_school_statistics/23,0.4039016664028168,0.27825236320495605,False,Qwen/Qwen2.5-1.5B,0.1,1,20
high_school_statistics/24,0.20836740732192993,0.2690901756286621,True,Qwen/Qwen2.5-1.5B,0.1,1,20
high_school_statistics/25,0.3693895936012268,0.35340073704719543,False,Qwen/Qwen2.5-1.5B,0.1,1,20
high_school_statistics/26,0.029914185404777527,0.11300449818372726,False,Qwen/Qwen2.5-1.5B,0.1,1,20
high_school_statistics/27,0.5076839327812195,0.5599225759506226,False,Qwen/Qwen2.5-1.5B,0.1,1,20
high_school_statistics/28,0.4968160092830658,0.27999627590179443,False,Qwen/Qwen2.5-1.5B,0.1,1,20
high_school_statistics/29,0.32959404587745667,0.25871121883392334,False,Qwen/Qwen2.5-1.5B,0.1,1,20
high_school_statistics/30,0.32638680934906006,0.2944224178791046,False,Qwen/Qwen2.5-1.5B,0.1,1,20
high_school_statistics/31,0.4095306396484375,0.34848928451538086,False,Qwen/Qwen2.5-1.5B,0.1,1,20
high_school_statistics/32,0.2523258626461029,0.17133216559886932,False,Qwen/Qwen2.5-1.5B,0.1,1,20
high_school_statistics/33,0.4108283221721649,0.4093249440193176,False,Qwen/Qwen2.5-1.5B,0.1,1,20
high_school_statistics/34,0.031433191150426865,0.01660502515733242,False,Qwen/Qwen2.5-1.5B,0.1,1,20
high_school_statistics/35,0.26305633783340454,0.3075254559516907,False,Qwen/Qwen2.5-1.5B,0.1,1,20
high_school_statistics/36,0.18812678754329681,0.16544385254383087,False,Qwen/Qwen2.5-1.5B,0.1,1,20
high_school_statistics/37,0.5263951420783997,0.6105545163154602,False,Qwen/Qwen2.5-1.5B,0.1,1,20
high_school_statistics/38,0.00023977606906555593,0.0007059958297759295,False,Qwen/Qwen2.5-1.5B,0.1,1,20
high_school_statistics/39,0.7936242818832397,0.8114740252494812,False,Qwen/Qwen2.5-1.5B,0.1,1,20
high_school_statistics/40,0.9408683180809021,0.8696215152740479,False,Qwen/Qwen2.5-1.5B,0.1,1,20
high_school_statistics/41,0.25608953833580017,0.19399632513523102,False,Qwen/Qwen2.5-1.5B,0.1,1,20
high_school_statistics/42,0.981050968170166,0.9777594208717346,False,Qwen/Qwen2.5-1.5B,0.1,1,20
high_school_statistics/43,0.016097811982035637,0.059768207371234894,False,Qwen/Qwen2.5-1.5B,0.1,1,20
high_school_statistics/44,0.2634935975074768,0.2825491726398468,False,Qwen/Qwen2.5-1.5B,0.1,1,20
high_school_statistics/45,0.40297695994377136,0.2231776863336563,False,Qwen/Qwen2.5-1.5B,0.1,1,20
high_school_statistics/46,0.985301673412323,0.9884401559829712,False,Qwen/Qwen2.5-1.5B,0.1,1,20
high_school_statistics/47,0.18737882375717163,0.2519766390323639,False,Qwen/Qwen2.5-1.5B,0.1,1,20
high_school_statistics/48,0.2903759181499481,0.36911532282829285,True,Qwen/Qwen2.5-1.5B,0.1,1,20
high_school_statistics/49,0.9868593215942383,0.9802731275558472,False,Qwen/Qwen2.5-1.5B,0.1,1,20
high_school_statistics/50,0.44389989972114563,0.4174191355705261,False,Qwen/Qwen2.5-1.5B,0.1,1,20
high_school_statistics/51,0.4215311110019684,0.4013042747974396,False,Qwen/Qwen2.5-1.5B,0.1,1,20
high_school_statistics/52,0.25829604268074036,0.30586639046669006,False,Qwen/Qwen2.5-1.5B,0.1,1,20
high_school_statistics/53,0.07150202244520187,0.15892614424228668,False,Qwen/Qwen2.5-1.5B,0.1,1,20
high_school_statistics/54,0.5422570705413818,0.22863925993442535,False,Qwen/Qwen2.5-1.5B,0.1,1,20
high_school_statistics/55,0.3209429681301117,0.2925313413143158,False,Qwen/Qwen2.5-1.5B,0.1,1,20
high_school_statistics/56,0.2180270403623581,0.30100321769714355,False,Qwen/Qwen2.5-1.5B,0.1,1,20
high_school_statistics/57,0.1481618583202362,0.1584937572479248,False,Qwen/Qwen2.5-1.5B,0.1,1,20
high_school_statistics/58,0.9365572929382324,0.8646273612976074,True,Qwen/Qwen2.5-1.5B,0.1,1,20
high_school_statistics/59,0.6893662214279175,0.7319617867469788,False,Qwen/Qwen2.5-1.5B,0.1,1,20
high_school_statistics/60,0.6288321018218994,0.6562970876693726,False,Qwen/Qwen2.5-1.5B,0.1,1,20
high_school_statistics/61,0.11364714056253433,0.13133154809474945,False,Qwen/Qwen2.5-1.5B,0.1,1,20
high_school_statistics/62,0.28997406363487244,0.25781330466270447,False,Qwen/Qwen2.5-1.5B,0.1,1,20
high_school_statistics/63,0.947777509689331,0.9593009352684021,False,Qwen/Qwen2.5-1.5B,0.1,1,20
high_school_statistics/64,0.17834927141666412,0.1478034108877182,False,Qwen/Qwen2.5-1.5B,0.1,1,20
high_school_statistics/65,0.9470534324645996,0.9349930286407471,False,Qwen/Qwen2.5-1.5B,0.1,1,20
high_school_statistics/66,0.6126697659492493,0.5948102474212646,False,Qwen/Qwen2.5-1.5B,0.1,1,20
high_school_statistics/67,0.5702856183052063,0.4539356827735901,False,Qwen/Qwen2.5-1.5B,0.1,1,20
high_school_statistics/68,0.15201131999492645,0.23845458030700684,False,Qwen/Qwen2.5-1.5B,0.1,1,20
high_school_statistics/69,0.2568371891975403,0.20965434610843658,False,Qwen/Qwen2.5-1.5B,0.1,1,20
high_school_statistics/70,0.9975244402885437,0.9927099943161011,False,Qwen/Qwen2.5-1.5B,0.1,1,20
high_school_statistics/71,0.7438503503799438,0.3453083038330078,False,Qwen/Qwen2.5-1.5B,0.1,1,20
high_school_statistics/72,0.3363721966743469,0.37687110900878906,False,Qwen/Qwen2.5-1.5B,0.1,1,20
high_school_statistics/73,0.9961936473846436,0.9502763152122498,False,Qwen/Qwen2.5-1.5B,0.1,1,20
high_school_statistics/74,0.30394411087036133,0.2796744406223297,False,Qwen/Qwen2.5-1.5B,0.1,1,20
high_school_statistics/75,0.6106265783309937,0.5245532989501953,False,Qwen/Qwen2.5-1.5B,0.1,1,20
high_school_statistics/76,0.3922092616558075,0.46484625339508057,False,Qwen/Qwen2.5-1.5B,0.1,1,20
high_school_statistics/77,0.2002076357603073,0.23785805702209473,False,Qwen/Qwen2.5-1.5B,0.1,1,20
high_school_statistics/78,0.9140464067459106,0.9517614245414734,False,Qwen/Qwen2.5-1.5B,0.1,1,20
high_school_statistics/79,0.9002475142478943,0.9032692313194275,False,Qwen/Qwen2.5-1.5B,0.1,1,20
high_school_statistics/80,0.9477798342704773,0.9479269981384277,False,Qwen/Qwen2.5-1.5B,0.1,1,20
high_school_statistics/81,0.1263696551322937,0.16177931427955627,False,Qwen/Qwen2.5-1.5B,0.1,1,20
high_school_statistics/82,0.1709829419851303,0.21567948162555695,False,Qwen/Qwen2.5-1.5B,0.1,1,20
high_school_statistics/83,0.9479542374610901,0.9341506958007812,False,Qwen/Qwen2.5-1.5B,0.1,1,20
high_school_statistics/84,0.4252988398075104,0.504891037940979,False,Qwen/Qwen2.5-1.5B,0.1,1,20
high_school_statistics/85,0.7398722767829895,0.7267868518829346,False,Qwen/Qwen2.5-1.5B,0.1,1,20
high_school_statistics/86,0.7722447514533997,0.8002880215644836,False,Qwen/Qwen2.5-1.5B,0.1,1,20
high_school_statistics/87,0.11018906533718109,0.18745076656341553,False,Qwen/Qwen2.5-1.5B,0.1,1,20
high_school_statistics/88,0.5270835757255554,0.45688596367836,False,Qwen/Qwen2.5-1.5B,0.1,1,20
high_school_statistics/89,0.09374845772981644,0.1333467960357666,False,Qwen/Qwen2.5-1.5B,0.1,1,20
high_school_statistics/90,0.250558078289032,0.17166322469711304,False,Qwen/Qwen2.5-1.5B,0.1,1,20
high_school_statistics/91,0.2084043025970459,0.1630660444498062,False,Qwen/Qwen2.5-1.5B,0.1,1,20
high_school_statistics/92,0.02010939083993435,0.008756585419178009,True,Qwen/Qwen2.5-1.5B,0.1,1,20
high_school_statistics/93,0.3611556589603424,0.32058894634246826,False,Qwen/Qwen2.5-1.5B,0.1,1,20
high_school_statistics/94,0.6429046392440796,0.5859485268592834,False,Qwen/Qwen2.5-1.5B,0.1,1,20
high_school_statistics/95,0.2213500440120697,0.2066018283367157,False,Qwen/Qwen2.5-1.5B,0.1,1,20
high_school_statistics/96,0.695189356803894,0.7978532314300537,False,Qwen/Qwen2.5-1.5B,0.1,1,20
high_school_statistics/97,0.6877945065498352,0.5809650421142578,False,Qwen/Qwen2.5-1.5B,0.1,1,20
high_school_statistics/98,0.23239946365356445,0.3087960183620453,False,Qwen/Qwen2.5-1.5B,0.1,1,20
high_school_statistics/99,0.2206268161535263,0.29534557461738586,False,Qwen/Qwen2.5-1.5B,0.1,1,20
high_school_statistics/100,0.3467925488948822,0.29322320222854614,False,Qwen/Qwen2.5-1.5B,0.1,1,20
high_school_statistics/101,0.07336308062076569,0.17685595154762268,False,Qwen/Qwen2.5-1.5B,0.1,1,20
high_school_statistics/102,0.21690422296524048,0.22190728783607483,False,Qwen/Qwen2.5-1.5B,0.1,1,20
high_school_statistics/103,0.856691837310791,0.7397754192352295,False,Qwen/Qwen2.5-1.5B,0.1,1,20
high_school_statistics/104,0.5793498158454895,0.5450301766395569,False,Qwen/Qwen2.5-1.5B,0.1,1,20
high_school_statistics/105,0.5001763105392456,0.4956022799015045,False,Qwen/Qwen2.5-1.5B,0.1,1,20
high_school_statistics/106,0.5115229487419128,0.4451993405818939,False,Qwen/Qwen2.5-1.5B,0.1,1,20
high_school_statistics/107,0.18790684640407562,0.2505441904067993,False,Qwen/Qwen2.5-1.5B,0.1,1,20
high_school_statistics/108,0.45827358961105347,0.3716411292552948,False,Qwen/Qwen2.5-1.5B,0.1,1,20
high_school_statistics/109,0.23784181475639343,0.0714586153626442,False,Qwen/Qwen2.5-1.5B,0.1,1,20
high_school_statistics/110,0.473050594329834,0.43089884519577026,False,Qwen/Qwen2.5-1.5B,0.1,1,20
high_school_statistics/111,0.34503692388534546,0.4069303274154663,False,Qwen/Qwen2.5-1.5B,0.1,1,20
high_school_statistics/112,0.21354682743549347,0.3987194001674652,False,Qwen/Qwen2.5-1.5B,0.1,1,20
high_school_statistics/113,0.6285584568977356,0.5068455934524536,False,Qwen/Qwen2.5-1.5B,0.1,1,20
high_school_statistics/114,0.09800861030817032,0.14877736568450928,False,Qwen/Qwen2.5-1.5B,0.1,1,20
high_school_statistics/115,0.24315452575683594,0.20228810608386993,False,Qwen/Qwen2.5-1.5B,0.1,1,20
high_school_statistics/116,0.20443135499954224,0.21296869218349457,False,Qwen/Qwen2.5-1.5B,0.1,1,20
high_school_statistics/117,0.993559718132019,0.9853743314743042,False,Qwen/Qwen2.5-1.5B,0.1,1,20
high_school_statistics/118,0.39354774355888367,0.284446656703949,False,Qwen/Qwen2.5-1.5B,0.1,1,20
high_school_statistics/119,0.6425248384475708,0.6207371950149536,False,Qwen/Qwen2.5-1.5B,0.1,1,20
high_school_statistics/120,0.486343652009964,0.5161638259887695,False,Qwen/Qwen2.5-1.5B,0.1,1,20
high_school_statistics/121,0.892157793045044,0.8113890886306763,False,Qwen/Qwen2.5-1.5B,0.1,1,20
high_school_statistics/122,0.0247018001973629,0.03073607012629509,False,Qwen/Qwen2.5-1.5B,0.1,1,20
high_school_statistics/123,0.797452449798584,0.7570124864578247,False,Qwen/Qwen2.5-1.5B,0.1,1,20
high_school_statistics/124,0.5389938354492188,0.42774394154548645,False,Qwen/Qwen2.5-1.5B,0.1,1,20
high_school_statistics/125,0.26986202597618103,0.2982633709907532,False,Qwen/Qwen2.5-1.5B,0.1,1,20
high_school_statistics/126,0.39621442556381226,0.2536058723926544,False,Qwen/Qwen2.5-1.5B,0.1,1,20
high_school_statistics/127,0.15685606002807617,0.16495093703269958,False,Qwen/Qwen2.5-1.5B,0.1,1,20
high_school_statistics/128,0.5380454063415527,0.47205281257629395,False,Qwen/Qwen2.5-1.5B,0.1,1,20
high_school_statistics/129,0.31037795543670654,0.2766043245792389,False,Qwen/Qwen2.5-1.5B,0.1,1,20
high_school_statistics/130,0.14350664615631104,0.08277387917041779,False,Qwen/Qwen2.5-1.5B,0.1,1,20
high_school_statistics/131,0.3666846454143524,0.33272096514701843,False,Qwen/Qwen2.5-1.5B,0.1,1,20
high_school_statistics/132,0.8214849829673767,0.8277614116668701,False,Qwen/Qwen2.5-1.5B,0.1,1,20
high_school_statistics/133,0.4516456127166748,0.30984926223754883,False,Qwen/Qwen2.5-1.5B,0.1,1,20
high_school_statistics/134,0.497180312871933,0.3464656174182892,False,Qwen/Qwen2.5-1.5B,0.1,1,20
high_school_statistics/135,0.2772618532180786,0.31099429726600647,False,Qwen/Qwen2.5-1.5B,0.1,1,20
high_school_statistics/136,0.39953091740608215,0.23054781556129456,False,Qwen/Qwen2.5-1.5B,0.1,1,20
high_school_statistics/137,0.7829167246818542,0.7547556757926941,False,Qwen/Qwen2.5-1.5B,0.1,1,20
high_school_statistics/138,0.8514982461929321,0.8363057374954224,True,Qwen/Qwen2.5-1.5B,0.1,1,20
high_school_statistics/139,0.36709296703338623,0.2754064202308655,False,Qwen/Qwen2.5-1.5B,0.1,1,20
high_school_statistics/140,0.25548556447029114,0.23949959874153137,False,Qwen/Qwen2.5-1.5B,0.1,1,20
high_school_statistics/141,0.38667750358581543,0.21703949570655823,False,Qwen/Qwen2.5-1.5B,0.1,1,20
high_school_statistics/142,0.1195162758231163,0.15899544954299927,False,Qwen/Qwen2.5-1.5B,0.1,1,20
high_school_statistics/143,0.37111493945121765,0.3986876606941223,True,Qwen/Qwen2.5-1.5B,0.1,1,20
high_school_statistics/144,0.4482569992542267,0.416419118642807,False,Qwen/Qwen2.5-1.5B,0.1,1,20
high_school_statistics/145,0.6981172561645508,0.6522352695465088,False,Qwen/Qwen2.5-1.5B,0.1,1,20
high_school_statistics/146,0.8414117097854614,0.7539446949958801,False,Qwen/Qwen2.5-1.5B,0.1,1,20
high_school_statistics/147,0.9342708587646484,0.8730015158653259,False,Qwen/Qwen2.5-1.5B,0.1,1,20
high_school_statistics/148,0.3256845772266388,0.33613693714141846,False,Qwen/Qwen2.5-1.5B,0.1,1,20
high_school_statistics/149,0.9970282912254333,0.9974919557571411,False,Qwen/Qwen2.5-1.5B,0.1,1,20
high_school_statistics/150,0.31991833448410034,0.39020010828971863,True,Qwen/Qwen2.5-1.5B,0.1,1,20
high_school_statistics/151,0.14415769279003143,0.2494387924671173,False,Qwen/Qwen2.5-1.5B,0.1,1,20
high_school_statistics/152,0.3675350546836853,0.46079596877098083,False,Qwen/Qwen2.5-1.5B,0.1,1,20
high_school_statistics/153,0.1890593022108078,0.24374215304851532,False,Qwen/Qwen2.5-1.5B,0.1,1,20
high_school_statistics/154,0.2254963517189026,0.380611389875412,False,Qwen/Qwen2.5-1.5B,0.1,1,20
high_school_statistics/155,0.48614856600761414,0.4035458266735077,False,Qwen/Qwen2.5-1.5B,0.1,1,20
high_school_statistics/156,0.23291736841201782,0.44278261065483093,False,Qwen/Qwen2.5-1.5B,0.1,1,20
high_school_statistics/157,0.09355127066373825,0.16488215327262878,False,Qwen/Qwen2.5-1.5B,0.1,1,20
high_school_statistics/158,0.30270278453826904,0.2569093704223633,False,Qwen/Qwen2.5-1.5B,0.1,1,20
high_school_statistics/159,0.2531049847602844,0.2034456431865692,False,Qwen/Qwen2.5-1.5B,0.1,1,20
high_school_statistics/160,0.9885043501853943,0.9928787350654602,True,Qwen/Qwen2.5-1.5B,0.1,1,20
high_school_statistics/161,0.007061333395540714,0.009408597834408283,False,Qwen/Qwen2.5-1.5B,0.1,1,20
high_school_statistics/162,0.2807784676551819,0.2394179403781891,False,Qwen/Qwen2.5-1.5B,0.1,1,20
high_school_statistics/163,0.9336602687835693,0.8788873553276062,False,Qwen/Qwen2.5-1.5B,0.1,1,20
high_school_statistics/164,0.5141022205352783,0.591597855091095,False,Qwen/Qwen2.5-1.5B,0.1,1,20
high_school_statistics/165,0.8011093139648438,0.7536699175834656,False,Qwen/Qwen2.5-1.5B,0.1,1,20
high_school_statistics/166,0.6156765222549438,0.4889461100101471,True,Qwen/Qwen2.5-1.5B,0.1,1,20
high_school_statistics/167,0.13631844520568848,0.17423789203166962,False,Qwen/Qwen2.5-1.5B,0.1,1,20
high_school_statistics/168,0.12770943343639374,0.11996420472860336,False,Qwen/Qwen2.5-1.5B,0.1,1,20
high_school_statistics/169,0.47255513072013855,0.5351555347442627,False,Qwen/Qwen2.5-1.5B,0.1,1,20
high_school_statistics/170,0.202169731259346,0.29846757650375366,False,Qwen/Qwen2.5-1.5B,0.1,1,20
high_school_statistics/171,0.9905647039413452,0.953536868095398,True,Qwen/Qwen2.5-1.5B,0.1,1,20
high_school_statistics/172,0.49719569087028503,0.47714781761169434,False,Qwen/Qwen2.5-1.5B,0.1,1,20
high_school_statistics/173,0.2604767680168152,0.3081075847148895,False,Qwen/Qwen2.5-1.5B,0.1,1,20
high_school_statistics/174,0.8721952438354492,0.7838640809059143,False,Qwen/Qwen2.5-1.5B,0.1,1,20
high_school_statistics/175,0.19298593699932098,0.3247775733470917,False,Qwen/Qwen2.5-1.5B,0.1,1,20
high_school_statistics/176,0.2554035186767578,0.19064447283744812,False,Qwen/Qwen2.5-1.5B,0.1,1,20
high_school_statistics/177,0.06287389993667603,0.18550530076026917,True,Qwen/Qwen2.5-1.5B,0.1,1,20
high_school_statistics/178,0.07128284871578217,0.09749698638916016,False,Qwen/Qwen2.5-1.5B,0.1,1,20
high_school_statistics/179,0.0805831179022789,0.16734187304973602,False,Qwen/Qwen2.5-1.5B,0.1,1,20
high_school_statistics/180,0.3605917692184448,0.23066723346710205,False,Qwen/Qwen2.5-1.5B,0.1,1,20
high_school_statistics/181,0.09920819848775864,0.06129810959100723,False,Qwen/Qwen2.5-1.5B,0.1,1,20
high_school_statistics/182,0.3559311628341675,0.3221500515937805,False,Qwen/Qwen2.5-1.5B,0.1,1,20
high_school_statistics/183,0.932502806186676,0.9530545473098755,True,Qwen/Qwen2.5-1.5B,0.1,1,20
high_school_statistics/184,0.09702284634113312,0.05978619307279587,False,Qwen/Qwen2.5-1.5B,0.1,1,20
high_school_statistics/185,0.9889940619468689,0.9488708972930908,False,Qwen/Qwen2.5-1.5B,0.1,1,20
high_school_statistics/186,0.8007779717445374,0.7628668546676636,False,Qwen/Qwen2.5-1.5B,0.1,1,20
high_school_statistics/187,0.2892207205295563,0.2778460681438446,False,Qwen/Qwen2.5-1.5B,0.1,1,20
high_school_statistics/188,0.09318973869085312,0.08717133849859238,False,Qwen/Qwen2.5-1.5B,0.1,1,20
high_school_statistics/189,0.09774398058652878,0.24747982621192932,False,Qwen/Qwen2.5-1.5B,0.1,1,20
high_school_statistics/190,0.4012864828109741,0.3201777935028076,False,Qwen/Qwen2.5-1.5B,0.1,1,20
high_school_statistics/191,0.2669791281223297,0.2770850658416748,False,Qwen/Qwen2.5-1.5B,0.1,1,20
high_school_statistics/192,0.02241337299346924,0.016234969720244408,False,Qwen/Qwen2.5-1.5B,0.1,1,20
high_school_statistics/193,0.24992288649082184,0.28162848949432373,False,Qwen/Qwen2.5-1.5B,0.1,1,20
high_school_statistics/194,0.9950472116470337,0.989113450050354,True,Qwen/Qwen2.5-1.5B,0.1,1,20
high_school_statistics/195,0.4865973889827728,0.48687562346458435,False,Qwen/Qwen2.5-1.5B,0.1,1,20
high_school_statistics/196,0.38714492321014404,0.39356181025505066,False,Qwen/Qwen2.5-1.5B,0.1,1,20
high_school_statistics/197,0.36675190925598145,0.40935537219047546,False,Qwen/Qwen2.5-1.5B,0.1,1,20
high_school_statistics/198,0.6195642352104187,0.5937325954437256,False,Qwen/Qwen2.5-1.5B,0.1,1,20
high_school_statistics/199,0.9815086722373962,0.9774968028068542,False,Qwen/Qwen2.5-1.5B,0.1,1,20
high_school_statistics/200,0.2822783291339874,0.3852551281452179,False,Qwen/Qwen2.5-1.5B,0.1,1,20
high_school_statistics/201,0.9974920749664307,0.9947530031204224,False,Qwen/Qwen2.5-1.5B,0.1,1,20
high_school_statistics/202,0.33336490392684937,0.27645912766456604,False,Qwen/Qwen2.5-1.5B,0.1,1,20
high_school_statistics/203,0.9750379323959351,0.7867690324783325,False,Qwen/Qwen2.5-1.5B,0.1,1,20
high_school_statistics/204,0.05793090909719467,0.08583879470825195,False,Qwen/Qwen2.5-1.5B,0.1,1,20
high_school_statistics/205,0.3593149185180664,0.2302255630493164,False,Qwen/Qwen2.5-1.5B,0.1,1,20
high_school_statistics/206,0.5467535257339478,0.3959296643733978,False,Qwen/Qwen2.5-1.5B,0.1,1,20
high_school_statistics/207,0.20931556820869446,0.3966503441333771,False,Qwen/Qwen2.5-1.5B,0.1,1,20
high_school_statistics/208,0.3081226646900177,0.2877544164657593,False,Qwen/Qwen2.5-1.5B,0.1,1,20
high_school_statistics/209,0.14881055057048798,0.16786779463291168,False,Qwen/Qwen2.5-1.5B,0.1,1,20
high_school_statistics/210,0.4711681008338928,0.2615419328212738,False,Qwen/Qwen2.5-1.5B,0.1,1,20
high_school_statistics/211,0.954538106918335,0.9850345253944397,True,Qwen/Qwen2.5-1.5B,0.1,1,20
high_school_statistics/212,0.11455225944519043,0.19094420969486237,False,Qwen/Qwen2.5-1.5B,0.1,1,20
high_school_statistics/213,0.41470250487327576,0.41613221168518066,False,Qwen/Qwen2.5-1.5B,0.1,1,20
high_school_statistics/214,0.9462908506393433,0.906110405921936,False,Qwen/Qwen2.5-1.5B,0.1,1,20
high_school_statistics/215,0.939551591873169,0.9167979955673218,True,Qwen/Qwen2.5-1.5B,0.1,1,20
philosophy/0,0.7840917110443115,0.8266448974609375,False,Qwen/Qwen2.5-1.5B,0.1,1,20
philosophy/1,0.9625034332275391,0.9365093111991882,True,Qwen/Qwen2.5-1.5B,0.1,1,20
philosophy/2,0.9836945533752441,0.9568780064582825,False,Qwen/Qwen2.5-1.5B,0.1,1,20
philosophy/3,0.9898756146430969,0.943599283695221,False,Qwen/Qwen2.5-1.5B,0.1,1,20
philosophy/4,0.6644095778465271,0.546648383140564,False,Qwen/Qwen2.5-1.5B,0.1,1,20
philosophy/5,0.6761574149131775,0.6395910978317261,False,Qwen/Qwen2.5-1.5B,0.1,1,20
philosophy/6,0.9913005232810974,0.9806388020515442,False,Qwen/Qwen2.5-1.5B,0.1,1,20
philosophy/7,0.21195882558822632,0.18047116696834564,False,Qwen/Qwen2.5-1.5B,0.1,1,20
philosophy/8,0.9383161067962646,0.9248296618461609,False,Qwen/Qwen2.5-1.5B,0.1,1,20
philosophy/9,0.9586455821990967,0.9687203764915466,False,Qwen/Qwen2.5-1.5B,0.1,1,20
philosophy/10,0.9858918786048889,0.9603684544563293,False,Qwen/Qwen2.5-1.5B,0.1,1,20
philosophy/11,0.40518489480018616,0.45127415657043457,False,Qwen/Qwen2.5-1.5B,0.1,1,20
philosophy/12,0.24811513721942902,0.23462097346782684,False,Qwen/Qwen2.5-1.5B,0.1,1,20
philosophy/13,0.7858262062072754,0.650691568851471,False,Qwen/Qwen2.5-1.5B,0.1,1,20
philosophy/14,0.3667934238910675,0.33865103125572205,True,Qwen/Qwen2.5-1.5B,0.1,1,20
philosophy/15,0.9332367181777954,0.9342098832130432,False,Qwen/Qwen2.5-1.5B,0.1,1,20
philosophy/16,0.07996347546577454,0.16342024505138397,True,Qwen/Qwen2.5-1.5B,0.1,1,20
philosophy/17,0.761492133140564,0.6914840340614319,False,Qwen/Qwen2.5-1.5B,0.1,1,20
philosophy/18,0.01592748425900936,0.03610376641154289,False,Qwen/Qwen2.5-1.5B,0.1,1,20
philosophy/19,0.11740230768918991,0.09234638512134552,False,Qwen/Qwen2.5-1.5B,0.1,1,20
philosophy/20,0.23889368772506714,0.32040369510650635,False,Qwen/Qwen2.5-1.5B,0.1,1,20
philosophy/21,0.5502211451530457,0.6412150859832764,True,Qwen/Qwen2.5-1.5B,0.1,1,20
philosophy/22,0.24417123198509216,0.2625344395637512,False,Qwen/Qwen2.5-1.5B,0.1,1,20
philosophy/23,0.04864003136754036,0.197813019156456,False,Qwen/Qwen2.5-1.5B,0.1,1,20
philosophy/24,0.8547263741493225,0.7028420567512512,True,Qwen/Qwen2.5-1.5B,0.1,1,20
philosophy/25,0.9739625453948975,0.9483752846717834,False,Qwen/Qwen2.5-1.5B,0.1,1,20
philosophy/26,0.01633070781826973,0.03533408045768738,False,Qwen/Qwen2.5-1.5B,0.1,1,20
philosophy/27,0.9788838624954224,0.9598727226257324,False,Qwen/Qwen2.5-1.5B,0.1,1,20
philosophy/28,0.3351346254348755,0.2794877290725708,False,Qwen/Qwen2.5-1.5B,0.1,1,20
philosophy/29,0.49813657999038696,0.4628036916255951,False,Qwen/Qwen2.5-1.5B,0.1,1,20
philosophy/30,0.7032343149185181,0.6795163154602051,False,Qwen/Qwen2.5-1.5B,0.1,1,20
philosophy/31,0.996134877204895,0.9934820532798767,False,Qwen/Qwen2.5-1.5B,0.1,1,20
philosophy/32,0.46708735823631287,0.72994464635849,True,Qwen/Qwen2.5-1.5B,0.1,1,20
philosophy/33,0.618804931640625,0.49647390842437744,False,Qwen/Qwen2.5-1.5B,0.1,1,20
philosophy/34,0.30188217759132385,0.1788921058177948,False,Qwen/Qwen2.5-1.5B,0.1,1,20
philosophy/35,0.9971933960914612,0.9976460337638855,False,Qwen/Qwen2.5-1.5B,0.1,1,20
philosophy/36,0.22075681388378143,0.19970616698265076,False,Qwen/Qwen2.5-1.5B,0.1,1,20
philosophy/37,0.07809507846832275,0.07819904386997223,False,Qwen/Qwen2.5-1.5B,0.1,1,20
philosophy/38,0.8883321285247803,0.7980743050575256,False,Qwen/Qwen2.5-1.5B,0.1,1,20
philosophy/39,0.98212069272995,0.9790331721305847,False,Qwen/Qwen2.5-1.5B,0.1,1,20
philosophy/40,0.7294085025787354,0.6723352670669556,False,Qwen/Qwen2.5-1.5B,0.1,1,20
philosophy/41,0.9840890169143677,0.954649031162262,False,Qwen/Qwen2.5-1.5B,0.1,1,20
philosophy/42,0.011829338036477566,0.0244451854377985,False,Qwen/Qwen2.5-1.5B,0.1,1,20
philosophy/43,0.7443462610244751,0.6270997524261475,False,Qwen/Qwen2.5-1.5B,0.1,1,20
philosophy/44,0.9367507100105286,0.8654897809028625,False,Qwen/Qwen2.5-1.5B,0.1,1,20
philosophy/45,0.8127464652061462,0.8332390189170837,True,Qwen/Qwen2.5-1.5B,0.1,1,20
philosophy/46,0.29978811740875244,0.3216862976551056,False,Qwen/Qwen2.5-1.5B,0.1,1,20
philosophy/47,0.7550727725028992,0.7314290404319763,False,Qwen/Qwen2.5-1.5B,0.1,1,20
philosophy/48,0.4293909966945648,0.2620634138584137,False,Qwen/Qwen2.5-1.5B,0.1,1,20
philosophy/49,0.9971611499786377,0.9919531941413879,False,Qwen/Qwen2.5-1.5B,0.1,1,20
philosophy/50,0.18590618669986725,0.19089964032173157,False,Qwen/Qwen2.5-1.5B,0.1,1,20
philosophy/51,0.191777765750885,0.23650935292243958,True,Qwen/Qwen2.5-1.5B,0.1,1,20
philosophy/52,0.1313655972480774,0.14810314774513245,False,Qwen/Qwen2.5-1.5B,0.1,1,20
philosophy/53,0.3857763111591339,0.3565722703933716,False,Qwen/Qwen2.5-1.5B,0.1,1,20
philosophy/54,0.46122291684150696,0.463655948638916,False,Qwen/Qwen2.5-1.5B,0.1,1,20
philosophy/55,0.7248237729072571,0.5261750817298889,True,Qwen/Qwen2.5-1.5B,0.1,1,20
philosophy/56,0.6884225606918335,0.6253264546394348,False,Qwen/Qwen2.5-1.5B,0.1,1,20
philosophy/57,0.995964765548706,0.9936448335647583,False,Qwen/Qwen2.5-1.5B,0.1,1,20
philosophy/58,0.9807783365249634,0.9664725661277771,True,Qwen/Qwen2.5-1.5B,0.1,1,20
philosophy/59,0.6971258521080017,0.6108483672142029,False,Qwen/Qwen2.5-1.5B,0.1,1,20
philosophy/60,0.7807114124298096,0.8292954564094543,False,Qwen/Qwen2.5-1.5B,0.1,1,20
philosophy/61,0.8003717064857483,0.7003697156906128,False,Qwen/Qwen2.5-1.5B,0.1,1,20
philosophy/62,0.9961387515068054,0.9902294278144836,False,Qwen/Qwen2.5-1.5B,0.1,1,20
philosophy/63,0.8630563020706177,0.8714894652366638,True,Qwen/Qwen2.5-1.5B,0.1,1,20
philosophy/64,0.847535252571106,0.6531120538711548,False,Qwen/Qwen2.5-1.5B,0.1,1,20
philosophy/65,0.5098391771316528,0.44670847058296204,False,Qwen/Qwen2.5-1.5B,0.1,1,20
philosophy/66,0.3972216546535492,0.38464072346687317,False,Qwen/Qwen2.5-1.5B,0.1,1,20
philosophy/67,0.5508250594139099,0.7275286912918091,True,Qwen/Qwen2.5-1.5B,0.1,1,20
philosophy/68,0.9722790718078613,0.8246734738349915,False,Qwen/Qwen2.5-1.5B,0.1,1,20
philosophy/69,0.9599219560623169,0.9118310809135437,False,Qwen/Qwen2.5-1.5B,0.1,1,20
philosophy/70,0.8468501567840576,0.8345116376876831,False,Qwen/Qwen2.5-1.5B,0.1,1,20
philosophy/71,0.9639295935630798,0.9597185254096985,False,Qwen/Qwen2.5-1.5B,0.1,1,20
philosophy/72,0.4605471193790436,0.2683583199977875,False,Qwen/Qwen2.5-1.5B,0.1,1,20
philosophy/73,0.06980261951684952,0.1343284696340561,True,Qwen/Qwen2.5-1.5B,0.1,1,20
philosophy/74,0.8752562999725342,0.4450165331363678,True,Qwen/Qwen2.5-1.5B,0.1,1,20
philosophy/75,0.6745318174362183,0.6416122317314148,False,Qwen/Qwen2.5-1.5B,0.1,1,20
philosophy/76,0.6197797060012817,0.44673916697502136,False,Qwen/Qwen2.5-1.5B,0.1,1,20
philosophy/77,0.12109892815351486,0.1633962094783783,False,Qwen/Qwen2.5-1.5B,0.1,1,20
philosophy/78,0.05975503474473953,0.07487054914236069,False,Qwen/Qwen2.5-1.5B,0.1,1,20
philosophy/79,0.9984933137893677,0.9976732134819031,False,Qwen/Qwen2.5-1.5B,0.1,1,20
philosophy/80,0.6469492316246033,0.41397780179977417,False,Qwen/Qwen2.5-1.5B,0.1,1,20
philosophy/81,0.40715348720550537,0.3680707514286041,False,Qwen/Qwen2.5-1.5B,0.1,1,20
philosophy/82,0.09858809411525726,0.14002789556980133,False,Qwen/Qwen2.5-1.5B,0.1,1,20
philosophy/83,0.0414498969912529,0.037238046526908875,False,Qwen/Qwen2.5-1.5B,0.1,1,20
philosophy/84,0.4291703999042511,0.29352089762687683,False,Qwen/Qwen2.5-1.5B,0.1,1,20
philosophy/85,0.3159480690956116,0.48693758249282837,False,Qwen/Qwen2.5-1.5B,0.1,1,20
philosophy/86,0.9697158932685852,0.9422299265861511,False,Qwen/Qwen2.5-1.5B,0.1,1,20
philosophy/87,0.09745249152183533,0.10893432796001434,False,Qwen/Qwen2.5-1.5B,0.1,1,20
philosophy/88,0.7011949419975281,0.8433169722557068,False,Qwen/Qwen2.5-1.5B,0.1,1,20
philosophy/89,0.957696259021759,0.9721603393554688,False,Qwen/Qwen2.5-1.5B,0.1,1,20
philosophy/90,0.6670714020729065,0.7467387914657593,False,Qwen/Qwen2.5-1.5B,0.1,1,20
philosophy/91,0.8214829564094543,0.8023883700370789,False,Qwen/Qwen2.5-1.5B,0.1,1,20
philosophy/92,0.757773756980896,0.8321774005889893,False,Qwen/Qwen2.5-1.5B,0.1,1,20
philosophy/93,0.9174327850341797,0.8921589851379395,False,Qwen/Qwen2.5-1.5B,0.1,1,20
philosophy/94,0.03752416372299194,0.04857267811894417,False,Qwen/Qwen2.5-1.5B,0.1,1,20
philosophy/95,0.9949992895126343,0.9838441014289856,False,Qwen/Qwen2.5-1.5B,0.1,1,20
philosophy/96,0.02986912988126278,0.028720883652567863,False,Qwen/Qwen2.5-1.5B,0.1,1,20
philosophy/97,0.8933623433113098,0.8643928170204163,False,Qwen/Qwen2.5-1.5B,0.1,1,20
philosophy/98,0.35032081604003906,0.3068991005420685,False,Qwen/Qwen2.5-1.5B,0.1,1,20
philosophy/99,0.20105516910552979,0.17068691551685333,False,Qwen/Qwen2.5-1.5B,0.1,1,20
philosophy/100,0.7013770937919617,0.6485824584960938,True,Qwen/Qwen2.5-1.5B,0.1,1,20
philosophy/101,0.5322458148002625,0.6029196977615356,False,Qwen/Qwen2.5-1.5B,0.1,1,20
philosophy/102,0.10185512900352478,0.22972877323627472,False,Qwen/Qwen2.5-1.5B,0.1,1,20
philosophy/103,0.9772419929504395,0.9514303207397461,False,Qwen/Qwen2.5-1.5B,0.1,1,20
philosophy/104,0.847827136516571,0.7768698334693909,False,Qwen/Qwen2.5-1.5B,0.1,1,20
philosophy/105,0.018266355618834496,0.048813365399837494,False,Qwen/Qwen2.5-1.5B,0.1,1,20
philosophy/106,0.11819352954626083,0.1762465089559555,False,Qwen/Qwen2.5-1.5B,0.1,1,20
philosophy/107,0.03250051289796829,0.10145409405231476,False,Qwen/Qwen2.5-1.5B,0.1,1,20
philosophy/108,0.9702720046043396,0.9701862931251526,False,Qwen/Qwen2.5-1.5B,0.1,1,20
philosophy/109,0.6189132928848267,0.7722821831703186,False,Qwen/Qwen2.5-1.5B,0.1,1,20
philosophy/110,0.7841060757637024,0.6503747701644897,True,Qwen/Qwen2.5-1.5B,0.1,1,20
philosophy/111,0.8437470197677612,0.787544310092926,False,Qwen/Qwen2.5-1.5B,0.1,1,20
philosophy/112,0.41815364360809326,0.44499456882476807,False,Qwen/Qwen2.5-1.5B,0.1,1,20
philosophy/113,0.08081595599651337,0.19939428567886353,False,Qwen/Qwen2.5-1.5B,0.1,1,20
philosophy/114,0.9862675666809082,0.9771525263786316,False,Qwen/Qwen2.5-1.5B,0.1,1,20
philosophy/115,0.10051780939102173,0.12645553052425385,False,Qwen/Qwen2.5-1.5B,0.1,1,20
philosophy/116,0.32285645604133606,0.24215373396873474,True,Qwen/Qwen2.5-1.5B,0.1,1,20
philosophy/117,0.996322512626648,0.9944316744804382,False,Qwen/Qwen2.5-1.5B,0.1,1,20
philosophy/118,0.7284815907478333,0.6770123243331909,False,Qwen/Qwen2.5-1.5B,0.1,1,20
philosophy/119,0.02834409847855568,0.07394140213727951,False,Qwen/Qwen2.5-1.5B,0.1,1,20
philosophy/120,0.9834700226783752,0.957509458065033,False,Qwen/Qwen2.5-1.5B,0.1,1,20
philosophy/121,0.49892204999923706,0.5437492728233337,False,Qwen/Qwen2.5-1.5B,0.1,1,20
philosophy/122,0.46836110949516296,0.4163174331188202,False,Qwen/Qwen2.5-1.5B,0.1,1,20
philosophy/123,0.7088229060173035,0.6292404532432556,False,Qwen/Qwen2.5-1.5B,0.1,1,20
philosophy/124,0.478991836309433,0.41099536418914795,False,Qwen/Qwen2.5-1.5B,0.1,1,20
philosophy/125,0.925624668598175,0.9111822247505188,False,Qwen/Qwen2.5-1.5B,0.1,1,20
philosophy/126,0.9551547169685364,0.8796080350875854,False,Qwen/Qwen2.5-1.5B,0.1,1,20
philosophy/127,0.4995819926261902,0.5115848779678345,False,Qwen/Qwen2.5-1.5B,0.1,1,20
philosophy/128,0.6738582253456116,0.5982645750045776,False,Qwen/Qwen2.5-1.5B,0.1,1,20
philosophy/129,0.9675449728965759,0.891788899898529,False,Qwen/Qwen2.5-1.5B,0.1,1,20
philosophy/130,0.9403478503227234,0.8798325061798096,False,Qwen/Qwen2.5-1.5B,0.1,1,20
philosophy/131,0.6486266255378723,0.6975730061531067,False,Qwen/Qwen2.5-1.5B,0.1,1,20
philosophy/132,0.038630254566669464,0.043671805411577225,False,Qwen/Qwen2.5-1.5B,0.1,1,20
philosophy/133,0.36535871028900146,0.23754428327083588,False,Qwen/Qwen2.5-1.5B,0.1,1,20
philosophy/134,0.16580890119075775,0.19155454635620117,False,Qwen/Qwen2.5-1.5B,0.1,1,20
philosophy/135,0.9673550724983215,0.8881632089614868,False,Qwen/Qwen2.5-1.5B,0.1,1,20
philosophy/136,0.9570960402488708,0.9315471053123474,False,Qwen/Qwen2.5-1.5B,0.1,1,20
philosophy/137,0.9891806244850159,0.9752112030982971,False,Qwen/Qwen2.5-1.5B,0.1,1,20
philosophy/138,0.10559943318367004,0.13362006843090057,False,Qwen/Qwen2.5-1.5B,0.1,1,20
philosophy/139,0.9932231903076172,0.9912415742874146,False,Qwen/Qwen2.5-1.5B,0.1,1,20
philosophy/140,0.8209519982337952,0.9047597646713257,False,Qwen/Qwen2.5-1.5B,0.1,1,20
philosophy/141,0.5315542221069336,0.6565112471580505,False,Qwen/Qwen2.5-1.5B,0.1,1,20
philosophy/142,0.9847921133041382,0.9825485944747925,False,Qwen/Qwen2.5-1.5B,0.1,1,20
philosophy/143,0.4225507378578186,0.4560297131538391,False,Qwen/Qwen2.5-1.5B,0.1,1,20
philosophy/144,0.48198723793029785,0.3939932584762573,True,Qwen/Qwen2.5-1.5B,0.1,1,20
philosophy/145,0.8922357559204102,0.7342082262039185,False,Qwen/Qwen2.5-1.5B,0.1,1,20
philosophy/146,0.9538979530334473,0.7882463932037354,False,Qwen/Qwen2.5-1.5B,0.1,1,20
philosophy/147,0.7297027707099915,0.8411825299263,False,Qwen/Qwen2.5-1.5B,0.1,1,20
philosophy/148,0.9734536409378052,0.962318480014801,False,Qwen/Qwen2.5-1.5B,0.1,1,20
philosophy/149,0.17744481563568115,0.23174816370010376,False,Qwen/Qwen2.5-1.5B,0.1,1,20
philosophy/150,0.9934145212173462,0.9770793318748474,False,Qwen/Qwen2.5-1.5B,0.1,1,20
philosophy/151,0.6259217858314514,0.393484503030777,False,Qwen/Qwen2.5-1.5B,0.1,1,20
philosophy/152,0.9605764150619507,0.9468635320663452,False,Qwen/Qwen2.5-1.5B,0.1,1,20
philosophy/153,0.9966574907302856,0.9940522313117981,False,Qwen/Qwen2.5-1.5B,0.1,1,20
philosophy/154,0.09252793341875076,0.043764617294073105,False,Qwen/Qwen2.5-1.5B,0.1,1,20
philosophy/155,0.4708821773529053,0.4265662431716919,False,Qwen/Qwen2.5-1.5B,0.1,1,20
philosophy/156,0.6952643394470215,0.6067861318588257,False,Qwen/Qwen2.5-1.5B,0.1,1,20
philosophy/157,0.9977499842643738,0.9922609925270081,False,Qwen/Qwen2.5-1.5B,0.1,1,20
philosophy/158,0.4718415141105652,0.5680319666862488,False,Qwen/Qwen2.5-1.5B,0.1,1,20
philosophy/159,0.23599039018154144,0.26719722151756287,False,Qwen/Qwen2.5-1.5B,0.1,1,20
philosophy/160,0.2889106869697571,0.28204572200775146,False,Qwen/Qwen2.5-1.5B,0.1,1,20
philosophy/161,0.5729962587356567,0.7465185523033142,False,Qwen/Qwen2.5-1.5B,0.1,1,20
philosophy/162,0.5600296258926392,0.5043553113937378,False,Qwen/Qwen2.5-1.5B,0.1,1,20
philosophy/163,0.9254565834999084,0.8370084166526794,False,Qwen/Qwen2.5-1.5B,0.1,1,20
philosophy/164,0.6173776984214783,0.541982889175415,False,Qwen/Qwen2.5-1.5B,0.1,1,20
philosophy/165,0.9626010656356812,0.9438958168029785,False,Qwen/Qwen2.5-1.5B,0.1,1,20
philosophy/166,0.979267954826355,0.8896617293357849,False,Qwen/Qwen2.5-1.5B,0.1,1,20
philosophy/167,0.286260724067688,0.23612405359745026,False,Qwen/Qwen2.5-1.5B,0.1,1,20
philosophy/168,0.25825566053390503,0.24233253300189972,False,Qwen/Qwen2.5-1.5B,0.1,1,20
philosophy/169,0.9796336889266968,0.9550188779830933,False,Qwen/Qwen2.5-1.5B,0.1,1,20
philosophy/170,0.38898664712905884,0.2977040112018585,False,Qwen/Qwen2.5-1.5B,0.1,1,20
philosophy/171,0.5606663227081299,0.5332160592079163,False,Qwen/Qwen2.5-1.5B,0.1,1,20
philosophy/172,0.21615390479564667,0.21096372604370117,False,Qwen/Qwen2.5-1.5B,0.1,1,20
philosophy/173,0.031662359833717346,0.08844851702451706,False,Qwen/Qwen2.5-1.5B,0.1,1,20
philosophy/174,0.47606995701789856,0.5526819825172424,False,Qwen/Qwen2.5-1.5B,0.1,1,20
philosophy/175,0.6826093196868896,0.6075659394264221,True,Qwen/Qwen2.5-1.5B,0.1,1,20
philosophy/176,0.18608945608139038,0.13353924453258514,False,Qwen/Qwen2.5-1.5B,0.1,1,20
philosophy/177,0.8873721957206726,0.7353359460830688,False,Qwen/Qwen2.5-1.5B,0.1,1,20
philosophy/178,0.21850629150867462,0.42358553409576416,False,Qwen/Qwen2.5-1.5B,0.1,1,20
philosophy/179,0.8640549778938293,0.8476653099060059,False,Qwen/Qwen2.5-1.5B,0.1,1,20
philosophy/180,0.7763975262641907,0.8069828152656555,True,Qwen/Qwen2.5-1.5B,0.1,1,20
philosophy/181,0.6411445736885071,0.5929542779922485,True,Qwen/Qwen2.5-1.5B,0.1,1,20
philosophy/182,0.9899609088897705,0.9872933626174927,False,Qwen/Qwen2.5-1.5B,0.1,1,20
philosophy/183,0.9858323335647583,0.9607953429222107,False,Qwen/Qwen2.5-1.5B,0.1,1,20
philosophy/184,0.8470342755317688,0.8030458092689514,False,Qwen/Qwen2.5-1.5B,0.1,1,20
philosophy/185,0.7179293632507324,0.6667187809944153,False,Qwen/Qwen2.5-1.5B,0.1,1,20
philosophy/186,0.41250696778297424,0.4384346604347229,False,Qwen/Qwen2.5-1.5B,0.1,1,20
philosophy/187,0.5159404277801514,0.5435130596160889,False,Qwen/Qwen2.5-1.5B,0.1,1,20
philosophy/188,0.3382470905780792,0.42313888669013977,False,Qwen/Qwen2.5-1.5B,0.1,1,20
philosophy/189,0.9673256278038025,0.9600045680999756,False,Qwen/Qwen2.5-1.5B,0.1,1,20
philosophy/190,0.8918436169624329,0.7585833668708801,False,Qwen/Qwen2.5-1.5B,0.1,1,20
philosophy/191,0.546040415763855,0.7406516671180725,False,Qwen/Qwen2.5-1.5B,0.1,1,20
philosophy/192,0.9365043044090271,0.9421354532241821,False,Qwen/Qwen2.5-1.5B,0.1,1,20
philosophy/193,0.5269519686698914,0.5184419751167297,False,Qwen/Qwen2.5-1.5B,0.1,1,20
philosophy/194,0.7796196937561035,0.6738963723182678,False,Qwen/Qwen2.5-1.5B,0.1,1,20
philosophy/195,0.7473275065422058,0.4279889762401581,False,Qwen/Qwen2.5-1.5B,0.1,1,20
philosophy/196,0.5911514163017273,0.47056394815444946,False,Qwen/Qwen2.5-1.5B,0.1,1,20
philosophy/197,0.13882216811180115,0.12355338037014008,False,Qwen/Qwen2.5-1.5B,0.1,1,20
philosophy/198,0.03763094171881676,0.0434182807803154,False,Qwen/Qwen2.5-1.5B,0.1,1,20
philosophy/199,0.95662921667099,0.9637272953987122,False,Qwen/Qwen2.5-1.5B,0.1,1,20
philosophy/200,0.4291248023509979,0.4100738763809204,False,Qwen/Qwen2.5-1.5B,0.1,1,20
philosophy/201,0.2635490894317627,0.3975783884525299,False,Qwen/Qwen2.5-1.5B,0.1,1,20
philosophy/202,0.459584504365921,0.5102164149284363,False,Qwen/Qwen2.5-1.5B,0.1,1,20
philosophy/203,0.047515738755464554,0.057493727654218674,False,Qwen/Qwen2.5-1.5B,0.1,1,20
philosophy/204,0.6188584566116333,0.5932595133781433,False,Qwen/Qwen2.5-1.5B,0.1,1,20
philosophy/205,0.8670893311500549,0.7832979559898376,False,Qwen/Qwen2.5-1.5B,0.1,1,20
philosophy/206,0.6469308733940125,0.5296460390090942,True,Qwen/Qwen2.5-1.5B,0.1,1,20
philosophy/207,0.9216167330741882,0.8852627277374268,False,Qwen/Qwen2.5-1.5B,0.1,1,20
philosophy/208,0.04188264161348343,0.09825267642736435,False,Qwen/Qwen2.5-1.5B,0.1,1,20
philosophy/209,0.5499177575111389,0.479117751121521,False,Qwen/Qwen2.5-1.5B,0.1,1,20
philosophy/210,0.058536749333143234,0.048858512192964554,False,Qwen/Qwen2.5-1.5B,0.1,1,20
philosophy/211,0.8502516150474548,0.8549716472625732,False,Qwen/Qwen2.5-1.5B,0.1,1,20
philosophy/212,0.0177761297672987,0.044208064675331116,False,Qwen/Qwen2.5-1.5B,0.1,1,20
philosophy/213,0.10899212211370468,0.0811922550201416,True,Qwen/Qwen2.5-1.5B,0.1,1,20
philosophy/214,0.6248769164085388,0.4905514717102051,False,Qwen/Qwen2.5-1.5B,0.1,1,20
philosophy/215,0.5078731179237366,0.6966467499732971,False,Qwen/Qwen2.5-1.5B,0.1,1,20
philosophy/216,0.4535463750362396,0.2607748508453369,False,Qwen/Qwen2.5-1.5B,0.1,1,20
philosophy/217,0.9894124865531921,0.9941213726997375,False,Qwen/Qwen2.5-1.5B,0.1,1,20
philosophy/218,0.7779374718666077,0.8089935779571533,False,Qwen/Qwen2.5-1.5B,0.1,1,20
philosophy/219,0.7492698431015015,0.4808926582336426,False,Qwen/Qwen2.5-1.5B,0.1,1,20
philosophy/220,0.21258480846881866,0.19370527565479279,False,Qwen/Qwen2.5-1.5B,0.1,1,20
philosophy/221,0.2716526687145233,0.4599652588367462,False,Qwen/Qwen2.5-1.5B,0.1,1,20
philosophy/222,0.9707226157188416,0.9428377747535706,False,Qwen/Qwen2.5-1.5B,0.1,1,20
philosophy/223,0.2034560739994049,0.17333151400089264,False,Qwen/Qwen2.5-1.5B,0.1,1,20
philosophy/224,0.9950095415115356,0.9822485446929932,False,Qwen/Qwen2.5-1.5B,0.1,1,20
philosophy/225,0.9652190804481506,0.9747089147567749,True,Qwen/Qwen2.5-1.5B,0.1,1,20
philosophy/226,0.12993024289608002,0.10857036709785461,False,Qwen/Qwen2.5-1.5B,0.1,1,20
philosophy/227,0.9438633322715759,0.921480655670166,False,Qwen/Qwen2.5-1.5B,0.1,1,20
philosophy/228,0.9774104952812195,0.9532191753387451,False,Qwen/Qwen2.5-1.5B,0.1,1,20
philosophy/229,0.9126513004302979,0.7346598505973816,False,Qwen/Qwen2.5-1.5B,0.1,1,20
philosophy/230,0.826831042766571,0.5672491788864136,False,Qwen/Qwen2.5-1.5B,0.1,1,20
philosophy/231,0.47403186559677124,0.22449901700019836,False,Qwen/Qwen2.5-1.5B,0.1,1,20
philosophy/232,0.5863432884216309,0.612881600856781,False,Qwen/Qwen2.5-1.5B,0.1,1,20
philosophy/233,0.09520214051008224,0.10536223649978638,False,Qwen/Qwen2.5-1.5B,0.1,1,20
philosophy/234,0.9759097695350647,0.9795981049537659,False,Qwen/Qwen2.5-1.5B,0.1,1,20
philosophy/235,0.9858031272888184,0.9670111536979675,True,Qwen/Qwen2.5-1.5B,0.1,1,20
philosophy/236,0.22749921679496765,0.2534978985786438,False,Qwen/Qwen2.5-1.5B,0.1,1,20
philosophy/237,0.04283924400806427,0.04765396937727928,True,Qwen/Qwen2.5-1.5B,0.1,1,20
philosophy/238,0.19773301482200623,0.2314145416021347,False,Qwen/Qwen2.5-1.5B,0.1,1,20
philosophy/239,0.9186634421348572,0.8414218425750732,True,Qwen/Qwen2.5-1.5B,0.1,1,20
philosophy/240,0.27328088879585266,0.2655719518661499,False,Qwen/Qwen2.5-1.5B,0.1,1,20
philosophy/241,0.02182125300168991,0.03864019364118576,True,Qwen/Qwen2.5-1.5B,0.1,1,20
philosophy/242,0.04516829177737236,0.036765262484550476,False,Qwen/Qwen2.5-1.5B,0.1,1,20
philosophy/243,0.30474960803985596,0.36015063524246216,False,Qwen/Qwen2.5-1.5B,0.1,1,20
philosophy/244,0.03007608838379383,0.040686365216970444,False,Qwen/Qwen2.5-1.5B,0.1,1,20
philosophy/245,0.8937646746635437,0.9095020890235901,False,Qwen/Qwen2.5-1.5B,0.1,1,20
philosophy/246,0.9165497422218323,0.922247052192688,False,Qwen/Qwen2.5-1.5B,0.1,1,20
philosophy/247,0.9962489008903503,0.9880802631378174,False,Qwen/Qwen2.5-1.5B,0.1,1,20
philosophy/248,0.7202184796333313,0.8136363625526428,False,Qwen/Qwen2.5-1.5B,0.1,1,20
philosophy/249,0.20455095171928406,0.18343883752822876,True,Qwen/Qwen2.5-1.5B,0.1,1,20
philosophy/250,0.974890947341919,0.9414616823196411,True,Qwen/Qwen2.5-1.5B,0.1,1,20
philosophy/251,0.8282262682914734,0.6841757297515869,False,Qwen/Qwen2.5-1.5B,0.1,1,20
philosophy/252,0.8990852236747742,0.9398946762084961,False,Qwen/Qwen2.5-1.5B,0.1,1,20
philosophy/253,0.11214456707239151,0.08343523740768433,False,Qwen/Qwen2.5-1.5B,0.1,1,20
philosophy/254,0.29049453139305115,0.34363484382629395,False,Qwen/Qwen2.5-1.5B,0.1,1,20
philosophy/255,0.7790342569351196,0.7681159377098083,False,Qwen/Qwen2.5-1.5B,0.1,1,20
philosophy/256,0.3597535490989685,0.4345366358757019,False,Qwen/Qwen2.5-1.5B,0.1,1,20
philosophy/257,0.5393472909927368,0.4201304614543915,False,Qwen/Qwen2.5-1.5B,0.1,1,20
philosophy/258,0.26097995042800903,0.3087799549102783,False,Qwen/Qwen2.5-1.5B,0.1,1,20
philosophy/259,0.8611441850662231,0.7830777168273926,False,Qwen/Qwen2.5-1.5B,0.1,1,20
philosophy/260,0.9760990738868713,0.955424964427948,False,Qwen/Qwen2.5-1.5B,0.1,1,20
philosophy/261,0.2521255910396576,0.33443117141723633,False,Qwen/Qwen2.5-1.5B,0.1,1,20
philosophy/262,0.648283064365387,0.5700588822364807,False,Qwen/Qwen2.5-1.5B,0.1,1,20
philosophy/263,0.5013640522956848,0.689969539642334,False,Qwen/Qwen2.5-1.5B,0.1,1,20
philosophy/264,0.42799681425094604,0.5132909417152405,False,Qwen/Qwen2.5-1.5B,0.1,1,20
philosophy/265,0.3993728458881378,0.16915705800056458,False,Qwen/Qwen2.5-1.5B,0.1,1,20
philosophy/266,0.030226461589336395,0.07650890201330185,False,Qwen/Qwen2.5-1.5B,0.1,1,20
philosophy/267,0.7566407918930054,0.7357770800590515,False,Qwen/Qwen2.5-1.5B,0.1,1,20
philosophy/268,0.8101857304573059,0.9291881322860718,False,Qwen/Qwen2.5-1.5B,0.1,1,20
philosophy/269,0.1007058322429657,0.1075943112373352,False,Qwen/Qwen2.5-1.5B,0.1,1,20
philosophy/270,0.5556647181510925,0.6305509209632874,True,Qwen/Qwen2.5-1.5B,0.1,1,20
philosophy/271,0.11971273273229599,0.08262502402067184,False,Qwen/Qwen2.5-1.5B,0.1,1,20
philosophy/272,0.7178879380226135,0.6764742136001587,True,Qwen/Qwen2.5-1.5B,0.1,1,20
philosophy/273,0.6474142074584961,0.5140671133995056,False,Qwen/Qwen2.5-1.5B,0.1,1,20
philosophy/274,0.8785765171051025,0.7806726694107056,False,Qwen/Qwen2.5-1.5B,0.1,1,20
philosophy/275,0.9298642873764038,0.9007061719894409,False,Qwen/Qwen2.5-1.5B,0.1,1,20
philosophy/276,0.8309317231178284,0.6792715191841125,False,Qwen/Qwen2.5-1.5B,0.1,1,20
philosophy/277,0.9994369149208069,0.9961949586868286,False,Qwen/Qwen2.5-1.5B,0.1,1,20
philosophy/278,0.2580254375934601,0.24590761959552765,False,Qwen/Qwen2.5-1.5B,0.1,1,20
philosophy/279,0.9971875548362732,0.9949033260345459,False,Qwen/Qwen2.5-1.5B,0.1,1,20
philosophy/280,0.3740983307361603,0.2538415789604187,False,Qwen/Qwen2.5-1.5B,0.1,1,20
philosophy/281,0.24041438102722168,0.3056822717189789,False,Qwen/Qwen2.5-1.5B,0.1,1,20
philosophy/282,0.9979547262191772,0.9921436309814453,False,Qwen/Qwen2.5-1.5B,0.1,1,20
philosophy/283,0.6762155294418335,0.2979583144187927,False,Qwen/Qwen2.5-1.5B,0.1,1,20
philosophy/284,0.9085744619369507,0.9071342945098877,False,Qwen/Qwen2.5-1.5B,0.1,1,20
philosophy/285,0.5469048023223877,0.4253474771976471,False,Qwen/Qwen2.5-1.5B,0.1,1,20
philosophy/286,0.13474516570568085,0.13147245347499847,False,Qwen/Qwen2.5-1.5B,0.1,1,20
philosophy/287,0.3333929777145386,0.46047502756118774,False,Qwen/Qwen2.5-1.5B,0.1,1,20
philosophy/288,0.12805064022541046,0.15086780488491058,False,Qwen/Qwen2.5-1.5B,0.1,1,20
philosophy/289,0.7444056868553162,0.7507374882698059,True,Qwen/Qwen2.5-1.5B,0.1,1,20
philosophy/290,0.9811972975730896,0.9756371378898621,False,Qwen/Qwen2.5-1.5B,0.1,1,20
philosophy/291,0.6247491240501404,0.5048030018806458,False,Qwen/Qwen2.5-1.5B,0.1,1,20
philosophy/292,0.7481441497802734,0.6365270614624023,False,Qwen/Qwen2.5-1.5B,0.1,1,20
philosophy/293,0.4495742619037628,0.44967615604400635,True,Qwen/Qwen2.5-1.5B,0.1,1,20
philosophy/294,0.15855130553245544,0.17468120157718658,False,Qwen/Qwen2.5-1.5B,0.1,1,20
philosophy/295,0.6971591711044312,0.7346240878105164,False,Qwen/Qwen2.5-1.5B,0.1,1,20
philosophy/296,0.8533225655555725,0.8022066354751587,True,Qwen/Qwen2.5-1.5B,0.1,1,20
philosophy/297,0.017664754763245583,0.046742744743824005,False,Qwen/Qwen2.5-1.5B,0.1,1,20
philosophy/298,0.14204341173171997,0.23763257265090942,True,Qwen/Qwen2.5-1.5B,0.1,1,20
philosophy/299,0.4220266044139862,0.28625449538230896,False,Qwen/Qwen2.5-1.5B,0.1,1,20
philosophy/300,0.7578129172325134,0.5616968870162964,False,Qwen/Qwen2.5-1.5B,0.1,1,20
philosophy/301,0.6047656536102295,0.6302903294563293,False,Qwen/Qwen2.5-1.5B,0.1,1,20
philosophy/302,0.9721441864967346,0.9750389456748962,False,Qwen/Qwen2.5-1.5B,0.1,1,20
philosophy/303,0.04890529811382294,0.062065452337265015,False,Qwen/Qwen2.5-1.5B,0.1,1,20
philosophy/304,0.9994643330574036,0.9980154037475586,False,Qwen/Qwen2.5-1.5B,0.1,1,20
philosophy/305,0.41718995571136475,0.2189863622188568,False,Qwen/Qwen2.5-1.5B,0.1,1,20
philosophy/306,0.45809993147850037,0.44288331270217896,False,Qwen/Qwen2.5-1.5B,0.1,1,20
philosophy/307,0.7136252522468567,0.3302280008792877,False,Qwen/Qwen2.5-1.5B,0.1,1,20
philosophy/308,0.3919122815132141,0.4155346751213074,False,Qwen/Qwen2.5-1.5B,0.1,1,20
philosophy/309,0.41761210560798645,0.3048712909221649,False,Qwen/Qwen2.5-1.5B,0.1,1,20
philosophy/310,0.9970182180404663,0.9890255331993103,False,Qwen/Qwen2.5-1.5B,0.1,1,20
marketing/0,0.9652537107467651,0.9747528433799744,False,Qwen/Qwen2.5-1.5B,0.1,1,20
marketing/1,0.8707259893417358,0.9436419606208801,False,Qwen/Qwen2.5-1.5B,0.1,1,20
marketing/2,0.1390908807516098,0.19553641974925995,True,Qwen/Qwen2.5-1.5B,0.1,1,20
marketing/3,0.2702503204345703,0.298450231552124,False,Qwen/Qwen2.5-1.5B,0.1,1,20
marketing/4,0.8870733380317688,0.900354266166687,False,Qwen/Qwen2.5-1.5B,0.1,1,20
marketing/5,0.9124481678009033,0.8254606127738953,False,Qwen/Qwen2.5-1.5B,0.1,1,20
marketing/6,0.9796177744865417,0.9857745170593262,False,Qwen/Qwen2.5-1.5B,0.1,1,20
marketing/7,0.10063180327415466,0.18683893978595734,False,Qwen/Qwen2.5-1.5B,0.1,1,20
marketing/8,0.9925218224525452,0.9858657121658325,False,Qwen/Qwen2.5-1.5B,0.1,1,20
marketing/9,0.08679792284965515,0.22209975123405457,False,Qwen/Qwen2.5-1.5B,0.1,1,20
marketing/10,0.9879128336906433,0.9864614605903625,False,Qwen/Qwen2.5-1.5B,0.1,1,20
marketing/11,0.3213534951210022,0.4207797944545746,False,Qwen/Qwen2.5-1.5B,0.1,1,20
marketing/12,0.9117793440818787,0.9314295053482056,False,Qwen/Qwen2.5-1.5B,0.1,1,20
marketing/13,0.9768570065498352,0.9629814028739929,False,Qwen/Qwen2.5-1.5B,0.1,1,20
marketing/14,0.7935932874679565,0.7681126594543457,False,Qwen/Qwen2.5-1.5B,0.1,1,20
marketing/15,0.9992867112159729,0.9988290667533875,False,Qwen/Qwen2.5-1.5B,0.1,1,20
marketing/16,0.9469290971755981,0.9461430311203003,False,Qwen/Qwen2.5-1.5B,0.1,1,20
marketing/17,0.9786862134933472,0.9340866208076477,False,Qwen/Qwen2.5-1.5B,0.1,1,20
marketing/18,0.43874719738960266,0.3951873183250427,False,Qwen/Qwen2.5-1.5B,0.1,1,20
marketing/19,0.8046223521232605,0.7198854684829712,False,Qwen/Qwen2.5-1.5B,0.1,1,20
marketing/20,0.996716320514679,0.9960429668426514,False,Qwen/Qwen2.5-1.5B,0.1,1,20
marketing/21,0.9786978363990784,0.972548246383667,False,Qwen/Qwen2.5-1.5B,0.1,1,20
marketing/22,0.983669102191925,0.9735409617424011,True,Qwen/Qwen2.5-1.5B,0.1,1,20
marketing/23,0.8648523092269897,0.875673770904541,True,Qwen/Qwen2.5-1.5B,0.1,1,20
marketing/24,0.98579341173172,0.9891547560691833,False,Qwen/Qwen2.5-1.5B,0.1,1,20
marketing/25,0.9842140674591064,0.9762638807296753,False,Qwen/Qwen2.5-1.5B,0.1,1,20
marketing/26,0.4988971948623657,0.5503621101379395,False,Qwen/Qwen2.5-1.5B,0.1,1,20
marketing/27,0.9765421152114868,0.9430674910545349,False,Qwen/Qwen2.5-1.5B,0.1,1,20
marketing/28,0.9846754670143127,0.9839223623275757,False,Qwen/Qwen2.5-1.5B,0.1,1,20
marketing/29,0.9769731760025024,0.9877713918685913,True,Qwen/Qwen2.5-1.5B,0.1,1,20
marketing/30,0.9889000654220581,0.9816027283668518,False,Qwen/Qwen2.5-1.5B,0.1,1,20
marketing/31,0.9949952363967896,0.9959990978240967,False,Qwen/Qwen2.5-1.5B,0.1,1,20
marketing/32,0.38716837763786316,0.580797553062439,False,Qwen/Qwen2.5-1.5B,0.1,1,20
marketing/33,0.9925797581672668,0.9926756024360657,True,Qwen/Qwen2.5-1.5B,0.1,1,20
marketing/34,0.5225192904472351,0.6785074472427368,True,Qwen/Qwen2.5-1.5B,0.1,1,20
marketing/35,0.763514518737793,0.7934949398040771,False,Qwen/Qwen2.5-1.5B,0.1,1,20
marketing/36,0.7725993990898132,0.8295803070068359,False,Qwen/Qwen2.5-1.5B,0.1,1,20
marketing/37,0.9470241069793701,0.9528796076774597,False,Qwen/Qwen2.5-1.5B,0.1,1,20
marketing/38,0.7379012703895569,0.6015108823776245,False,Qwen/Qwen2.5-1.5B,0.1,1,20
marketing/39,0.9634996056556702,0.9754181504249573,False,Qwen/Qwen2.5-1.5B,0.1,1,20
marketing/40,0.9293165802955627,0.8166326880455017,False,Qwen/Qwen2.5-1.5B,0.1,1,20
marketing/41,0.7081369161605835,0.7429952025413513,False,Qwen/Qwen2.5-1.5B,0.1,1,20
marketing/42,0.9451929330825806,0.9658791422843933,False,Qwen/Qwen2.5-1.5B,0.1,1,20
marketing/43,0.8245924711227417,0.9392046928405762,False,Qwen/Qwen2.5-1.5B,0.1,1,20
marketing/44,0.761824905872345,0.8473445177078247,False,Qwen/Qwen2.5-1.5B,0.1,1,20
marketing/45,0.9462785720825195,0.9246307611465454,False,Qwen/Qwen2.5-1.5B,0.1,1,20
marketing/46,0.9940999150276184,0.9898148775100708,False,Qwen/Qwen2.5-1.5B,0.1,1,20
marketing/47,0.98384028673172,0.9881977438926697,False,Qwen/Qwen2.5-1.5B,0.1,1,20
marketing/48,0.9672890305519104,0.9734262824058533,False,Qwen/Qwen2.5-1.5B,0.1,1,20
marketing/49,0.9778353571891785,0.9662116765975952,False,Qwen/Qwen2.5-1.5B,0.1,1,20
marketing/50,0.9811381101608276,0.9760452508926392,False,Qwen/Qwen2.5-1.5B,0.1,1,20
marketing/51,0.9027746319770813,0.9144320487976074,False,Qwen/Qwen2.5-1.5B,0.1,1,20
marketing/52,0.9324991703033447,0.895151674747467,False,Qwen/Qwen2.5-1.5B,0.1,1,20
marketing/53,0.9959611296653748,0.9963595271110535,False,Qwen/Qwen2.5-1.5B,0.1,1,20
marketing/54,0.18942891061306,0.0899386927485466,False,Qwen/Qwen2.5-1.5B,0.1,1,20
marketing/55,0.23106350004673004,0.23055249452590942,False,Qwen/Qwen2.5-1.5B,0.1,1,20
marketing/56,0.896996796131134,0.8312448263168335,False,Qwen/Qwen2.5-1.5B,0.1,1,20
marketing/57,0.9969626069068909,0.9894938468933105,False,Qwen/Qwen2.5-1.5B,0.1,1,20
marketing/58,0.9801313281059265,0.9562186598777771,False,Qwen/Qwen2.5-1.5B,0.1,1,20
marketing/59,0.9987590312957764,0.998924195766449,False,Qwen/Qwen2.5-1.5B,0.1,1,20
marketing/60,0.9809175729751587,0.9581106901168823,True,Qwen/Qwen2.5-1.5B,0.1,1,20
marketing/61,0.9964985847473145,0.9973816275596619,False,Qwen/Qwen2.5-1.5B,0.1,1,20
marketing/62,0.9425122737884521,0.9392216205596924,False,Qwen/Qwen2.5-1.5B,0.1,1,20
marketing/63,0.8249052166938782,0.8956829309463501,False,Qwen/Qwen2.5-1.5B,0.1,1,20
marketing/64,0.9026888608932495,0.9619090557098389,False,Qwen/Qwen2.5-1.5B,0.1,1,20
marketing/65,0.39330053329467773,0.4417246878147125,False,Qwen/Qwen2.5-1.5B,0.1,1,20
marketing/66,0.9944038391113281,0.9931869506835938,False,Qwen/Qwen2.5-1.5B,0.1,1,20
marketing/67,0.6319732069969177,0.6021122932434082,False,Qwen/Qwen2.5-1.5B,0.1,1,20
marketing/68,0.44420966506004333,0.42219722270965576,False,Qwen/Qwen2.5-1.5B,0.1,1,20
marketing/69,0.9729044437408447,0.980249285697937,False,Qwen/Qwen2.5-1.5B,0.1,1,20
marketing/70,0.9968053102493286,0.996383547782898,False,Qwen/Qwen2.5-1.5B,0.1,1,20
marketing/71,0.8652441501617432,0.9444349408149719,False,Qwen/Qwen2.5-1.5B,0.1,1,20
marketing/72,0.49564826488494873,0.5977228879928589,False,Qwen/Qwen2.5-1.5B,0.1,1,20
marketing/73,0.37510988116264343,0.4355846345424652,False,Qwen/Qwen2.5-1.5B,0.1,1,20
marketing/74,0.820467472076416,0.913714587688446,False,Qwen/Qwen2.5-1.5B,0.1,1,20
marketing/75,0.9974381923675537,0.9979674220085144,False,Qwen/Qwen2.5-1.5B,0.1,1,20
marketing/76,0.996903121471405,0.9935882091522217,False,Qwen/Qwen2.5-1.5B,0.1,1,20
marketing/77,0.6123472452163696,0.7100475430488586,True,Qwen/Qwen2.5-1.5B,0.1,1,20
marketing/78,0.9815036058425903,0.9852868318557739,False,Qwen/Qwen2.5-1.5B,0.1,1,20
marketing/79,0.5309422612190247,0.503180205821991,False,Qwen/Qwen2.5-1.5B,0.1,1,20
marketing/80,0.7020290493965149,0.6350153684616089,False,Qwen/Qwen2.5-1.5B,0.1,1,20
marketing/81,0.995743453502655,0.992214024066925,False,Qwen/Qwen2.5-1.5B,0.1,1,20
marketing/82,0.35170456767082214,0.5513826608657837,True,Qwen/Qwen2.5-1.5B,0.1,1,20
marketing/83,0.9805777072906494,0.9905713796615601,True,Qwen/Qwen2.5-1.5B,0.1,1,20
marketing/84,0.9806680679321289,0.9753817915916443,False,Qwen/Qwen2.5-1.5B,0.1,1,20
marketing/85,0.9864633083343506,0.9911462664604187,False,Qwen/Qwen2.5-1.5B,0.1,1,20
marketing/86,0.9783305525779724,0.9641722440719604,False,Qwen/Qwen2.5-1.5B,0.1,1,20
marketing/87,0.5967676043510437,0.5560375452041626,False,Qwen/Qwen2.5-1.5B,0.1,1,20
marketing/88,0.929574728012085,0.9405031204223633,False,Qwen/Qwen2.5-1.5B,0.1,1,20
marketing/89,0.9786226749420166,0.9492409229278564,False,Qwen/Qwen2.5-1.5B,0.1,1,20
marketing/90,0.262070894241333,0.4857812523841858,False,Qwen/Qwen2.5-1.5B,0.1,1,20
marketing/91,0.22157913446426392,0.3191322684288025,False,Qwen/Qwen2.5-1.5B,0.1,1,20
marketing/92,0.39209794998168945,0.536552906036377,False,Qwen/Qwen2.5-1.5B,0.1,1,20
marketing/93,0.9756160378456116,0.9891531467437744,False,Qwen/Qwen2.5-1.5B,0.1,1,20
marketing/94,0.9976640939712524,0.997300922870636,False,Qwen/Qwen2.5-1.5B,0.1,1,20
marketing/95,0.9981820583343506,0.9980449676513672,False,Qwen/Qwen2.5-1.5B,0.1,1,20
marketing/96,0.23569437861442566,0.319451242685318,False,Qwen/Qwen2.5-1.5B,0.1,1,20
marketing/97,0.31299230456352234,0.39817383885383606,False,Qwen/Qwen2.5-1.5B,0.1,1,20
marketing/98,0.9858647584915161,0.9753173589706421,False,Qwen/Qwen2.5-1.5B,0.1,1,20
marketing/99,0.14126159250736237,0.28406599164009094,True,Qwen/Qwen2.5-1.5B,0.1,1,20
marketing/100,0.9960994720458984,0.9966070652008057,False,Qwen/Qwen2.5-1.5B,0.1,1,20
marketing/101,0.7620580792427063,0.8611599206924438,False,Qwen/Qwen2.5-1.5B,0.1,1,20
marketing/102,0.971350908279419,0.9107083082199097,False,Qwen/Qwen2.5-1.5B,0.1,1,20
marketing/103,0.3348846435546875,0.3164615333080292,False,Qwen/Qwen2.5-1.5B,0.1,1,20
marketing/104,0.29889294505119324,0.3151630759239197,False,Qwen/Qwen2.5-1.5B,0.1,1,20
marketing/105,0.4120505750179291,0.3632073402404785,False,Qwen/Qwen2.5-1.5B,0.1,1,20
marketing/106,0.9952493906021118,0.9950063228607178,True,Qwen/Qwen2.5-1.5B,0.1,1,20
marketing/107,0.9490126967430115,0.9183782339096069,False,Qwen/Qwen2.5-1.5B,0.1,1,20
marketing/108,0.9977082014083862,0.9969961643218994,False,Qwen/Qwen2.5-1.5B,0.1,1,20
marketing/109,0.24324773252010345,0.21652065217494965,False,Qwen/Qwen2.5-1.5B,0.1,1,20
marketing/110,0.9591659307479858,0.9684316515922546,False,Qwen/Qwen2.5-1.5B,0.1,1,20
marketing/111,0.8136963248252869,0.7709637880325317,False,Qwen/Qwen2.5-1.5B,0.1,1,20
marketing/112,0.9866381883621216,0.9767258763313293,False,Qwen/Qwen2.5-1.5B,0.1,1,20
marketing/113,0.9789044260978699,0.9862635135650635,False,Qwen/Qwen2.5-1.5B,0.1,1,20
marketing/114,0.9569429755210876,0.9457882046699524,False,Qwen/Qwen2.5-1.5B,0.1,1,20
marketing/115,0.11667178571224213,0.08449797332286835,False,Qwen/Qwen2.5-1.5B,0.1,1,20
marketing/116,0.9897387623786926,0.9882955551147461,False,Qwen/Qwen2.5-1.5B,0.1,1,20
marketing/117,0.8106404542922974,0.9059222340583801,False,Qwen/Qwen2.5-1.5B,0.1,1,20
marketing/118,0.27832791209220886,0.21979069709777832,False,Qwen/Qwen2.5-1.5B,0.1,1,20
marketing/119,0.9979585409164429,0.9974773526191711,False,Qwen/Qwen2.5-1.5B,0.1,1,20
marketing/120,0.9771652221679688,0.9452958106994629,False,Qwen/Qwen2.5-1.5B,0.1,1,20
marketing/121,0.9589464068412781,0.9400749802589417,False,Qwen/Qwen2.5-1.5B,0.1,1,20
marketing/122,0.8088167905807495,0.7366518974304199,False,Qwen/Qwen2.5-1.5B,0.1,1,20
marketing/123,0.15986067056655884,0.2170017808675766,False,Qwen/Qwen2.5-1.5B,0.1,1,20
marketing/124,0.9292619228363037,0.8544592261314392,False,Qwen/Qwen2.5-1.5B,0.1,1,20
marketing/125,0.995112955570221,0.9956737160682678,False,Qwen/Qwen2.5-1.5B,0.1,1,20
marketing/126,0.931069552898407,0.8997735977172852,False,Qwen/Qwen2.5-1.5B,0.1,1,20
marketing/127,0.9634975790977478,0.959218442440033,True,Qwen/Qwen2.5-1.5B,0.1,1,20
marketing/128,0.3266581594944,0.3699217736721039,False,Qwen/Qwen2.5-1.5B,0.1,1,20
marketing/129,0.014239506796002388,0.06496108323335648,False,Qwen/Qwen2.5-1.5B,0.1,1,20
marketing/130,0.9908487796783447,0.9829810857772827,False,Qwen/Qwen2.5-1.5B,0.1,1,20
marketing/131,0.9944379329681396,0.9925927519798279,False,Qwen/Qwen2.5-1.5B,0.1,1,20
marketing/132,0.9934182167053223,0.9940933585166931,False,Qwen/Qwen2.5-1.5B,0.1,1,20
marketing/133,0.9162834286689758,0.7787112593650818,False,Qwen/Qwen2.5-1.5B,0.1,1,20
marketing/134,0.9958513975143433,0.9872217774391174,False,Qwen/Qwen2.5-1.5B,0.1,1,20
marketing/135,0.9861834049224854,0.9916291236877441,True,Qwen/Qwen2.5-1.5B,0.1,1,20
marketing/136,0.8888723254203796,0.7447443604469299,False,Qwen/Qwen2.5-1.5B,0.1,1,20
marketing/137,0.4016244411468506,0.4185989797115326,True,Qwen/Qwen2.5-1.5B,0.1,1,20
marketing/138,0.2411205768585205,0.42119312286376953,False,Qwen/Qwen2.5-1.5B,0.1,1,20
marketing/139,0.7698906660079956,0.8269267678260803,False,Qwen/Qwen2.5-1.5B,0.1,1,20
marketing/140,0.9899024963378906,0.9896558523178101,False,Qwen/Qwen2.5-1.5B,0.1,1,20
marketing/141,0.9879516959190369,0.976830244064331,False,Qwen/Qwen2.5-1.5B,0.1,1,20
marketing/142,0.9909893870353699,0.994920551776886,False,Qwen/Qwen2.5-1.5B,0.1,1,20
marketing/143,0.8872511982917786,0.8444138169288635,False,Qwen/Qwen2.5-1.5B,0.1,1,20
marketing/144,0.29213643074035645,0.5681535005569458,False,Qwen/Qwen2.5-1.5B,0.1,1,20
marketing/145,0.061295900493860245,0.1929469108581543,False,Qwen/Qwen2.5-1.5B,0.1,1,20
marketing/146,0.9887574315071106,0.980190098285675,False,Qwen/Qwen2.5-1.5B,0.1,1,20
marketing/147,0.9862558245658875,0.976405680179596,False,Qwen/Qwen2.5-1.5B,0.1,1,20
marketing/148,0.9978929162025452,0.9953204989433289,False,Qwen/Qwen2.5-1.5B,0.1,1,20
marketing/149,0.9742841720581055,0.9673943519592285,False,Qwen/Qwen2.5-1.5B,0.1,1,20
marketing/150,0.9417769908905029,0.9492588639259338,False,Qwen/Qwen2.5-1.5B,0.1,1,20
marketing/151,0.34281978011131287,0.6294808387756348,False,Qwen/Qwen2.5-1.5B,0.1,1,20
marketing/152,0.9970268607139587,0.9972578883171082,False,Qwen/Qwen2.5-1.5B,0.1,1,20
marketing/153,0.4809304475784302,0.3915617763996124,False,Qwen/Qwen2.5-1.5B,0.1,1,20
marketing/154,0.9776853919029236,0.9823993444442749,False,Qwen/Qwen2.5-1.5B,0.1,1,20
marketing/155,0.7519944310188293,0.7461825609207153,False,Qwen/Qwen2.5-1.5B,0.1,1,20
marketing/156,0.9396176934242249,0.9087071418762207,False,Qwen/Qwen2.5-1.5B,0.1,1,20
marketing/157,0.16569079458713531,0.21444429457187653,False,Qwen/Qwen2.5-1.5B,0.1,1,20
marketing/158,0.9923102855682373,0.9947406649589539,False,Qwen/Qwen2.5-1.5B,0.1,1,20
marketing/159,0.6445056200027466,0.8148426413536072,False,Qwen/Qwen2.5-1.5B,0.1,1,20
marketing/160,0.9984455704689026,0.9959750771522522,False,Qwen/Qwen2.5-1.5B,0.1,1,20
marketing/161,0.06189072132110596,0.041922006756067276,False,Qwen/Qwen2.5-1.5B,0.1,1,20
marketing/162,0.9875261187553406,0.9884040355682373,False,Qwen/Qwen2.5-1.5B,0.1,1,20
marketing/163,0.9078993797302246,0.9599716663360596,False,Qwen/Qwen2.5-1.5B,0.1,1,20
marketing/164,0.9992474317550659,0.9976613521575928,True,Qwen/Qwen2.5-1.5B,0.1,1,20
marketing/165,0.08641938120126724,0.074513278901577,False,Qwen/Qwen2.5-1.5B,0.1,1,20
marketing/166,0.9459558725357056,0.9095448851585388,False,Qwen/Qwen2.5-1.5B,0.1,1,20
marketing/167,0.9979475140571594,0.998291552066803,False,Qwen/Qwen2.5-1.5B,0.1,1,20
marketing/168,0.9444310069084167,0.9146215319633484,False,Qwen/Qwen2.5-1.5B,0.1,1,20
marketing/169,0.9235650897026062,0.9321547746658325,False,Qwen/Qwen2.5-1.5B,0.1,1,20
marketing/170,0.9915937185287476,0.9829673767089844,False,Qwen/Qwen2.5-1.5B,0.1,1,20
marketing/171,0.9565088152885437,0.9509379863739014,True,Qwen/Qwen2.5-1.5B,0.1,1,20
marketing/172,0.6573498249053955,0.8698627352714539,False,Qwen/Qwen2.5-1.5B,0.1,1,20
marketing/173,0.6556422710418701,0.8109155893325806,False,Qwen/Qwen2.5-1.5B,0.1,1,20
marketing/174,0.9416760802268982,0.93017578125,False,Qwen/Qwen2.5-1.5B,0.1,1,20
marketing/175,0.5678198933601379,0.49942547082901,False,Qwen/Qwen2.5-1.5B,0.1,1,20
marketing/176,0.9390949010848999,0.8711804747581482,False,Qwen/Qwen2.5-1.5B,0.1,1,20
marketing/177,0.9860740900039673,0.9963461756706238,False,Qwen/Qwen2.5-1.5B,0.1,1,20
marketing/178,0.8652647733688354,0.7815514206886292,False,Qwen/Qwen2.5-1.5B,0.1,1,20
marketing/179,0.9984254837036133,0.9982690811157227,True,Qwen/Qwen2.5-1.5B,0.1,1,20
marketing/180,0.9402071237564087,0.9053246378898621,False,Qwen/Qwen2.5-1.5B,0.1,1,20
marketing/181,0.13282322883605957,0.1568552553653717,False,Qwen/Qwen2.5-1.5B,0.1,1,20
marketing/182,0.8824453949928284,0.8554489612579346,False,Qwen/Qwen2.5-1.5B,0.1,1,20
marketing/183,0.13065071403980255,0.14715149998664856,False,Qwen/Qwen2.5-1.5B,0.1,1,20
marketing/184,0.04002426937222481,0.05622423067688942,False,Qwen/Qwen2.5-1.5B,0.1,1,20
marketing/185,0.5884675979614258,0.6806038022041321,False,Qwen/Qwen2.5-1.5B,0.1,1,20
marketing/186,0.945342481136322,0.9285619258880615,False,Qwen/Qwen2.5-1.5B,0.1,1,20
marketing/187,0.9327987432479858,0.9195474982261658,False,Qwen/Qwen2.5-1.5B,0.1,1,20
marketing/188,0.9067088961601257,0.8976015448570251,False,Qwen/Qwen2.5-1.5B,0.1,1,20
marketing/189,0.9977750182151794,0.9959385395050049,False,Qwen/Qwen2.5-1.5B,0.1,1,20
marketing/190,0.9964123368263245,0.9968400001525879,False,Qwen/Qwen2.5-1.5B,0.1,1,20
marketing/191,0.9896206855773926,0.9918749928474426,False,Qwen/Qwen2.5-1.5B,0.1,1,20
marketing/192,0.07399018108844757,0.05340230092406273,False,Qwen/Qwen2.5-1.5B,0.1,1,20
marketing/193,0.5026645660400391,0.4037019610404968,False,Qwen/Qwen2.5-1.5B,0.1,1,20
marketing/194,0.8717404007911682,0.816464364528656,False,Qwen/Qwen2.5-1.5B,0.1,1,20
marketing/195,0.9970099925994873,0.9939603805541992,False,Qwen/Qwen2.5-1.5B,0.1,1,20
marketing/196,0.8509148359298706,0.879949152469635,False,Qwen/Qwen2.5-1.5B,0.1,1,20
marketing/197,0.9526785612106323,0.9149032831192017,False,Qwen/Qwen2.5-1.5B,0.1,1,20
marketing/198,0.77647465467453,0.5728874802589417,False,Qwen/Qwen2.5-1.5B,0.1,1,20
marketing/199,0.9875730872154236,0.990045964717865,False,Qwen/Qwen2.5-1.5B,0.1,1,20
marketing/200,0.9897833466529846,0.992811381816864,False,Qwen/Qwen2.5-1.5B,0.1,1,20
marketing/201,0.9495842456817627,0.9543807506561279,False,Qwen/Qwen2.5-1.5B,0.1,1,20
marketing/202,0.6354491710662842,0.7632293701171875,True,Qwen/Qwen2.5-1.5B,0.1,1,20
marketing/203,0.7773195505142212,0.8429707288742065,False,Qwen/Qwen2.5-1.5B,0.1,1,20
marketing/204,0.6966837048530579,0.5109791159629822,False,Qwen/Qwen2.5-1.5B,0.1,1,20
marketing/205,0.9803851842880249,0.9764242172241211,True,Qwen/Qwen2.5-1.5B,0.1,1,20
marketing/206,0.6634804606437683,0.7626292109489441,False,Qwen/Qwen2.5-1.5B,0.1,1,20
marketing/207,0.995405912399292,0.9971845746040344,False,Qwen/Qwen2.5-1.5B,0.1,1,20
marketing/208,0.7559868097305298,0.7155492305755615,False,Qwen/Qwen2.5-1.5B,0.1,1,20
marketing/209,0.9934377074241638,0.9836052060127258,False,Qwen/Qwen2.5-1.5B,0.1,1,20
marketing/210,0.1238023191690445,0.05457562953233719,False,Qwen/Qwen2.5-1.5B,0.1,1,20
marketing/211,0.9867205619812012,0.9909342527389526,False,Qwen/Qwen2.5-1.5B,0.1,1,20
marketing/212,0.9163016676902771,0.6724950075149536,False,Qwen/Qwen2.5-1.5B,0.1,1,20
marketing/213,0.8687676787376404,0.8472340703010559,False,Qwen/Qwen2.5-1.5B,0.1,1,20
marketing/214,0.08939357846975327,0.18425029516220093,True,Qwen/Qwen2.5-1.5B,0.1,1,20
marketing/215,0.8561778664588928,0.87613844871521,True,Qwen/Qwen2.5-1.5B,0.1,1,20
marketing/216,0.536986231803894,0.5470598340034485,False,Qwen/Qwen2.5-1.5B,0.1,1,20
marketing/217,0.20247147977352142,0.21286185085773468,False,Qwen/Qwen2.5-1.5B,0.1,1,20
marketing/218,0.22369730472564697,0.23931020498275757,False,Qwen/Qwen2.5-1.5B,0.1,1,20
marketing/219,0.49797323346138,0.5994232892990112,False,Qwen/Qwen2.5-1.5B,0.1,1,20
marketing/220,0.9728227853775024,0.9861428141593933,False,Qwen/Qwen2.5-1.5B,0.1,1,20
marketing/221,0.9832000732421875,0.9632197022438049,False,Qwen/Qwen2.5-1.5B,0.1,1,20
marketing/222,0.9864227175712585,0.9875883460044861,False,Qwen/Qwen2.5-1.5B,0.1,1,20
marketing/223,0.03379252180457115,0.031111354008316994,False,Qwen/Qwen2.5-1.5B,0.1,1,20
marketing/224,0.41075652837753296,0.5407518148422241,False,Qwen/Qwen2.5-1.5B,0.1,1,20
marketing/225,0.9987384676933289,0.9951493144035339,False,Qwen/Qwen2.5-1.5B,0.1,1,20
marketing/226,0.9205353856086731,0.8839409947395325,False,Qwen/Qwen2.5-1.5B,0.1,1,20
marketing/227,0.9927347898483276,0.9642744064331055,False,Qwen/Qwen2.5-1.5B,0.1,1,20
marketing/228,0.9777998924255371,0.9887231588363647,False,Qwen/Qwen2.5-1.5B,0.1,1,20
marketing/229,0.3960084319114685,0.4883979558944702,True,Qwen/Qwen2.5-1.5B,0.1,1,20
marketing/230,0.9985653758049011,0.997316300868988,False,Qwen/Qwen2.5-1.5B,0.1,1,20
marketing/231,0.9933304190635681,0.9925092458724976,False,Qwen/Qwen2.5-1.5B,0.1,1,20
marketing/232,0.9969958066940308,0.9970946311950684,False,Qwen/Qwen2.5-1.5B,0.1,1,20
marketing/233,0.6292120814323425,0.5573156476020813,False,Qwen/Qwen2.5-1.5B,0.1,1,20
college_biology/0,0.20640811324119568,0.19931893050670624,False,Qwen/Qwen2.5-1.5B,0.1,4,0
college_biology/1,0.38013434410095215,0.5390099287033081,False,Qwen/Qwen2.5-1.5B,0.1,4,0
college_biology/2,0.9031085968017578,0.9665337204933167,False,Qwen/Qwen2.5-1.5B,0.1,4,0
college_biology/3,0.9146309494972229,0.9106149673461914,False,Qwen/Qwen2.5-1.5B,0.1,4,0
college_biology/4,0.5499411821365356,0.687294065952301,False,Qwen/Qwen2.5-1.5B,0.1,4,0
college_biology/5,0.9968731999397278,0.9976181387901306,False,Qwen/Qwen2.5-1.5B,0.1,4,0
college_biology/6,0.9967592358589172,0.9955036044120789,False,Qwen/Qwen2.5-1.5B,0.1,4,0
college_biology/7,0.22258588671684265,0.1950453668832779,False,Qwen/Qwen2.5-1.5B,0.1,4,0
college_biology/8,0.9942660927772522,0.9956613183021545,False,Qwen/Qwen2.5-1.5B,0.1,4,0
college_biology/9,0.9801716804504395,0.9924115538597107,False,Qwen/Qwen2.5-1.5B,0.1,4,0
college_biology/10,0.4958440363407135,0.5653488039970398,False,Qwen/Qwen2.5-1.5B,0.1,4,0
college_biology/11,0.2788051962852478,0.1850653886795044,False,Qwen/Qwen2.5-1.5B,0.1,4,0
college_biology/12,0.31944477558135986,0.3808859586715698,False,Qwen/Qwen2.5-1.5B,0.1,4,0
college_biology/13,0.9053718447685242,0.8728666305541992,False,Qwen/Qwen2.5-1.5B,0.1,4,0
college_biology/14,0.429720401763916,0.3796069025993347,False,Qwen/Qwen2.5-1.5B,0.1,4,0
college_biology/15,0.22110025584697723,0.24840381741523743,False,Qwen/Qwen2.5-1.5B,0.1,4,0
college_biology/16,0.9738847613334656,0.9854903221130371,False,Qwen/Qwen2.5-1.5B,0.1,4,0
college_biology/17,0.5749072432518005,0.5579656958580017,False,Qwen/Qwen2.5-1.5B,0.1,4,0
college_biology/18,0.25454407930374146,0.2950761318206787,False,Qwen/Qwen2.5-1.5B,0.1,4,0
college_biology/19,0.44162872433662415,0.4633800983428955,False,Qwen/Qwen2.5-1.5B,0.1,4,0
college_biology/20,0.9979123473167419,0.9987276196479797,False,Qwen/Qwen2.5-1.5B,0.1,4,0
college_biology/21,0.9980908036231995,0.9963586926460266,False,Qwen/Qwen2.5-1.5B,0.1,4,0
college_biology/22,0.318970263004303,0.29444193840026855,False,Qwen/Qwen2.5-1.5B,0.1,4,0
college_biology/23,0.7416822910308838,0.93247389793396,False,Qwen/Qwen2.5-1.5B,0.1,4,0
college_biology/24,0.9962257146835327,0.9975109100341797,False,Qwen/Qwen2.5-1.5B,0.1,4,0
college_biology/25,0.9957587122917175,0.995059609413147,False,Qwen/Qwen2.5-1.5B,0.1,4,0
college_biology/26,0.04274143651127815,0.04545557126402855,False,Qwen/Qwen2.5-1.5B,0.1,4,0
college_biology/27,0.9456104040145874,0.9135105013847351,False,Qwen/Qwen2.5-1.5B,0.1,4,0
college_biology/28,0.7027029395103455,0.9152512550354004,False,Qwen/Qwen2.5-1.5B,0.1,4,0
college_biology/29,0.5579694509506226,0.5634035468101501,False,Qwen/Qwen2.5-1.5B,0.1,4,0
college_biology/30,0.9683905839920044,0.9611474871635437,False,Qwen/Qwen2.5-1.5B,0.1,4,0
college_biology/31,0.5422115325927734,0.2846881151199341,False,Qwen/Qwen2.5-1.5B,0.1,4,0
college_biology/32,0.34084540605545044,0.31988197565078735,False,Qwen/Qwen2.5-1.5B,0.1,4,0
college_biology/33,0.9537611603736877,0.9748522043228149,False,Qwen/Qwen2.5-1.5B,0.1,4,0
college_biology/34,0.2553641200065613,0.24089869856834412,False,Qwen/Qwen2.5-1.5B,0.1,4,0
college_biology/35,0.7048394083976746,0.7322121262550354,False,Qwen/Qwen2.5-1.5B,0.1,4,0
college_biology/36,0.8208478093147278,0.7945703268051147,False,Qwen/Qwen2.5-1.5B,0.1,4,0
college_biology/37,0.49684396386146545,0.5882853865623474,False,Qwen/Qwen2.5-1.5B,0.1,4,0
college_biology/38,0.9775083065032959,0.9857680201530457,True,Qwen/Qwen2.5-1.5B,0.1,4,0
college_biology/39,0.1124400794506073,0.08032457530498505,False,Qwen/Qwen2.5-1.5B,0.1,4,0
college_biology/40,0.3183232843875885,0.2319340854883194,False,Qwen/Qwen2.5-1.5B,0.1,4,0
college_biology/41,0.3641262948513031,0.36572927236557007,False,Qwen/Qwen2.5-1.5B,0.1,4,0
college_biology/42,0.99600750207901,0.9785106182098389,False,Qwen/Qwen2.5-1.5B,0.1,4,0
college_biology/43,0.7051841616630554,0.8167890310287476,False,Qwen/Qwen2.5-1.5B,0.1,4,0
college_biology/44,0.45819857716560364,0.4867704212665558,False,Qwen/Qwen2.5-1.5B,0.1,4,0
college_biology/45,0.05995221808552742,0.12046943604946136,False,Qwen/Qwen2.5-1.5B,0.1,4,0
college_biology/46,0.1437641829252243,0.09422286599874496,False,Qwen/Qwen2.5-1.5B,0.1,4,0
college_biology/47,0.918129026889801,0.8985472321510315,False,Qwen/Qwen2.5-1.5B,0.1,4,0
college_biology/48,0.6623031497001648,0.6826034188270569,False,Qwen/Qwen2.5-1.5B,0.1,4,0
college_biology/49,0.8455824851989746,0.8634536862373352,False,Qwen/Qwen2.5-1.5B,0.1,4,0
college_biology/50,0.7017077803611755,0.6734475493431091,False,Qwen/Qwen2.5-1.5B,0.1,4,0
college_biology/51,0.3277090787887573,0.22331447899341583,False,Qwen/Qwen2.5-1.5B,0.1,4,0
college_biology/52,0.6770631670951843,0.5982694625854492,False,Qwen/Qwen2.5-1.5B,0.1,4,0
college_biology/53,0.05147393420338631,0.028795218095183372,False,Qwen/Qwen2.5-1.5B,0.1,4,0
college_biology/54,0.24767933785915375,0.34218788146972656,True,Qwen/Qwen2.5-1.5B,0.1,4,0
college_biology/55,0.2967051565647125,0.24418675899505615,False,Qwen/Qwen2.5-1.5B,0.1,4,0
college_biology/56,0.12467098236083984,0.14478595554828644,False,Qwen/Qwen2.5-1.5B,0.1,4,0
college_biology/57,0.8408691883087158,0.822702944278717,False,Qwen/Qwen2.5-1.5B,0.1,4,0
college_biology/58,0.3924880921840668,0.3006463050842285,True,Qwen/Qwen2.5-1.5B,0.1,4,0
college_biology/59,0.9974024891853333,0.9972512125968933,False,Qwen/Qwen2.5-1.5B,0.1,4,0
college_biology/60,0.8720700144767761,0.6898777484893799,False,Qwen/Qwen2.5-1.5B,0.1,4,0
college_biology/61,0.6988823413848877,0.4676201641559601,False,Qwen/Qwen2.5-1.5B,0.1,4,0
college_biology/62,0.9843648672103882,0.9873210191726685,False,Qwen/Qwen2.5-1.5B,0.1,4,0
college_biology/63,0.22915363311767578,0.3316035568714142,False,Qwen/Qwen2.5-1.5B,0.1,4,0
college_biology/64,0.1797037422657013,0.17078015208244324,False,Qwen/Qwen2.5-1.5B,0.1,4,0
college_biology/65,0.06687655299901962,0.1287783980369568,False,Qwen/Qwen2.5-1.5B,0.1,4,0
college_biology/66,0.45218977332115173,0.32311588525772095,False,Qwen/Qwen2.5-1.5B,0.1,4,0
college_biology/67,0.09599027782678604,0.10548719018697739,True,Qwen/Qwen2.5-1.5B,0.1,4,0
college_biology/68,0.9743385910987854,0.988916277885437,False,Qwen/Qwen2.5-1.5B,0.1,4,0
college_biology/69,0.7711538076400757,0.6360962986946106,False,Qwen/Qwen2.5-1.5B,0.1,4,0
college_biology/70,0.6964226961135864,0.9695515036582947,True,Qwen/Qwen2.5-1.5B,0.1,4,0
college_biology/71,0.4819801449775696,0.5245051383972168,False,Qwen/Qwen2.5-1.5B,0.1,4,0
college_biology/72,0.8025171756744385,0.9394656419754028,True,Qwen/Qwen2.5-1.5B,0.1,4,0
college_biology/73,0.4076455235481262,0.4109761714935303,False,Qwen/Qwen2.5-1.5B,0.1,4,0
college_biology/74,0.16861870884895325,0.07544082403182983,False,Qwen/Qwen2.5-1.5B,0.1,4,0
college_biology/75,0.23429778218269348,0.6547772884368896,False,Qwen/Qwen2.5-1.5B,0.1,4,0
college_biology/76,0.9984461665153503,0.9969238638877869,False,Qwen/Qwen2.5-1.5B,0.1,4,0
college_biology/77,0.6418440937995911,0.8736603260040283,True,Qwen/Qwen2.5-1.5B,0.1,4,0
college_biology/78,0.17672082781791687,0.16446541249752045,True,Qwen/Qwen2.5-1.5B,0.1,4,0
college_biology/79,0.17758825421333313,0.18801762163639069,False,Qwen/Qwen2.5-1.5B,0.1,4,0
college_biology/80,0.07502078264951706,0.10269749909639359,False,Qwen/Qwen2.5-1.5B,0.1,4,0
college_biology/81,0.9242544174194336,0.9372779726982117,False,Qwen/Qwen2.5-1.5B,0.1,4,0
college_biology/82,0.9991220831871033,0.9985439777374268,False,Qwen/Qwen2.5-1.5B,0.1,4,0
college_biology/83,0.586393415927887,0.7416275143623352,False,Qwen/Qwen2.5-1.5B,0.1,4,0
college_biology/84,0.9186782240867615,0.8768486976623535,False,Qwen/Qwen2.5-1.5B,0.1,4,0
college_biology/85,0.5162244439125061,0.6217001080513,False,Qwen/Qwen2.5-1.5B,0.1,4,0
college_biology/86,0.9649735689163208,0.9790759086608887,False,Qwen/Qwen2.5-1.5B,0.1,4,0
college_biology/87,0.760348379611969,0.8881730437278748,True,Qwen/Qwen2.5-1.5B,0.1,4,0
college_biology/88,0.9953727126121521,0.9864155650138855,False,Qwen/Qwen2.5-1.5B,0.1,4,0
college_biology/89,0.663116991519928,0.68498694896698,False,Qwen/Qwen2.5-1.5B,0.1,4,0
college_biology/90,0.4695224463939667,0.36026862263679504,False,Qwen/Qwen2.5-1.5B,0.1,4,0
college_biology/91,0.9989527463912964,0.9950085878372192,False,Qwen/Qwen2.5-1.5B,0.1,4,0
college_biology/92,0.9943270087242126,0.9918517470359802,False,Qwen/Qwen2.5-1.5B,0.1,4,0
college_biology/93,0.016398847103118896,0.049575839191675186,False,Qwen/Qwen2.5-1.5B,0.1,4,0
college_biology/94,0.9911707639694214,0.9954925775527954,False,Qwen/Qwen2.5-1.5B,0.1,4,0
college_biology/95,0.3826534152030945,0.1528407335281372,False,Qwen/Qwen2.5-1.5B,0.1,4,0
college_biology/96,0.35228127241134644,0.6648170948028564,False,Qwen/Qwen2.5-1.5B,0.1,4,0
college_biology/97,0.832207202911377,0.7525824904441833,False,Qwen/Qwen2.5-1.5B,0.1,4,0
college_biology/98,0.09541411697864532,0.26512977480888367,False,Qwen/Qwen2.5-1.5B,0.1,4,0
college_biology/99,0.9876673221588135,0.9756165742874146,False,Qwen/Qwen2.5-1.5B,0.1,4,0
college_biology/100,0.350065678358078,0.3940587639808655,False,Qwen/Qwen2.5-1.5B,0.1,4,0
college_biology/101,0.23291665315628052,0.5362259149551392,False,Qwen/Qwen2.5-1.5B,0.1,4,0
college_biology/102,0.8356863856315613,0.7576061487197876,False,Qwen/Qwen2.5-1.5B,0.1,4,0
college_biology/103,0.2827049791812897,0.2823413908481598,False,Qwen/Qwen2.5-1.5B,0.1,4,0
college_biology/104,0.9078003168106079,0.9259610772132874,False,Qwen/Qwen2.5-1.5B,0.1,4,0
college_biology/105,0.893564760684967,0.8417719602584839,False,Qwen/Qwen2.5-1.5B,0.1,4,0
college_biology/106,0.24730992317199707,0.26098546385765076,True,Qwen/Qwen2.5-1.5B,0.1,4,0
college_biology/107,0.03631003201007843,0.03143269941210747,False,Qwen/Qwen2.5-1.5B,0.1,4,0
college_biology/108,0.043180886656045914,0.062084395438432693,False,Qwen/Qwen2.5-1.5B,0.1,4,0
college_biology/109,0.7383955121040344,0.8524423241615295,False,Qwen/Qwen2.5-1.5B,0.1,4,0
college_biology/110,0.13269832730293274,0.28638651967048645,False,Qwen/Qwen2.5-1.5B,0.1,4,0
college_biology/111,0.9942359328269958,0.9981920123100281,False,Qwen/Qwen2.5-1.5B,0.1,4,0
college_biology/112,0.877133309841156,0.7582911252975464,False,Qwen/Qwen2.5-1.5B,0.1,4,0
college_biology/113,0.9935070276260376,0.9615620970726013,False,Qwen/Qwen2.5-1.5B,0.1,4,0
college_biology/114,0.9952492713928223,0.9965376853942871,False,Qwen/Qwen2.5-1.5B,0.1,4,0
college_biology/115,0.056575071066617966,0.12364451587200165,True,Qwen/Qwen2.5-1.5B,0.1,4,0
college_biology/116,0.054964613169431686,0.3507941961288452,False,Qwen/Qwen2.5-1.5B,0.1,4,0
college_biology/117,0.996276319026947,0.9822819232940674,False,Qwen/Qwen2.5-1.5B,0.1,4,0
college_biology/118,0.41184571385383606,0.6992437243461609,False,Qwen/Qwen2.5-1.5B,0.1,4,0
college_biology/119,0.32312560081481934,0.3515826463699341,False,Qwen/Qwen2.5-1.5B,0.1,4,0
college_biology/120,0.9000909328460693,0.9727425575256348,False,Qwen/Qwen2.5-1.5B,0.1,4,0
college_biology/121,0.9567056894302368,0.9446207284927368,False,Qwen/Qwen2.5-1.5B,0.1,4,0
college_biology/122,0.19883993268013,0.05962587520480156,False,Qwen/Qwen2.5-1.5B,0.1,4,0
college_biology/123,0.9975612163543701,0.9955936074256897,False,Qwen/Qwen2.5-1.5B,0.1,4,0
college_biology/124,0.11289273947477341,0.1155487522482872,False,Qwen/Qwen2.5-1.5B,0.1,4,0
college_biology/125,0.44049930572509766,0.5387786030769348,False,Qwen/Qwen2.5-1.5B,0.1,4,0
college_biology/126,0.9174318909645081,0.5790626406669617,False,Qwen/Qwen2.5-1.5B,0.1,4,0
college_biology/127,0.43992528319358826,0.3419366478919983,False,Qwen/Qwen2.5-1.5B,0.1,4,0
college_biology/128,0.38937798142433167,0.5096240043640137,False,Qwen/Qwen2.5-1.5B,0.1,4,0
college_biology/129,0.9227985739707947,0.94022536277771,False,Qwen/Qwen2.5-1.5B,0.1,4,0
college_biology/130,0.6703242659568787,0.8292847275733948,False,Qwen/Qwen2.5-1.5B,0.1,4,0
college_biology/131,0.17096365988254547,0.13955967128276825,False,Qwen/Qwen2.5-1.5B,0.1,4,0
college_biology/132,0.7970154285430908,0.8862298727035522,False,Qwen/Qwen2.5-1.5B,0.1,4,0
college_biology/133,0.9328098893165588,0.5869095921516418,False,Qwen/Qwen2.5-1.5B,0.1,4,0
college_biology/134,0.9701429605484009,0.9660555124282837,True,Qwen/Qwen2.5-1.5B,0.1,4,0
college_biology/135,0.25039973855018616,0.4577389359474182,False,Qwen/Qwen2.5-1.5B,0.1,4,0
college_biology/136,0.24158082902431488,0.2374017983675003,False,Qwen/Qwen2.5-1.5B,0.1,4,0
college_biology/137,0.5041355490684509,0.5020859241485596,False,Qwen/Qwen2.5-1.5B,0.1,4,0
college_biology/138,0.9959501028060913,0.9933116436004639,False,Qwen/Qwen2.5-1.5B,0.1,4,0
college_biology/139,0.43389633297920227,0.6879295706748962,False,Qwen/Qwen2.5-1.5B,0.1,4,0
college_biology/140,0.9295797944068909,0.9604878425598145,False,Qwen/Qwen2.5-1.5B,0.1,4,0
college_biology/141,0.9950695037841797,0.9960635304450989,True,Qwen/Qwen2.5-1.5B,0.1,4,0
college_biology/142,0.7677395343780518,0.5544911623001099,False,Qwen/Qwen2.5-1.5B,0.1,4,0
college_biology/143,0.39515912532806396,0.21739928424358368,False,Qwen/Qwen2.5-1.5B,0.1,4,0
high_school_statistics/0,0.43577998876571655,0.5256335735321045,True,Qwen/Qwen2.5-1.5B,0.1,4,0
high_school_statistics/1,0.19498397409915924,0.2311919778585434,False,Qwen/Qwen2.5-1.5B,0.1,4,0
high_school_statistics/2,0.05701562389731407,0.07781928032636642,False,Qwen/Qwen2.5-1.5B,0.1,4,0
high_school_statistics/3,0.5908172726631165,0.6788579225540161,False,Qwen/Qwen2.5-1.5B,0.1,4,0
high_school_statistics/4,0.9935749173164368,0.9981936812400818,False,Qwen/Qwen2.5-1.5B,0.1,4,0
high_school_statistics/5,0.8247880935668945,0.6377381682395935,False,Qwen/Qwen2.5-1.5B,0.1,4,0
high_school_statistics/6,0.6591474413871765,0.6895825862884521,False,Qwen/Qwen2.5-1.5B,0.1,4,0
high_school_statistics/7,0.959632933139801,0.9520499110221863,False,Qwen/Qwen2.5-1.5B,0.1,4,0
high_school_statistics/8,0.9970439076423645,0.9944532513618469,True,Qwen/Qwen2.5-1.5B,0.1,4,0
high_school_statistics/9,0.6464952826499939,0.8139659762382507,False,Qwen/Qwen2.5-1.5B,0.1,4,0
high_school_statistics/10,0.6742181181907654,0.9566670656204224,False,Qwen/Qwen2.5-1.5B,0.1,4,0
high_school_statistics/11,0.0021052269730716944,0.12602509558200836,False,Qwen/Qwen2.5-1.5B,0.1,4,0
high_school_statistics/12,0.2708399295806885,0.2569237947463989,False,Qwen/Qwen2.5-1.5B,0.1,4,0
high_school_statistics/13,0.3642736077308655,0.5057864189147949,False,Qwen/Qwen2.5-1.5B,0.1,4,0
high_school_statistics/14,0.19903677701950073,0.1197107806801796,False,Qwen/Qwen2.5-1.5B,0.1,4,0
high_school_statistics/15,0.040165144950151443,0.08551879227161407,False,Qwen/Qwen2.5-1.5B,0.1,4,0
high_school_statistics/16,0.3934416174888611,0.2548210918903351,False,Qwen/Qwen2.5-1.5B,0.1,4,0
high_school_statistics/17,0.4663226902484894,0.4360242486000061,False,Qwen/Qwen2.5-1.5B,0.1,4,0
high_school_statistics/18,0.4280382990837097,0.3515842854976654,False,Qwen/Qwen2.5-1.5B,0.1,4,0
high_school_statistics/19,0.3161003887653351,0.3357401490211487,False,Qwen/Qwen2.5-1.5B,0.1,4,0
high_school_statistics/20,0.45912471413612366,0.4081023931503296,False,Qwen/Qwen2.5-1.5B,0.1,4,0
high_school_statistics/21,0.1400909721851349,0.23909282684326172,False,Qwen/Qwen2.5-1.5B,0.1,4,0
high_school_statistics/22,0.20636895298957825,0.2041269838809967,True,Qwen/Qwen2.5-1.5B,0.1,4,0
high_school_statistics/23,0.4039016664028168,0.2337118536233902,False,Qwen/Qwen2.5-1.5B,0.1,4,0
high_school_statistics/24,0.20836740732192993,0.40689337253570557,True,Qwen/Qwen2.5-1.5B,0.1,4,0
high_school_statistics/25,0.3693895936012268,0.3625790774822235,False,Qwen/Qwen2.5-1.5B,0.1,4,0
high_school_statistics/26,0.029914185404777527,0.047442879527807236,False,Qwen/Qwen2.5-1.5B,0.1,4,0
high_school_statistics/27,0.5076839327812195,0.39251863956451416,False,Qwen/Qwen2.5-1.5B,0.1,4,0
high_school_statistics/28,0.4968160092830658,0.35667240619659424,False,Qwen/Qwen2.5-1.5B,0.1,4,0
high_school_statistics/29,0.32959404587745667,0.27993693947792053,False,Qwen/Qwen2.5-1.5B,0.1,4,0
high_school_statistics/30,0.32638680934906006,0.28053000569343567,False,Qwen/Qwen2.5-1.5B,0.1,4,0
high_school_statistics/31,0.4095306396484375,0.39853954315185547,False,Qwen/Qwen2.5-1.5B,0.1,4,0
high_school_statistics/32,0.2523258626461029,0.4858202040195465,False,Qwen/Qwen2.5-1.5B,0.1,4,0
high_school_statistics/33,0.4108283221721649,0.3675241470336914,False,Qwen/Qwen2.5-1.5B,0.1,4,0
high_school_statistics/34,0.031433191150426865,0.004832605365663767,False,Qwen/Qwen2.5-1.5B,0.1,4,0
high_school_statistics/35,0.26305633783340454,0.3640167713165283,False,Qwen/Qwen2.5-1.5B,0.1,4,0
high_school_statistics/36,0.18812678754329681,0.22186042368412018,False,Qwen/Qwen2.5-1.5B,0.1,4,0
high_school_statistics/37,0.5263951420783997,0.4587346017360687,False,Qwen/Qwen2.5-1.5B,0.1,4,0
high_school_statistics/38,0.00023977606906555593,0.0003615929454099387,False,Qwen/Qwen2.5-1.5B,0.1,4,0
high_school_statistics/39,0.7936242818832397,0.8751077651977539,False,Qwen/Qwen2.5-1.5B,0.1,4,0
high_school_statistics/40,0.9408683180809021,0.86770099401474,False,Qwen/Qwen2.5-1.5B,0.1,4,0
high_school_statistics/41,0.25608953833580017,0.18539999425411224,False,Qwen/Qwen2.5-1.5B,0.1,4,0
high_school_statistics/42,0.981050968170166,0.9821270108222961,False,Qwen/Qwen2.5-1.5B,0.1,4,0
high_school_statistics/43,0.016097811982035637,0.0418950691819191,False,Qwen/Qwen2.5-1.5B,0.1,4,0
high_school_statistics/44,0.2634935975074768,0.32025599479675293,False,Qwen/Qwen2.5-1.5B,0.1,4,0
high_school_statistics/45,0.40297695994377136,0.30155909061431885,False,Qwen/Qwen2.5-1.5B,0.1,4,0
high_school_statistics/46,0.985301673412323,0.994016170501709,False,Qwen/Qwen2.5-1.5B,0.1,4,0
high_school_statistics/47,0.18737882375717163,0.3656814694404602,False,Qwen/Qwen2.5-1.5B,0.1,4,0
high_school_statistics/48,0.2903759181499481,0.490274578332901,True,Qwen/Qwen2.5-1.5B,0.1,4,0
high_school_statistics/49,0.9868593215942383,0.9843456149101257,False,Qwen/Qwen2.5-1.5B,0.1,4,0
high_school_statistics/50,0.44389989972114563,0.5062118768692017,False,Qwen/Qwen2.5-1.5B,0.1,4,0
high_school_statistics/51,0.4215311110019684,0.32125890254974365,False,Qwen/Qwen2.5-1.5B,0.1,4,0
high_school_statistics/52,0.25829604268074036,0.38817259669303894,False,Qwen/Qwen2.5-1.5B,0.1,4,0
high_school_statistics/53,0.07150202244520187,0.05414191633462906,False,Qwen/Qwen2.5-1.5B,0.1,4,0
high_school_statistics/54,0.5422570705413818,0.4853067696094513,False,Qwen/Qwen2.5-1.5B,0.1,4,0
high_school_statistics/55,0.3209429681301117,0.3016676902770996,False,Qwen/Qwen2.5-1.5B,0.1,4,0
high_school_statistics/56,0.2180270403623581,0.3500722646713257,False,Qwen/Qwen2.5-1.5B,0.1,4,0
high_school_statistics/57,0.1481618583202362,0.33311718702316284,False,Qwen/Qwen2.5-1.5B,0.1,4,0
high_school_statistics/58,0.9365572929382324,0.8904964923858643,True,Qwen/Qwen2.5-1.5B,0.1,4,0
high_school_statistics/59,0.6893662214279175,0.7361952662467957,False,Qwen/Qwen2.5-1.5B,0.1,4,0
high_school_statistics/60,0.6288321018218994,0.7623739838600159,False,Qwen/Qwen2.5-1.5B,0.1,4,0
high_school_statistics/61,0.11364714056253433,0.36989912390708923,False,Qwen/Qwen2.5-1.5B,0.1,4,0
high_school_statistics/62,0.28997406363487244,0.3095383644104004,False,Qwen/Qwen2.5-1.5B,0.1,4,0
high_school_statistics/63,0.947777509689331,0.956752598285675,False,Qwen/Qwen2.5-1.5B,0.1,4,0
high_school_statistics/64,0.17834927141666412,0.1486094444990158,False,Qwen/Qwen2.5-1.5B,0.1,4,0
high_school_statistics/65,0.9470534324645996,0.9660404920578003,False,Qwen/Qwen2.5-1.5B,0.1,4,0
high_school_statistics/66,0.6126697659492493,0.5612834692001343,False,Qwen/Qwen2.5-1.5B,0.1,4,0
high_school_statistics/67,0.5702856183052063,0.34561529755592346,False,Qwen/Qwen2.5-1.5B,0.1,4,0
high_school_statistics/68,0.15201131999492645,0.067367322742939,False,Qwen/Qwen2.5-1.5B,0.1,4,0
high_school_statistics/69,0.2568371891975403,0.21122895181179047,False,Qwen/Qwen2.5-1.5B,0.1,4,0
high_school_statistics/70,0.9975244402885437,0.9970766305923462,False,Qwen/Qwen2.5-1.5B,0.1,4,0
high_school_statistics/71,0.7438503503799438,0.42581072449684143,False,Qwen/Qwen2.5-1.5B,0.1,4,0
high_school_statistics/72,0.3363721966743469,0.3749687969684601,False,Qwen/Qwen2.5-1.5B,0.1,4,0
high_school_statistics/73,0.9961936473846436,0.99439537525177,False,Qwen/Qwen2.5-1.5B,0.1,4,0
high_school_statistics/74,0.30394411087036133,0.32726430892944336,False,Qwen/Qwen2.5-1.5B,0.1,4,0
high_school_statistics/75,0.6106265783309937,0.5980330109596252,False,Qwen/Qwen2.5-1.5B,0.1,4,0
high_school_statistics/76,0.3922092616558075,0.40458378195762634,False,Qwen/Qwen2.5-1.5B,0.1,4,0
high_school_statistics/77,0.2002076357603073,0.23370955884456635,False,Qwen/Qwen2.5-1.5B,0.1,4,0
high_school_statistics/78,0.9140464067459106,0.9755949378013611,False,Qwen/Qwen2.5-1.5B,0.1,4,0
high_school_statistics/79,0.9002475142478943,0.8974555134773254,False,Qwen/Qwen2.5-1.5B,0.1,4,0
high_school_statistics/80,0.9477798342704773,0.968010663986206,False,Qwen/Qwen2.5-1.5B,0.1,4,0
high_school_statistics/81,0.1263696551322937,0.22874195873737335,False,Qwen/Qwen2.5-1.5B,0.1,4,0
high_school_statistics/82,0.1709829419851303,0.3148767352104187,False,Qwen/Qwen2.5-1.5B,0.1,4,0
high_school_statistics/83,0.9479542374610901,0.9350492358207703,False,Qwen/Qwen2.5-1.5B,0.1,4,0
high_school_statistics/84,0.4252988398075104,0.33332666754722595,False,Qwen/Qwen2.5-1.5B,0.1,4,0
high_school_statistics/85,0.7398722767829895,0.8714373707771301,False,Qwen/Qwen2.5-1.5B,0.1,4,0
high_school_statistics/86,0.7722447514533997,0.6086658835411072,False,Qwen/Qwen2.5-1.5B,0.1,4,0
high_school_statistics/87,0.11018906533718109,0.18877479434013367,False,Qwen/Qwen2.5-1.5B,0.1,4,0
high_school_statistics/88,0.5270835757255554,0.6126656532287598,False,Qwen/Qwen2.5-1.5B,0.1,4,0
high_school_statistics/89,0.09374845772981644,0.1584024578332901,False,Qwen/Qwen2.5-1.5B,0.1,4,0
high_school_statistics/90,0.250558078289032,0.25591713190078735,False,Qwen/Qwen2.5-1.5B,0.1,4,0
high_school_statistics/91,0.2084043025970459,0.4163762629032135,False,Qwen/Qwen2.5-1.5B,0.1,4,0
high_school_statistics/92,0.02010939083993435,0.03123190999031067,True,Qwen/Qwen2.5-1.5B,0.1,4,0
high_school_statistics/93,0.3611556589603424,0.25899738073349,False,Qwen/Qwen2.5-1.5B,0.1,4,0
high_school_statistics/94,0.6429046392440796,0.46847954392433167,False,Qwen/Qwen2.5-1.5B,0.1,4,0
high_school_statistics/95,0.2213500440120697,0.13622111082077026,False,Qwen/Qwen2.5-1.5B,0.1,4,0
high_school_statistics/96,0.695189356803894,0.9021850824356079,False,Qwen/Qwen2.5-1.5B,0.1,4,0
high_school_statistics/97,0.6877945065498352,0.8189385533332825,False,Qwen/Qwen2.5-1.5B,0.1,4,0
high_school_statistics/98,0.23239946365356445,0.58420330286026,False,Qwen/Qwen2.5-1.5B,0.1,4,0
high_school_statistics/99,0.2206268161535263,0.614898145198822,False,Qwen/Qwen2.5-1.5B,0.1,4,0
high_school_statistics/100,0.3467925488948822,0.29570722579956055,False,Qwen/Qwen2.5-1.5B,0.1,4,0
high_school_statistics/101,0.07336308062076569,0.1441291719675064,False,Qwen/Qwen2.5-1.5B,0.1,4,0
high_school_statistics/102,0.21690422296524048,0.2693673372268677,False,Qwen/Qwen2.5-1.5B,0.1,4,0
high_school_statistics/103,0.856691837310791,0.7401255369186401,False,Qwen/Qwen2.5-1.5B,0.1,4,0
high_school_statistics/104,0.5793498158454895,0.601284921169281,False,Qwen/Qwen2.5-1.5B,0.1,4,0
high_school_statistics/105,0.5001763105392456,0.48952773213386536,False,Qwen/Qwen2.5-1.5B,0.1,4,0
high_school_statistics/106,0.5115229487419128,0.6751677393913269,False,Qwen/Qwen2.5-1.5B,0.1,4,0
high_school_statistics/107,0.18790684640407562,0.3010673522949219,False,Qwen/Qwen2.5-1.5B,0.1,4,0
high_school_statistics/108,0.45827358961105347,0.26836976408958435,False,Qwen/Qwen2.5-1.5B,0.1,4,0
high_school_statistics/109,0.23784181475639343,0.12457713484764099,False,Qwen/Qwen2.5-1.5B,0.1,4,0
high_school_statistics/110,0.473050594329834,0.3939499258995056,False,Qwen/Qwen2.5-1.5B,0.1,4,0
high_school_statistics/111,0.34503692388534546,0.43657955527305603,False,Qwen/Qwen2.5-1.5B,0.1,4,0
high_school_statistics/112,0.21354682743549347,0.2548665404319763,False,Qwen/Qwen2.5-1.5B,0.1,4,0
high_school_statistics/113,0.6285584568977356,0.4820910394191742,False,Qwen/Qwen2.5-1.5B,0.1,4,0
high_school_statistics/114,0.09800861030817032,0.21551384031772614,False,Qwen/Qwen2.5-1.5B,0.1,4,0
high_school_statistics/115,0.24315452575683594,0.23867939412593842,False,Qwen/Qwen2.5-1.5B,0.1,4,0
high_school_statistics/116,0.20443135499954224,0.2808854579925537,False,Qwen/Qwen2.5-1.5B,0.1,4,0
high_school_statistics/117,0.993559718132019,0.9904794096946716,False,Qwen/Qwen2.5-1.5B,0.1,4,0
high_school_statistics/118,0.39354774355888367,0.2137838751077652,False,Qwen/Qwen2.5-1.5B,0.1,4,0
high_school_statistics/119,0.6425248384475708,0.6238557696342468,False,Qwen/Qwen2.5-1.5B,0.1,4,0
high_school_statistics/120,0.486343652009964,0.5873136520385742,False,Qwen/Qwen2.5-1.5B,0.1,4,0
high_school_statistics/121,0.892157793045044,0.8771039247512817,False,Qwen/Qwen2.5-1.5B,0.1,4,0
high_school_statistics/122,0.0247018001973629,0.019958652555942535,False,Qwen/Qwen2.5-1.5B,0.1,4,0
high_school_statistics/123,0.797452449798584,0.8637470602989197,False,Qwen/Qwen2.5-1.5B,0.1,4,0
high_school_statistics/124,0.5389938354492188,0.4362412989139557,False,Qwen/Qwen2.5-1.5B,0.1,4,0
high_school_statistics/125,0.26986202597618103,0.3949076533317566,False,Qwen/Qwen2.5-1.5B,0.1,4,0
high_school_statistics/126,0.39621442556381226,0.31826943159103394,False,Qwen/Qwen2.5-1.5B,0.1,4,0
high_school_statistics/127,0.15685606002807617,0.19805143773555756,False,Qwen/Qwen2.5-1.5B,0.1,4,0
high_school_statistics/128,0.5380454063415527,0.7133969664573669,False,Qwen/Qwen2.5-1.5B,0.1,4,0
high_school_statistics/129,0.31037795543670654,0.3227757215499878,False,Qwen/Qwen2.5-1.5B,0.1,4,0
high_school_statistics/130,0.14350664615631104,0.1711452603340149,False,Qwen/Qwen2.5-1.5B,0.1,4,0
high_school_statistics/131,0.3666846454143524,0.47053539752960205,False,Qwen/Qwen2.5-1.5B,0.1,4,0
high_school_statistics/132,0.8214849829673767,0.9063363671302795,False,Qwen/Qwen2.5-1.5B,0.1,4,0
high_school_statistics/133,0.4516456127166748,0.46775510907173157,False,Qwen/Qwen2.5-1.5B,0.1,4,0
high_school_statistics/134,0.497180312871933,0.22026029229164124,False,Qwen/Qwen2.5-1.5B,0.1,4,0
high_school_statistics/135,0.2772618532180786,0.3714812695980072,False,Qwen/Qwen2.5-1.5B,0.1,4,0
high_school_statistics/136,0.39953091740608215,0.3170439600944519,False,Qwen/Qwen2.5-1.5B,0.1,4,0
high_school_statistics/137,0.7829167246818542,0.9168521165847778,False,Qwen/Qwen2.5-1.5B,0.1,4,0
high_school_statistics/138,0.8514982461929321,0.9624726176261902,True,Qwen/Qwen2.5-1.5B,0.1,4,0
high_school_statistics/139,0.36709296703338623,0.4848038852214813,False,Qwen/Qwen2.5-1.5B,0.1,4,0
high_school_statistics/140,0.25548556447029114,0.29819196462631226,False,Qwen/Qwen2.5-1.5B,0.1,4,0
high_school_statistics/141,0.38667750358581543,0.5668954253196716,False,Qwen/Qwen2.5-1.5B,0.1,4,0
high_school_statistics/142,0.1195162758231163,0.15202896296977997,False,Qwen/Qwen2.5-1.5B,0.1,4,0
high_school_statistics/143,0.37111493945121765,0.3140237033367157,True,Qwen/Qwen2.5-1.5B,0.1,4,0
high_school_statistics/144,0.4482569992542267,0.3879774510860443,False,Qwen/Qwen2.5-1.5B,0.1,4,0
high_school_statistics/145,0.6981172561645508,0.8024566173553467,False,Qwen/Qwen2.5-1.5B,0.1,4,0
high_school_statistics/146,0.8414117097854614,0.8865007162094116,False,Qwen/Qwen2.5-1.5B,0.1,4,0
high_school_statistics/147,0.9342708587646484,0.985700249671936,False,Qwen/Qwen2.5-1.5B,0.1,4,0
high_school_statistics/148,0.3256845772266388,0.31591522693634033,False,Qwen/Qwen2.5-1.5B,0.1,4,0
high_school_statistics/149,0.9970282912254333,0.9984455704689026,False,Qwen/Qwen2.5-1.5B,0.1,4,0
high_school_statistics/150,0.31991833448410034,0.6015810370445251,True,Qwen/Qwen2.5-1.5B,0.1,4,0
high_school_statistics/151,0.14415769279003143,0.1399558037519455,False,Qwen/Qwen2.5-1.5B,0.1,4,0
high_school_statistics/152,0.3675350546836853,0.307587206363678,False,Qwen/Qwen2.5-1.5B,0.1,4,0
high_school_statistics/153,0.1890593022108078,0.29972973465919495,False,Qwen/Qwen2.5-1.5B,0.1,4,0
high_school_statistics/154,0.2254963517189026,0.41876092553138733,False,Qwen/Qwen2.5-1.5B,0.1,4,0
high_school_statistics/155,0.48614856600761414,0.3503992557525635,False,Qwen/Qwen2.5-1.5B,0.1,4,0
high_school_statistics/156,0.23291736841201782,0.6129615306854248,False,Qwen/Qwen2.5-1.5B,0.1,4,0
high_school_statistics/157,0.09355127066373825,0.18352042138576508,False,Qwen/Qwen2.5-1.5B,0.1,4,0
high_school_statistics/158,0.30270278453826904,0.19694426655769348,False,Qwen/Qwen2.5-1.5B,0.1,4,0
high_school_statistics/159,0.2531049847602844,0.31349536776542664,False,Qwen/Qwen2.5-1.5B,0.1,4,0
high_school_statistics/160,0.9885043501853943,0.9954849481582642,True,Qwen/Qwen2.5-1.5B,0.1,4,0
high_school_statistics/161,0.007061333395540714,0.007373427972197533,False,Qwen/Qwen2.5-1.5B,0.1,4,0
high_school_statistics/162,0.2807784676551819,0.23646210134029388,False,Qwen/Qwen2.5-1.5B,0.1,4,0
high_school_statistics/163,0.9336602687835693,0.8963963389396667,False,Qwen/Qwen2.5-1.5B,0.1,4,0
high_school_statistics/164,0.5141022205352783,0.4783555269241333,False,Qwen/Qwen2.5-1.5B,0.1,4,0
high_school_statistics/165,0.8011093139648438,0.6689647436141968,False,Qwen/Qwen2.5-1.5B,0.1,4,0
high_school_statistics/166,0.6156765222549438,0.7067626118659973,True,Qwen/Qwen2.5-1.5B,0.1,4,0
high_school_statistics/167,0.13631844520568848,0.16538073122501373,False,Qwen/Qwen2.5-1.5B,0.1,4,0
high_school_statistics/168,0.12770943343639374,0.08539357781410217,False,Qwen/Qwen2.5-1.5B,0.1,4,0
high_school_statistics/169,0.47255513072013855,0.4509414732456207,False,Qwen/Qwen2.5-1.5B,0.1,4,0
high_school_statistics/170,0.202169731259346,0.35731375217437744,False,Qwen/Qwen2.5-1.5B,0.1,4,0
high_school_statistics/171,0.9905647039413452,0.9882485866546631,True,Qwen/Qwen2.5-1.5B,0.1,4,0
high_school_statistics/172,0.49719569087028503,0.4108912944793701,False,Qwen/Qwen2.5-1.5B,0.1,4,0
high_school_statistics/173,0.2604767680168152,0.3049256205558777,False,Qwen/Qwen2.5-1.5B,0.1,4,0
high_school_statistics/174,0.8721952438354492,0.9214123487472534,False,Qwen/Qwen2.5-1.5B,0.1,4,0
high_school_statistics/175,0.19298593699932098,0.21441282331943512,False,Qwen/Qwen2.5-1.5B,0.1,4,0
high_school_statistics/176,0.2554035186767578,0.20271427929401398,False,Qwen/Qwen2.5-1.5B,0.1,4,0
high_school_statistics/177,0.06287389993667603,0.0843978300690651,True,Qwen/Qwen2.5-1.5B,0.1,4,0
high_school_statistics/178,0.07128284871578217,0.14238660037517548,False,Qwen/Qwen2.5-1.5B,0.1,4,0
high_school_statistics/179,0.0805831179022789,0.23211562633514404,False,Qwen/Qwen2.5-1.5B,0.1,4,0
high_school_statistics/180,0.3605917692184448,0.23521864414215088,False,Qwen/Qwen2.5-1.5B,0.1,4,0
high_school_statistics/181,0.09920819848775864,0.10472608357667923,False,Qwen/Qwen2.5-1.5B,0.1,4,0
high_school_statistics/182,0.3559311628341675,0.23028159141540527,False,Qwen/Qwen2.5-1.5B,0.1,4,0
high_school_statistics/183,0.932502806186676,0.8784489035606384,True,Qwen/Qwen2.5-1.5B,0.1,4,0
high_school_statistics/184,0.09702284634113312,0.15276549756526947,False,Qwen/Qwen2.5-1.5B,0.1,4,0
high_school_statistics/185,0.9889940619468689,0.985885500907898,False,Qwen/Qwen2.5-1.5B,0.1,4,0
high_school_statistics/186,0.8007779717445374,0.6602314710617065,False,Qwen/Qwen2.5-1.5B,0.1,4,0
high_school_statistics/187,0.2892207205295563,0.1077473983168602,False,Qwen/Qwen2.5-1.5B,0.1,4,0
high_school_statistics/188,0.09318973869085312,0.12383002042770386,False,Qwen/Qwen2.5-1.5B,0.1,4,0
high_school_statistics/189,0.09774398058652878,0.08281157910823822,False,Qwen/Qwen2.5-1.5B,0.1,4,0
high_school_statistics/190,0.4012864828109741,0.413978636264801,False,Qwen/Qwen2.5-1.5B,0.1,4,0
high_school_statistics/191,0.2669791281223297,0.19117550551891327,False,Qwen/Qwen2.5-1.5B,0.1,4,0
high_school_statistics/192,0.02241337299346924,0.04353828728199005,False,Qwen/Qwen2.5-1.5B,0.1,4,0
high_school_statistics/193,0.24992288649082184,0.2967759966850281,False,Qwen/Qwen2.5-1.5B,0.1,4,0
high_school_statistics/194,0.9950472116470337,0.9952520132064819,True,Qwen/Qwen2.5-1.5B,0.1,4,0
high_school_statistics/195,0.4865973889827728,0.6494010090827942,False,Qwen/Qwen2.5-1.5B,0.1,4,0
high_school_statistics/196,0.38714492321014404,0.43204161524772644,False,Qwen/Qwen2.5-1.5B,0.1,4,0
high_school_statistics/197,0.36675190925598145,0.40200120210647583,False,Qwen/Qwen2.5-1.5B,0.1,4,0
high_school_statistics/198,0.6195642352104187,0.6068659424781799,False,Qwen/Qwen2.5-1.5B,0.1,4,0
high_school_statistics/199,0.9815086722373962,0.9910962581634521,False,Qwen/Qwen2.5-1.5B,0.1,4,0
high_school_statistics/200,0.2822783291339874,0.3592643141746521,False,Qwen/Qwen2.5-1.5B,0.1,4,0
high_school_statistics/201,0.9974920749664307,0.9970250725746155,False,Qwen/Qwen2.5-1.5B,0.1,4,0
high_school_statistics/202,0.33336490392684937,0.36773261427879333,False,Qwen/Qwen2.5-1.5B,0.1,4,0
high_school_statistics/203,0.9750379323959351,0.9157187342643738,False,Qwen/Qwen2.5-1.5B,0.1,4,0
high_school_statistics/204,0.05793090909719467,0.16326776146888733,False,Qwen/Qwen2.5-1.5B,0.1,4,0
high_school_statistics/205,0.3593149185180664,0.23862607777118683,False,Qwen/Qwen2.5-1.5B,0.1,4,0
high_school_statistics/206,0.5467535257339478,0.5002176761627197,False,Qwen/Qwen2.5-1.5B,0.1,4,0
high_school_statistics/207,0.20931556820869446,0.24156025052070618,False,Qwen/Qwen2.5-1.5B,0.1,4,0
high_school_statistics/208,0.3081226646900177,0.3082531690597534,False,Qwen/Qwen2.5-1.5B,0.1,4,0
high_school_statistics/209,0.14881055057048798,0.22798362374305725,False,Qwen/Qwen2.5-1.5B,0.1,4,0
high_school_statistics/210,0.4711681008338928,0.46194231510162354,False,Qwen/Qwen2.5-1.5B,0.1,4,0
high_school_statistics/211,0.954538106918335,0.9968258142471313,True,Qwen/Qwen2.5-1.5B,0.1,4,0
high_school_statistics/212,0.11455225944519043,0.15082579851150513,False,Qwen/Qwen2.5-1.5B,0.1,4,0
high_school_statistics/213,0.41470250487327576,0.3231339156627655,False,Qwen/Qwen2.5-1.5B,0.1,4,0
high_school_statistics/214,0.9462908506393433,0.89654141664505,False,Qwen/Qwen2.5-1.5B,0.1,4,0
high_school_statistics/215,0.939551591873169,0.9745187759399414,True,Qwen/Qwen2.5-1.5B,0.1,4,0
philosophy/0,0.7840917110443115,0.9320668578147888,False,Qwen/Qwen2.5-1.5B,0.1,4,0
philosophy/1,0.9625034332275391,0.9407740831375122,True,Qwen/Qwen2.5-1.5B,0.1,4,0
philosophy/2,0.9836945533752441,0.9752082824707031,False,Qwen/Qwen2.5-1.5B,0.1,4,0
philosophy/3,0.9898756146430969,0.9717384576797485,False,Qwen/Qwen2.5-1.5B,0.1,4,0
philosophy/4,0.6644095778465271,0.5068411231040955,False,Qwen/Qwen2.5-1.5B,0.1,4,0
philosophy/5,0.6761574149131775,0.7870484590530396,False,Qwen/Qwen2.5-1.5B,0.1,4,0
philosophy/6,0.9913005232810974,0.9900761246681213,False,Qwen/Qwen2.5-1.5B,0.1,4,0
philosophy/7,0.21195882558822632,0.14512819051742554,False,Qwen/Qwen2.5-1.5B,0.1,4,0
philosophy/8,0.9383161067962646,0.9111646413803101,False,Qwen/Qwen2.5-1.5B,0.1,4,0
philosophy/9,0.9586455821990967,0.9795281887054443,False,Qwen/Qwen2.5-1.5B,0.1,4,0
philosophy/10,0.9858918786048889,0.9898332357406616,False,Qwen/Qwen2.5-1.5B,0.1,4,0
philosophy/11,0.40518489480018616,0.6086851358413696,False,Qwen/Qwen2.5-1.5B,0.1,4,0
philosophy/12,0.24811513721942902,0.1829504817724228,False,Qwen/Qwen2.5-1.5B,0.1,4,0
philosophy/13,0.7858262062072754,0.6601250767707825,False,Qwen/Qwen2.5-1.5B,0.1,4,0
philosophy/14,0.3667934238910675,0.559050977230072,True,Qwen/Qwen2.5-1.5B,0.1,4,0
philosophy/15,0.9332367181777954,0.9689356684684753,False,Qwen/Qwen2.5-1.5B,0.1,4,0
philosophy/16,0.07996347546577454,0.2474478930234909,True,Qwen/Qwen2.5-1.5B,0.1,4,0
philosophy/17,0.761492133140564,0.7540020942687988,False,Qwen/Qwen2.5-1.5B,0.1,4,0
philosophy/18,0.01592748425900936,0.009064801037311554,False,Qwen/Qwen2.5-1.5B,0.1,4,0
philosophy/19,0.11740230768918991,0.08080917596817017,False,Qwen/Qwen2.5-1.5B,0.1,4,0
philosophy/20,0.23889368772506714,0.3876594007015228,False,Qwen/Qwen2.5-1.5B,0.1,4,0
philosophy/21,0.5502211451530457,0.7451874613761902,True,Qwen/Qwen2.5-1.5B,0.1,4,0
philosophy/22,0.24417123198509216,0.3081892430782318,False,Qwen/Qwen2.5-1.5B,0.1,4,0
philosophy/23,0.04864003136754036,0.05120480805635452,False,Qwen/Qwen2.5-1.5B,0.1,4,0
philosophy/24,0.8547263741493225,0.7424430847167969,True,Qwen/Qwen2.5-1.5B,0.1,4,0
philosophy/25,0.9739625453948975,0.9800818562507629,False,Qwen/Qwen2.5-1.5B,0.1,4,0
philosophy/26,0.01633070781826973,0.023607032373547554,False,Qwen/Qwen2.5-1.5B,0.1,4,0
philosophy/27,0.9788838624954224,0.9763427376747131,False,Qwen/Qwen2.5-1.5B,0.1,4,0
philosophy/28,0.3351346254348755,0.13596220314502716,False,Qwen/Qwen2.5-1.5B,0.1,4,0
philosophy/29,0.49813657999038696,0.5858407616615295,False,Qwen/Qwen2.5-1.5B,0.1,4,0
philosophy/30,0.7032343149185181,0.7225177884101868,False,Qwen/Qwen2.5-1.5B,0.1,4,0
philosophy/31,0.996134877204895,0.9967427849769592,False,Qwen/Qwen2.5-1.5B,0.1,4,0
philosophy/32,0.46708735823631287,0.7789795398712158,True,Qwen/Qwen2.5-1.5B,0.1,4,0
philosophy/33,0.618804931640625,0.49693337082862854,False,Qwen/Qwen2.5-1.5B,0.1,4,0
philosophy/34,0.30188217759132385,0.2603975534439087,False,Qwen/Qwen2.5-1.5B,0.1,4,0
philosophy/35,0.9971933960914612,0.9990113973617554,False,Qwen/Qwen2.5-1.5B,0.1,4,0
philosophy/36,0.22075681388378143,0.14327682554721832,False,Qwen/Qwen2.5-1.5B,0.1,4,0
philosophy/37,0.07809507846832275,0.07948372513055801,False,Qwen/Qwen2.5-1.5B,0.1,4,0
philosophy/38,0.8883321285247803,0.8488081693649292,False,Qwen/Qwen2.5-1.5B,0.1,4,0
philosophy/39,0.98212069272995,0.9933848977088928,False,Qwen/Qwen2.5-1.5B,0.1,4,0
philosophy/40,0.7294085025787354,0.8408137559890747,False,Qwen/Qwen2.5-1.5B,0.1,4,0
philosophy/41,0.9840890169143677,0.9920589923858643,False,Qwen/Qwen2.5-1.5B,0.1,4,0
philosophy/42,0.011829338036477566,0.06125134602189064,False,Qwen/Qwen2.5-1.5B,0.1,4,0
philosophy/43,0.7443462610244751,0.5766433477401733,False,Qwen/Qwen2.5-1.5B,0.1,4,0
philosophy/44,0.9367507100105286,0.9258005023002625,False,Qwen/Qwen2.5-1.5B,0.1,4,0
philosophy/45,0.8127464652061462,0.9037103056907654,True,Qwen/Qwen2.5-1.5B,0.1,4,0
philosophy/46,0.29978811740875244,0.4869633615016937,False,Qwen/Qwen2.5-1.5B,0.1,4,0
philosophy/47,0.7550727725028992,0.7748262286186218,False,Qwen/Qwen2.5-1.5B,0.1,4,0
philosophy/48,0.4293909966945648,0.2443026751279831,False,Qwen/Qwen2.5-1.5B,0.1,4,0
philosophy/49,0.9971611499786377,0.9984309077262878,False,Qwen/Qwen2.5-1.5B,0.1,4,0
philosophy/50,0.18590618669986725,0.2340632826089859,False,Qwen/Qwen2.5-1.5B,0.1,4,0
philosophy/51,0.191777765750885,0.2685909867286682,True,Qwen/Qwen2.5-1.5B,0.1,4,0
philosophy/52,0.1313655972480774,0.17690980434417725,False,Qwen/Qwen2.5-1.5B,0.1,4,0
philosophy/53,0.3857763111591339,0.48177769780158997,False,Qwen/Qwen2.5-1.5B,0.1,4,0
philosophy/54,0.46122291684150696,0.5378870964050293,False,Qwen/Qwen2.5-1.5B,0.1,4,0
philosophy/55,0.7248237729072571,0.6033029556274414,True,Qwen/Qwen2.5-1.5B,0.1,4,0
philosophy/56,0.6884225606918335,0.5860870480537415,False,Qwen/Qwen2.5-1.5B,0.1,4,0
philosophy/57,0.995964765548706,0.9964720010757446,False,Qwen/Qwen2.5-1.5B,0.1,4,0
philosophy/58,0.9807783365249634,0.9873260259628296,True,Qwen/Qwen2.5-1.5B,0.1,4,0
philosophy/59,0.6971258521080017,0.7673664093017578,False,Qwen/Qwen2.5-1.5B,0.1,4,0
philosophy/60,0.7807114124298096,0.8194727301597595,False,Qwen/Qwen2.5-1.5B,0.1,4,0
philosophy/61,0.8003717064857483,0.8733686208724976,False,Qwen/Qwen2.5-1.5B,0.1,4,0
philosophy/62,0.9961387515068054,0.9957703948020935,False,Qwen/Qwen2.5-1.5B,0.1,4,0
philosophy/63,0.8630563020706177,0.9540302753448486,True,Qwen/Qwen2.5-1.5B,0.1,4,0
philosophy/64,0.847535252571106,0.8247805833816528,False,Qwen/Qwen2.5-1.5B,0.1,4,0
philosophy/65,0.5098391771316528,0.44351381063461304,False,Qwen/Qwen2.5-1.5B,0.1,4,0
philosophy/66,0.3972216546535492,0.5575187802314758,False,Qwen/Qwen2.5-1.5B,0.1,4,0
philosophy/67,0.5508250594139099,0.7988021373748779,True,Qwen/Qwen2.5-1.5B,0.1,4,0
philosophy/68,0.9722790718078613,0.8785130381584167,False,Qwen/Qwen2.5-1.5B,0.1,4,0
philosophy/69,0.9599219560623169,0.9248631596565247,False,Qwen/Qwen2.5-1.5B,0.1,4,0
philosophy/70,0.8468501567840576,0.9004811644554138,False,Qwen/Qwen2.5-1.5B,0.1,4,0
philosophy/71,0.9639295935630798,0.9785086512565613,False,Qwen/Qwen2.5-1.5B,0.1,4,0
philosophy/72,0.4605471193790436,0.48770132660865784,False,Qwen/Qwen2.5-1.5B,0.1,4,0
philosophy/73,0.06980261951684952,0.07847727835178375,True,Qwen/Qwen2.5-1.5B,0.1,4,0
philosophy/74,0.8752562999725342,0.8233363032341003,True,Qwen/Qwen2.5-1.5B,0.1,4,0
philosophy/75,0.6745318174362183,0.6789335608482361,False,Qwen/Qwen2.5-1.5B,0.1,4,0
philosophy/76,0.6197797060012817,0.5180789232254028,False,Qwen/Qwen2.5-1.5B,0.1,4,0
philosophy/77,0.12109892815351486,0.14896252751350403,False,Qwen/Qwen2.5-1.5B,0.1,4,0
philosophy/78,0.05975503474473953,0.14512427151203156,False,Qwen/Qwen2.5-1.5B,0.1,4,0
philosophy/79,0.9984933137893677,0.9977479577064514,False,Qwen/Qwen2.5-1.5B,0.1,4,0
philosophy/80,0.6469492316246033,0.2752395272254944,False,Qwen/Qwen2.5-1.5B,0.1,4,0
philosophy/81,0.40715348720550537,0.5906748175621033,False,Qwen/Qwen2.5-1.5B,0.1,4,0
philosophy/82,0.09858809411525726,0.06953835487365723,False,Qwen/Qwen2.5-1.5B,0.1,4,0
philosophy/83,0.0414498969912529,0.024610690772533417,False,Qwen/Qwen2.5-1.5B,0.1,4,0
philosophy/84,0.4291703999042511,0.32283976674079895,False,Qwen/Qwen2.5-1.5B,0.1,4,0
philosophy/85,0.3159480690956116,0.5239356756210327,False,Qwen/Qwen2.5-1.5B,0.1,4,0
philosophy/86,0.9697158932685852,0.9764724373817444,False,Qwen/Qwen2.5-1.5B,0.1,4,0
philosophy/87,0.09745249152183533,0.27040529251098633,False,Qwen/Qwen2.5-1.5B,0.1,4,0
philosophy/88,0.7011949419975281,0.8814565539360046,False,Qwen/Qwen2.5-1.5B,0.1,4,0
philosophy/89,0.957696259021759,0.9904929995536804,False,Qwen/Qwen2.5-1.5B,0.1,4,0
philosophy/90,0.6670714020729065,0.8659942150115967,False,Qwen/Qwen2.5-1.5B,0.1,4,0
philosophy/91,0.8214829564094543,0.8365203738212585,False,Qwen/Qwen2.5-1.5B,0.1,4,0
philosophy/92,0.757773756980896,0.8872553706169128,False,Qwen/Qwen2.5-1.5B,0.1,4,0
philosophy/93,0.9174327850341797,0.9381512403488159,False,Qwen/Qwen2.5-1.5B,0.1,4,0
philosophy/94,0.03752416372299194,0.011277373880147934,False,Qwen/Qwen2.5-1.5B,0.1,4,0
philosophy/95,0.9949992895126343,0.987000048160553,False,Qwen/Qwen2.5-1.5B,0.1,4,0
philosophy/96,0.02986912988126278,0.03469983488321304,False,Qwen/Qwen2.5-1.5B,0.1,4,0
philosophy/97,0.8933623433113098,0.6936610341072083,False,Qwen/Qwen2.5-1.5B,0.1,4,0
philosophy/98,0.35032081604003906,0.17677365243434906,False,Qwen/Qwen2.5-1.5B,0.1,4,0
philosophy/99,0.20105516910552979,0.34340474009513855,False,Qwen/Qwen2.5-1.5B,0.1,4,0
philosophy/100,0.7013770937919617,0.7575202584266663,True,Qwen/Qwen2.5-1.5B,0.1,4,0
philosophy/101,0.5322458148002625,0.7127624154090881,False,Qwen/Qwen2.5-1.5B,0.1,4,0
philosophy/102,0.10185512900352478,0.20386943221092224,False,Qwen/Qwen2.5-1.5B,0.1,4,0
philosophy/103,0.9772419929504395,0.9517485499382019,False,Qwen/Qwen2.5-1.5B,0.1,4,0
philosophy/104,0.847827136516571,0.6976122856140137,False,Qwen/Qwen2.5-1.5B,0.1,4,0
philosophy/105,0.018266355618834496,0.1148979514837265,False,Qwen/Qwen2.5-1.5B,0.1,4,0
philosophy/106,0.11819352954626083,0.13845005631446838,False,Qwen/Qwen2.5-1.5B,0.1,4,0
philosophy/107,0.03250051289796829,0.05630427971482277,False,Qwen/Qwen2.5-1.5B,0.1,4,0
philosophy/108,0.9702720046043396,0.984660804271698,False,Qwen/Qwen2.5-1.5B,0.1,4,0
philosophy/109,0.6189132928848267,0.859642505645752,False,Qwen/Qwen2.5-1.5B,0.1,4,0
philosophy/110,0.7841060757637024,0.857643723487854,True,Qwen/Qwen2.5-1.5B,0.1,4,0
philosophy/111,0.8437470197677612,0.8847629427909851,False,Qwen/Qwen2.5-1.5B,0.1,4,0
philosophy/112,0.41815364360809326,0.2855207622051239,False,Qwen/Qwen2.5-1.5B,0.1,4,0
philosophy/113,0.08081595599651337,0.17633232474327087,False,Qwen/Qwen2.5-1.5B,0.1,4,0
philosophy/114,0.9862675666809082,0.9862216711044312,False,Qwen/Qwen2.5-1.5B,0.1,4,0
philosophy/115,0.10051780939102173,0.05556964874267578,False,Qwen/Qwen2.5-1.5B,0.1,4,0
philosophy/116,0.32285645604133606,0.214544415473938,True,Qwen/Qwen2.5-1.5B,0.1,4,0
philosophy/117,0.996322512626648,0.9971669316291809,False,Qwen/Qwen2.5-1.5B,0.1,4,0
philosophy/118,0.7284815907478333,0.8019166588783264,False,Qwen/Qwen2.5-1.5B,0.1,4,0
philosophy/119,0.02834409847855568,0.01971295289695263,False,Qwen/Qwen2.5-1.5B,0.1,4,0
philosophy/120,0.9834700226783752,0.9613727331161499,False,Qwen/Qwen2.5-1.5B,0.1,4,0
philosophy/121,0.49892204999923706,0.6261951327323914,False,Qwen/Qwen2.5-1.5B,0.1,4,0
philosophy/122,0.46836110949516296,0.5812578201293945,False,Qwen/Qwen2.5-1.5B,0.1,4,0
philosophy/123,0.7088229060173035,0.7616478800773621,False,Qwen/Qwen2.5-1.5B,0.1,4,0
philosophy/124,0.478991836309433,0.15765701234340668,False,Qwen/Qwen2.5-1.5B,0.1,4,0
philosophy/125,0.925624668598175,0.9537468552589417,False,Qwen/Qwen2.5-1.5B,0.1,4,0
philosophy/126,0.9551547169685364,0.9277505278587341,False,Qwen/Qwen2.5-1.5B,0.1,4,0
philosophy/127,0.4995819926261902,0.5610184669494629,False,Qwen/Qwen2.5-1.5B,0.1,4,0
philosophy/128,0.6738582253456116,0.5314792394638062,False,Qwen/Qwen2.5-1.5B,0.1,4,0
philosophy/129,0.9675449728965759,0.9410326480865479,False,Qwen/Qwen2.5-1.5B,0.1,4,0
philosophy/130,0.9403478503227234,0.9256685972213745,False,Qwen/Qwen2.5-1.5B,0.1,4,0
philosophy/131,0.6486266255378723,0.838616669178009,False,Qwen/Qwen2.5-1.5B,0.1,4,0
philosophy/132,0.038630254566669464,0.08023952692747116,False,Qwen/Qwen2.5-1.5B,0.1,4,0
philosophy/133,0.36535871028900146,0.2273390293121338,False,Qwen/Qwen2.5-1.5B,0.1,4,0
philosophy/134,0.16580890119075775,0.1035647913813591,False,Qwen/Qwen2.5-1.5B,0.1,4,0
philosophy/135,0.9673550724983215,0.9309695363044739,False,Qwen/Qwen2.5-1.5B,0.1,4,0
philosophy/136,0.9570960402488708,0.9589991569519043,False,Qwen/Qwen2.5-1.5B,0.1,4,0
philosophy/137,0.9891806244850159,0.9820935726165771,False,Qwen/Qwen2.5-1.5B,0.1,4,0
philosophy/138,0.10559943318367004,0.08217718452215195,False,Qwen/Qwen2.5-1.5B,0.1,4,0
philosophy/139,0.9932231903076172,0.9935534000396729,False,Qwen/Qwen2.5-1.5B,0.1,4,0
philosophy/140,0.8209519982337952,0.9450610876083374,False,Qwen/Qwen2.5-1.5B,0.1,4,0
philosophy/141,0.5315542221069336,0.7897146940231323,False,Qwen/Qwen2.5-1.5B,0.1,4,0
philosophy/142,0.9847921133041382,0.988192617893219,False,Qwen/Qwen2.5-1.5B,0.1,4,0
philosophy/143,0.4225507378578186,0.435795396566391,False,Qwen/Qwen2.5-1.5B,0.1,4,0
philosophy/144,0.48198723793029785,0.5561254620552063,True,Qwen/Qwen2.5-1.5B,0.1,4,0
philosophy/145,0.8922357559204102,0.8596450686454773,False,Qwen/Qwen2.5-1.5B,0.1,4,0
philosophy/146,0.9538979530334473,0.9661924242973328,False,Qwen/Qwen2.5-1.5B,0.1,4,0
philosophy/147,0.7297027707099915,0.8329401612281799,False,Qwen/Qwen2.5-1.5B,0.1,4,0
philosophy/148,0.9734536409378052,0.9539335370063782,False,Qwen/Qwen2.5-1.5B,0.1,4,0
philosophy/149,0.17744481563568115,0.25995972752571106,False,Qwen/Qwen2.5-1.5B,0.1,4,0
philosophy/150,0.9934145212173462,0.9940899014472961,False,Qwen/Qwen2.5-1.5B,0.1,4,0
philosophy/151,0.6259217858314514,0.4624957740306854,False,Qwen/Qwen2.5-1.5B,0.1,4,0
philosophy/152,0.9605764150619507,0.960609495639801,False,Qwen/Qwen2.5-1.5B,0.1,4,0
philosophy/153,0.9966574907302856,0.9968947172164917,False,Qwen/Qwen2.5-1.5B,0.1,4,0
philosophy/154,0.09252793341875076,0.018102595582604408,False,Qwen/Qwen2.5-1.5B,0.1,4,0
philosophy/155,0.4708821773529053,0.38560372591018677,False,Qwen/Qwen2.5-1.5B,0.1,4,0
philosophy/156,0.6952643394470215,0.7130045890808105,False,Qwen/Qwen2.5-1.5B,0.1,4,0
philosophy/157,0.9977499842643738,0.9968993663787842,False,Qwen/Qwen2.5-1.5B,0.1,4,0
philosophy/158,0.4718415141105652,0.5056991577148438,False,Qwen/Qwen2.5-1.5B,0.1,4,0
philosophy/159,0.23599039018154144,0.1055949404835701,False,Qwen/Qwen2.5-1.5B,0.1,4,0
philosophy/160,0.2889106869697571,0.31994545459747314,False,Qwen/Qwen2.5-1.5B,0.1,4,0
philosophy/161,0.5729962587356567,0.7654479742050171,False,Qwen/Qwen2.5-1.5B,0.1,4,0
philosophy/162,0.5600296258926392,0.4804662764072418,False,Qwen/Qwen2.5-1.5B,0.1,4,0
philosophy/163,0.9254565834999084,0.9054312705993652,False,Qwen/Qwen2.5-1.5B,0.1,4,0
philosophy/164,0.6173776984214783,0.5180405974388123,False,Qwen/Qwen2.5-1.5B,0.1,4,0
philosophy/165,0.9626010656356812,0.9171462059020996,False,Qwen/Qwen2.5-1.5B,0.1,4,0
philosophy/166,0.979267954826355,0.9186539053916931,False,Qwen/Qwen2.5-1.5B,0.1,4,0
philosophy/167,0.286260724067688,0.1532304733991623,False,Qwen/Qwen2.5-1.5B,0.1,4,0
philosophy/168,0.25825566053390503,0.3018632233142853,False,Qwen/Qwen2.5-1.5B,0.1,4,0
philosophy/169,0.9796336889266968,0.9480276107788086,False,Qwen/Qwen2.5-1.5B,0.1,4,0
philosophy/170,0.38898664712905884,0.34342536330223083,False,Qwen/Qwen2.5-1.5B,0.1,4,0
philosophy/171,0.5606663227081299,0.7030373215675354,False,Qwen/Qwen2.5-1.5B,0.1,4,0
philosophy/172,0.21615390479564667,0.15661302208900452,False,Qwen/Qwen2.5-1.5B,0.1,4,0
philosophy/173,0.031662359833717346,0.18188217282295227,False,Qwen/Qwen2.5-1.5B,0.1,4,0
philosophy/174,0.47606995701789856,0.4233386218547821,False,Qwen/Qwen2.5-1.5B,0.1,4,0
philosophy/175,0.6826093196868896,0.6509590148925781,True,Qwen/Qwen2.5-1.5B,0.1,4,0
philosophy/176,0.18608945608139038,0.15949788689613342,False,Qwen/Qwen2.5-1.5B,0.1,4,0
philosophy/177,0.8873721957206726,0.820106029510498,False,Qwen/Qwen2.5-1.5B,0.1,4,0
philosophy/178,0.21850629150867462,0.584441602230072,False,Qwen/Qwen2.5-1.5B,0.1,4,0
philosophy/179,0.8640549778938293,0.9106379151344299,False,Qwen/Qwen2.5-1.5B,0.1,4,0
philosophy/180,0.7763975262641907,0.801465630531311,True,Qwen/Qwen2.5-1.5B,0.1,4,0
philosophy/181,0.6411445736885071,0.6917622089385986,True,Qwen/Qwen2.5-1.5B,0.1,4,0
philosophy/182,0.9899609088897705,0.9930025935173035,False,Qwen/Qwen2.5-1.5B,0.1,4,0
philosophy/183,0.9858323335647583,0.9756143093109131,False,Qwen/Qwen2.5-1.5B,0.1,4,0
philosophy/184,0.8470342755317688,0.9318272471427917,False,Qwen/Qwen2.5-1.5B,0.1,4,0
philosophy/185,0.7179293632507324,0.807195246219635,False,Qwen/Qwen2.5-1.5B,0.1,4,0
philosophy/186,0.41250696778297424,0.584693968296051,False,Qwen/Qwen2.5-1.5B,0.1,4,0
philosophy/187,0.5159404277801514,0.39956042170524597,False,Qwen/Qwen2.5-1.5B,0.1,4,0
philosophy/188,0.3382470905780792,0.3622341454029083,False,Qwen/Qwen2.5-1.5B,0.1,4,0
philosophy/189,0.9673256278038025,0.9447691440582275,False,Qwen/Qwen2.5-1.5B,0.1,4,0
philosophy/190,0.8918436169624329,0.8176853656768799,False,Qwen/Qwen2.5-1.5B,0.1,4,0
philosophy/191,0.546040415763855,0.906341552734375,False,Qwen/Qwen2.5-1.5B,0.1,4,0
philosophy/192,0.9365043044090271,0.9680570960044861,False,Qwen/Qwen2.5-1.5B,0.1,4,0
philosophy/193,0.5269519686698914,0.6450998783111572,False,Qwen/Qwen2.5-1.5B,0.1,4,0
philosophy/194,0.7796196937561035,0.7848961353302002,False,Qwen/Qwen2.5-1.5B,0.1,4,0
philosophy/195,0.7473275065422058,0.32534584403038025,False,Qwen/Qwen2.5-1.5B,0.1,4,0
philosophy/196,0.5911514163017273,0.3697538375854492,False,Qwen/Qwen2.5-1.5B,0.1,4,0
philosophy/197,0.13882216811180115,0.042061179876327515,False,Qwen/Qwen2.5-1.5B,0.1,4,0
philosophy/198,0.03763094171881676,0.028186805546283722,False,Qwen/Qwen2.5-1.5B,0.1,4,0
philosophy/199,0.95662921667099,0.9662281274795532,False,Qwen/Qwen2.5-1.5B,0.1,4,0
philosophy/200,0.4291248023509979,0.6206071376800537,False,Qwen/Qwen2.5-1.5B,0.1,4,0
philosophy/201,0.2635490894317627,0.5459043383598328,False,Qwen/Qwen2.5-1.5B,0.1,4,0
philosophy/202,0.459584504365921,0.508124828338623,False,Qwen/Qwen2.5-1.5B,0.1,4,0
philosophy/203,0.047515738755464554,0.08897978067398071,False,Qwen/Qwen2.5-1.5B,0.1,4,0
philosophy/204,0.6188584566116333,0.533729612827301,False,Qwen/Qwen2.5-1.5B,0.1,4,0
philosophy/205,0.8670893311500549,0.8554559350013733,False,Qwen/Qwen2.5-1.5B,0.1,4,0
philosophy/206,0.6469308733940125,0.42732471227645874,True,Qwen/Qwen2.5-1.5B,0.1,4,0
philosophy/207,0.9216167330741882,0.8850055932998657,False,Qwen/Qwen2.5-1.5B,0.1,4,0
philosophy/208,0.04188264161348343,0.08738342672586441,False,Qwen/Qwen2.5-1.5B,0.1,4,0
philosophy/209,0.5499177575111389,0.44896265864372253,False,Qwen/Qwen2.5-1.5B,0.1,4,0
philosophy/210,0.058536749333143234,0.013922291807830334,False,Qwen/Qwen2.5-1.5B,0.1,4,0
philosophy/211,0.8502516150474548,0.9342793822288513,False,Qwen/Qwen2.5-1.5B,0.1,4,0
philosophy/212,0.0177761297672987,0.021951764822006226,False,Qwen/Qwen2.5-1.5B,0.1,4,0
philosophy/213,0.10899212211370468,0.29679074883461,True,Qwen/Qwen2.5-1.5B,0.1,4,0
philosophy/214,0.6248769164085388,0.7250353097915649,False,Qwen/Qwen2.5-1.5B,0.1,4,0
philosophy/215,0.5078731179237366,0.7391172051429749,False,Qwen/Qwen2.5-1.5B,0.1,4,0
philosophy/216,0.4535463750362396,0.3588572144508362,False,Qwen/Qwen2.5-1.5B,0.1,4,0
philosophy/217,0.9894124865531921,0.9940639138221741,False,Qwen/Qwen2.5-1.5B,0.1,4,0
philosophy/218,0.7779374718666077,0.7908147573471069,False,Qwen/Qwen2.5-1.5B,0.1,4,0
philosophy/219,0.7492698431015015,0.4377841055393219,False,Qwen/Qwen2.5-1.5B,0.1,4,0
philosophy/220,0.21258480846881866,0.16337734460830688,False,Qwen/Qwen2.5-1.5B,0.1,4,0
philosophy/221,0.2716526687145233,0.6182103157043457,False,Qwen/Qwen2.5-1.5B,0.1,4,0
philosophy/222,0.9707226157188416,0.9681620597839355,False,Qwen/Qwen2.5-1.5B,0.1,4,0
philosophy/223,0.2034560739994049,0.11915619671344757,False,Qwen/Qwen2.5-1.5B,0.1,4,0
philosophy/224,0.9950095415115356,0.9934064149856567,False,Qwen/Qwen2.5-1.5B,0.1,4,0
philosophy/225,0.9652190804481506,0.9803346395492554,True,Qwen/Qwen2.5-1.5B,0.1,4,0
philosophy/226,0.12993024289608002,0.15737280249595642,False,Qwen/Qwen2.5-1.5B,0.1,4,0
philosophy/227,0.9438633322715759,0.9136771559715271,False,Qwen/Qwen2.5-1.5B,0.1,4,0
philosophy/228,0.9774104952812195,0.9676200747489929,False,Qwen/Qwen2.5-1.5B,0.1,4,0
philosophy/229,0.9126513004302979,0.7087053656578064,False,Qwen/Qwen2.5-1.5B,0.1,4,0
philosophy/230,0.826831042766571,0.4672060012817383,False,Qwen/Qwen2.5-1.5B,0.1,4,0
philosophy/231,0.47403186559677124,0.23901106417179108,False,Qwen/Qwen2.5-1.5B,0.1,4,0
philosophy/232,0.5863432884216309,0.7133561372756958,False,Qwen/Qwen2.5-1.5B,0.1,4,0
philosophy/233,0.09520214051008224,0.06919850409030914,False,Qwen/Qwen2.5-1.5B,0.1,4,0
philosophy/234,0.9759097695350647,0.9783265590667725,False,Qwen/Qwen2.5-1.5B,0.1,4,0
philosophy/235,0.9858031272888184,0.9676831364631653,True,Qwen/Qwen2.5-1.5B,0.1,4,0
philosophy/236,0.22749921679496765,0.30539670586586,False,Qwen/Qwen2.5-1.5B,0.1,4,0
philosophy/237,0.04283924400806427,0.09409362077713013,True,Qwen/Qwen2.5-1.5B,0.1,4,0
philosophy/238,0.19773301482200623,0.1062023863196373,False,Qwen/Qwen2.5-1.5B,0.1,4,0
philosophy/239,0.9186634421348572,0.9294326305389404,True,Qwen/Qwen2.5-1.5B,0.1,4,0
philosophy/240,0.27328088879585266,0.3037062883377075,False,Qwen/Qwen2.5-1.5B,0.1,4,0
philosophy/241,0.02182125300168991,0.07372796535491943,True,Qwen/Qwen2.5-1.5B,0.1,4,0
philosophy/242,0.04516829177737236,0.02067434787750244,False,Qwen/Qwen2.5-1.5B,0.1,4,0
philosophy/243,0.30474960803985596,0.2246178686618805,False,Qwen/Qwen2.5-1.5B,0.1,4,0
philosophy/244,0.03007608838379383,0.009186625480651855,False,Qwen/Qwen2.5-1.5B,0.1,4,0
philosophy/245,0.8937646746635437,0.9564975500106812,False,Qwen/Qwen2.5-1.5B,0.1,4,0
philosophy/246,0.9165497422218323,0.9359924793243408,False,Qwen/Qwen2.5-1.5B,0.1,4,0
philosophy/247,0.9962489008903503,0.9878804087638855,False,Qwen/Qwen2.5-1.5B,0.1,4,0
philosophy/248,0.7202184796333313,0.863818347454071,False,Qwen/Qwen2.5-1.5B,0.1,4,0
philosophy/249,0.20455095171928406,0.1318521499633789,True,Qwen/Qwen2.5-1.5B,0.1,4,0
philosophy/250,0.974890947341919,0.9710699319839478,True,Qwen/Qwen2.5-1.5B,0.1,4,0
philosophy/251,0.8282262682914734,0.8678458333015442,False,Qwen/Qwen2.5-1.5B,0.1,4,0
philosophy/252,0.8990852236747742,0.9418162107467651,False,Qwen/Qwen2.5-1.5B,0.1,4,0
philosophy/253,0.11214456707239151,0.0404963344335556,False,Qwen/Qwen2.5-1.5B,0.1,4,0
philosophy/254,0.29049453139305115,0.3817492723464966,False,Qwen/Qwen2.5-1.5B,0.1,4,0
philosophy/255,0.7790342569351196,0.8807327747344971,False,Qwen/Qwen2.5-1.5B,0.1,4,0
philosophy/256,0.3597535490989685,0.48626747727394104,False,Qwen/Qwen2.5-1.5B,0.1,4,0
philosophy/257,0.5393472909927368,0.4371623992919922,False,Qwen/Qwen2.5-1.5B,0.1,4,0
philosophy/258,0.26097995042800903,0.26107823848724365,False,Qwen/Qwen2.5-1.5B,0.1,4,0
philosophy/259,0.8611441850662231,0.8645543456077576,False,Qwen/Qwen2.5-1.5B,0.1,4,0
philosophy/260,0.9760990738868713,0.9579516053199768,False,Qwen/Qwen2.5-1.5B,0.1,4,0
philosophy/261,0.2521255910396576,0.3284379541873932,False,Qwen/Qwen2.5-1.5B,0.1,4,0
philosophy/262,0.648283064365387,0.5653438568115234,False,Qwen/Qwen2.5-1.5B,0.1,4,0
philosophy/263,0.5013640522956848,0.4998880922794342,False,Qwen/Qwen2.5-1.5B,0.1,4,0
philosophy/264,0.42799681425094604,0.5809290409088135,False,Qwen/Qwen2.5-1.5B,0.1,4,0
philosophy/265,0.3993728458881378,0.2679867744445801,False,Qwen/Qwen2.5-1.5B,0.1,4,0
philosophy/266,0.030226461589336395,0.07648725062608719,False,Qwen/Qwen2.5-1.5B,0.1,4,0
philosophy/267,0.7566407918930054,0.7554684281349182,False,Qwen/Qwen2.5-1.5B,0.1,4,0
philosophy/268,0.8101857304573059,0.8942112326622009,False,Qwen/Qwen2.5-1.5B,0.1,4,0
philosophy/269,0.1007058322429657,0.0892404168844223,False,Qwen/Qwen2.5-1.5B,0.1,4,0
philosophy/270,0.5556647181510925,0.8915250301361084,True,Qwen/Qwen2.5-1.5B,0.1,4,0
philosophy/271,0.11971273273229599,0.21671494841575623,False,Qwen/Qwen2.5-1.5B,0.1,4,0
philosophy/272,0.7178879380226135,0.8233144283294678,True,Qwen/Qwen2.5-1.5B,0.1,4,0
philosophy/273,0.6474142074584961,0.5833495259284973,False,Qwen/Qwen2.5-1.5B,0.1,4,0
philosophy/274,0.8785765171051025,0.910917341709137,False,Qwen/Qwen2.5-1.5B,0.1,4,0
philosophy/275,0.9298642873764038,0.9263511300086975,False,Qwen/Qwen2.5-1.5B,0.1,4,0
philosophy/276,0.8309317231178284,0.7916993498802185,False,Qwen/Qwen2.5-1.5B,0.1,4,0
philosophy/277,0.9994369149208069,0.9977200627326965,False,Qwen/Qwen2.5-1.5B,0.1,4,0
philosophy/278,0.2580254375934601,0.4283486306667328,False,Qwen/Qwen2.5-1.5B,0.1,4,0
philosophy/279,0.9971875548362732,0.9973905682563782,False,Qwen/Qwen2.5-1.5B,0.1,4,0
philosophy/280,0.3740983307361603,0.331198126077652,False,Qwen/Qwen2.5-1.5B,0.1,4,0
philosophy/281,0.24041438102722168,0.18712382018566132,False,Qwen/Qwen2.5-1.5B,0.1,4,0
philosophy/282,0.9979547262191772,0.9979078769683838,False,Qwen/Qwen2.5-1.5B,0.1,4,0
philosophy/283,0.6762155294418335,0.3419388234615326,False,Qwen/Qwen2.5-1.5B,0.1,4,0
philosophy/284,0.9085744619369507,0.9420509934425354,False,Qwen/Qwen2.5-1.5B,0.1,4,0
philosophy/285,0.5469048023223877,0.4724161624908447,False,Qwen/Qwen2.5-1.5B,0.1,4,0
philosophy/286,0.13474516570568085,0.05917864292860031,False,Qwen/Qwen2.5-1.5B,0.1,4,0
philosophy/287,0.3333929777145386,0.6364143490791321,False,Qwen/Qwen2.5-1.5B,0.1,4,0
philosophy/288,0.12805064022541046,0.12498623877763748,False,Qwen/Qwen2.5-1.5B,0.1,4,0
philosophy/289,0.7444056868553162,0.783892810344696,True,Qwen/Qwen2.5-1.5B,0.1,4,0
philosophy/290,0.9811972975730896,0.9863135814666748,False,Qwen/Qwen2.5-1.5B,0.1,4,0
philosophy/291,0.6247491240501404,0.40804749727249146,False,Qwen/Qwen2.5-1.5B,0.1,4,0
philosophy/292,0.7481441497802734,0.880692720413208,False,Qwen/Qwen2.5-1.5B,0.1,4,0
philosophy/293,0.4495742619037628,0.6804553866386414,True,Qwen/Qwen2.5-1.5B,0.1,4,0
philosophy/294,0.15855130553245544,0.04493186995387077,False,Qwen/Qwen2.5-1.5B,0.1,4,0
philosophy/295,0.6971591711044312,0.7594376802444458,False,Qwen/Qwen2.5-1.5B,0.1,4,0
philosophy/296,0.8533225655555725,0.936810314655304,True,Qwen/Qwen2.5-1.5B,0.1,4,0
philosophy/297,0.017664754763245583,0.02412283606827259,False,Qwen/Qwen2.5-1.5B,0.1,4,0
philosophy/298,0.14204341173171997,0.26445287466049194,True,Qwen/Qwen2.5-1.5B,0.1,4,0
philosophy/299,0.4220266044139862,0.19255104660987854,False,Qwen/Qwen2.5-1.5B,0.1,4,0
philosophy/300,0.7578129172325134,0.8395660519599915,False,Qwen/Qwen2.5-1.5B,0.1,4,0
philosophy/301,0.6047656536102295,0.5737946629524231,False,Qwen/Qwen2.5-1.5B,0.1,4,0
philosophy/302,0.9721441864967346,0.972402036190033,False,Qwen/Qwen2.5-1.5B,0.1,4,0
philosophy/303,0.04890529811382294,0.0619475357234478,False,Qwen/Qwen2.5-1.5B,0.1,4,0
philosophy/304,0.9994643330574036,0.9987070560455322,False,Qwen/Qwen2.5-1.5B,0.1,4,0
philosophy/305,0.41718995571136475,0.033592112362384796,False,Qwen/Qwen2.5-1.5B,0.1,4,0
philosophy/306,0.45809993147850037,0.38922226428985596,False,Qwen/Qwen2.5-1.5B,0.1,4,0
philosophy/307,0.7136252522468567,0.4109494984149933,False,Qwen/Qwen2.5-1.5B,0.1,4,0
philosophy/308,0.3919122815132141,0.46800437569618225,False,Qwen/Qwen2.5-1.5B,0.1,4,0
philosophy/309,0.41761210560798645,0.531987190246582,False,Qwen/Qwen2.5-1.5B,0.1,4,0
philosophy/310,0.9970182180404663,0.996272087097168,False,Qwen/Qwen2.5-1.5B,0.1,4,0
marketing/0,0.9652537107467651,0.9560582637786865,False,Qwen/Qwen2.5-1.5B,0.1,4,0
marketing/1,0.8707259893417358,0.9601539969444275,False,Qwen/Qwen2.5-1.5B,0.1,4,0
marketing/2,0.1390908807516098,0.16276174783706665,True,Qwen/Qwen2.5-1.5B,0.1,4,0
marketing/3,0.2702503204345703,0.16992764174938202,False,Qwen/Qwen2.5-1.5B,0.1,4,0
marketing/4,0.8870733380317688,0.9439729452133179,False,Qwen/Qwen2.5-1.5B,0.1,4,0
marketing/5,0.9124481678009033,0.9347400665283203,False,Qwen/Qwen2.5-1.5B,0.1,4,0
marketing/6,0.9796177744865417,0.9871988892555237,False,Qwen/Qwen2.5-1.5B,0.1,4,0
marketing/7,0.10063180327415466,0.26664212346076965,False,Qwen/Qwen2.5-1.5B,0.1,4,0
marketing/8,0.9925218224525452,0.9806928038597107,False,Qwen/Qwen2.5-1.5B,0.1,4,0
marketing/9,0.08679792284965515,0.20623591542243958,False,Qwen/Qwen2.5-1.5B,0.1,4,0
marketing/10,0.9879128336906433,0.9816514253616333,False,Qwen/Qwen2.5-1.5B,0.1,4,0
marketing/11,0.3213534951210022,0.6620926260948181,False,Qwen/Qwen2.5-1.5B,0.1,4,0
marketing/12,0.9117793440818787,0.972420871257782,False,Qwen/Qwen2.5-1.5B,0.1,4,0
marketing/13,0.9768570065498352,0.9792974591255188,False,Qwen/Qwen2.5-1.5B,0.1,4,0
marketing/14,0.7935932874679565,0.8868170380592346,False,Qwen/Qwen2.5-1.5B,0.1,4,0
marketing/15,0.9992867112159729,0.9993495345115662,False,Qwen/Qwen2.5-1.5B,0.1,4,0
marketing/16,0.9469290971755981,0.9226198196411133,False,Qwen/Qwen2.5-1.5B,0.1,4,0
marketing/17,0.9786862134933472,0.9470335245132446,False,Qwen/Qwen2.5-1.5B,0.1,4,0
marketing/18,0.43874719738960266,0.5789763927459717,False,Qwen/Qwen2.5-1.5B,0.1,4,0
marketing/19,0.8046223521232605,0.6507529020309448,False,Qwen/Qwen2.5-1.5B,0.1,4,0
marketing/20,0.996716320514679,0.9986820816993713,False,Qwen/Qwen2.5-1.5B,0.1,4,0
marketing/21,0.9786978363990784,0.9678680300712585,False,Qwen/Qwen2.5-1.5B,0.1,4,0
marketing/22,0.983669102191925,0.9935846924781799,True,Qwen/Qwen2.5-1.5B,0.1,4,0
marketing/23,0.8648523092269897,0.8822920918464661,True,Qwen/Qwen2.5-1.5B,0.1,4,0
marketing/24,0.98579341173172,0.9933156371116638,False,Qwen/Qwen2.5-1.5B,0.1,4,0
marketing/25,0.9842140674591064,0.9778209924697876,False,Qwen/Qwen2.5-1.5B,0.1,4,0
marketing/26,0.4988971948623657,0.4441498816013336,False,Qwen/Qwen2.5-1.5B,0.1,4,0
marketing/27,0.9765421152114868,0.9800096154212952,False,Qwen/Qwen2.5-1.5B,0.1,4,0
marketing/28,0.9846754670143127,0.9877349734306335,False,Qwen/Qwen2.5-1.5B,0.1,4,0
marketing/29,0.9769731760025024,0.9911454319953918,True,Qwen/Qwen2.5-1.5B,0.1,4,0
marketing/30,0.9889000654220581,0.9843511581420898,False,Qwen/Qwen2.5-1.5B,0.1,4,0
marketing/31,0.9949952363967896,0.9971066117286682,False,Qwen/Qwen2.5-1.5B,0.1,4,0
marketing/32,0.38716837763786316,0.7505611181259155,False,Qwen/Qwen2.5-1.5B,0.1,4,0
marketing/33,0.9925797581672668,0.9981991648674011,True,Qwen/Qwen2.5-1.5B,0.1,4,0
marketing/34,0.5225192904472351,0.6721905469894409,True,Qwen/Qwen2.5-1.5B,0.1,4,0
marketing/35,0.763514518737793,0.5882060527801514,False,Qwen/Qwen2.5-1.5B,0.1,4,0
marketing/36,0.7725993990898132,0.8375600576400757,False,Qwen/Qwen2.5-1.5B,0.1,4,0
marketing/37,0.9470241069793701,0.8886221051216125,False,Qwen/Qwen2.5-1.5B,0.1,4,0
marketing/38,0.7379012703895569,0.5669151544570923,False,Qwen/Qwen2.5-1.5B,0.1,4,0
marketing/39,0.9634996056556702,0.9886863231658936,False,Qwen/Qwen2.5-1.5B,0.1,4,0
marketing/40,0.9293165802955627,0.8067089319229126,False,Qwen/Qwen2.5-1.5B,0.1,4,0
marketing/41,0.7081369161605835,0.925323486328125,False,Qwen/Qwen2.5-1.5B,0.1,4,0
marketing/42,0.9451929330825806,0.9408240914344788,False,Qwen/Qwen2.5-1.5B,0.1,4,0
marketing/43,0.8245924711227417,0.9531288146972656,False,Qwen/Qwen2.5-1.5B,0.1,4,0
marketing/44,0.761824905872345,0.8194902539253235,False,Qwen/Qwen2.5-1.5B,0.1,4,0
marketing/45,0.9462785720825195,0.9427553415298462,False,Qwen/Qwen2.5-1.5B,0.1,4,0
marketing/46,0.9940999150276184,0.9950317144393921,False,Qwen/Qwen2.5-1.5B,0.1,4,0
marketing/47,0.98384028673172,0.9935029149055481,False,Qwen/Qwen2.5-1.5B,0.1,4,0
marketing/48,0.9672890305519104,0.9849711060523987,False,Qwen/Qwen2.5-1.5B,0.1,4,0
marketing/49,0.9778353571891785,0.9844122529029846,False,Qwen/Qwen2.5-1.5B,0.1,4,0
marketing/50,0.9811381101608276,0.9884429574012756,False,Qwen/Qwen2.5-1.5B,0.1,4,0
marketing/51,0.9027746319770813,0.9297170042991638,False,Qwen/Qwen2.5-1.5B,0.1,4,0
marketing/52,0.9324991703033447,0.8467884063720703,False,Qwen/Qwen2.5-1.5B,0.1,4,0
marketing/53,0.9959611296653748,0.9984543323516846,False,Qwen/Qwen2.5-1.5B,0.1,4,0
marketing/54,0.18942891061306,0.08458505570888519,False,Qwen/Qwen2.5-1.5B,0.1,4,0
marketing/55,0.23106350004673004,0.10496482253074646,False,Qwen/Qwen2.5-1.5B,0.1,4,0
marketing/56,0.896996796131134,0.9066911935806274,False,Qwen/Qwen2.5-1.5B,0.1,4,0
marketing/57,0.9969626069068909,0.9924172163009644,False,Qwen/Qwen2.5-1.5B,0.1,4,0
marketing/58,0.9801313281059265,0.9846786260604858,False,Qwen/Qwen2.5-1.5B,0.1,4,0
marketing/59,0.9987590312957764,0.9998162388801575,False,Qwen/Qwen2.5-1.5B,0.1,4,0
marketing/60,0.9809175729751587,0.9763038754463196,True,Qwen/Qwen2.5-1.5B,0.1,4,0
marketing/61,0.9964985847473145,0.9983527660369873,False,Qwen/Qwen2.5-1.5B,0.1,4,0
marketing/62,0.9425122737884521,0.9747159481048584,False,Qwen/Qwen2.5-1.5B,0.1,4,0
marketing/63,0.8249052166938782,0.9561034440994263,False,Qwen/Qwen2.5-1.5B,0.1,4,0
marketing/64,0.9026888608932495,0.971980094909668,False,Qwen/Qwen2.5-1.5B,0.1,4,0
marketing/65,0.39330053329467773,0.5688441395759583,False,Qwen/Qwen2.5-1.5B,0.1,4,0
marketing/66,0.9944038391113281,0.9983149766921997,False,Qwen/Qwen2.5-1.5B,0.1,4,0
marketing/67,0.6319732069969177,0.7446979880332947,False,Qwen/Qwen2.5-1.5B,0.1,4,0
marketing/68,0.44420966506004333,0.42360836267471313,False,Qwen/Qwen2.5-1.5B,0.1,4,0
marketing/69,0.9729044437408447,0.9938812255859375,False,Qwen/Qwen2.5-1.5B,0.1,4,0
marketing/70,0.9968053102493286,0.998145341873169,False,Qwen/Qwen2.5-1.5B,0.1,4,0
marketing/71,0.8652441501617432,0.9860323667526245,False,Qwen/Qwen2.5-1.5B,0.1,4,0
marketing/72,0.49564826488494873,0.5810651183128357,False,Qwen/Qwen2.5-1.5B,0.1,4,0
marketing/73,0.37510988116264343,0.4389186501502991,False,Qwen/Qwen2.5-1.5B,0.1,4,0
marketing/74,0.820467472076416,0.9549928903579712,False,Qwen/Qwen2.5-1.5B,0.1,4,0
marketing/75,0.9974381923675537,0.9991601705551147,False,Qwen/Qwen2.5-1.5B,0.1,4,0
marketing/76,0.996903121471405,0.996063768863678,False,Qwen/Qwen2.5-1.5B,0.1,4,0
marketing/77,0.6123472452163696,0.8270212411880493,True,Qwen/Qwen2.5-1.5B,0.1,4,0
marketing/78,0.9815036058425903,0.9893094301223755,False,Qwen/Qwen2.5-1.5B,0.1,4,0
marketing/79,0.5309422612190247,0.4620615243911743,False,Qwen/Qwen2.5-1.5B,0.1,4,0
marketing/80,0.7020290493965149,0.6487497687339783,False,Qwen/Qwen2.5-1.5B,0.1,4,0
marketing/81,0.995743453502655,0.9980875849723816,False,Qwen/Qwen2.5-1.5B,0.1,4,0
marketing/82,0.35170456767082214,0.7005171775817871,True,Qwen/Qwen2.5-1.5B,0.1,4,0
marketing/83,0.9805777072906494,0.9936071634292603,True,Qwen/Qwen2.5-1.5B,0.1,4,0
marketing/84,0.9806680679321289,0.9931418299674988,False,Qwen/Qwen2.5-1.5B,0.1,4,0
marketing/85,0.9864633083343506,0.9888392090797424,False,Qwen/Qwen2.5-1.5B,0.1,4,0
marketing/86,0.9783305525779724,0.9769690632820129,False,Qwen/Qwen2.5-1.5B,0.1,4,0
marketing/87,0.5967676043510437,0.4185789227485657,False,Qwen/Qwen2.5-1.5B,0.1,4,0
marketing/88,0.929574728012085,0.9408109188079834,False,Qwen/Qwen2.5-1.5B,0.1,4,0
marketing/89,0.9786226749420166,0.8312399387359619,False,Qwen/Qwen2.5-1.5B,0.1,4,0
marketing/90,0.262070894241333,0.2939021587371826,False,Qwen/Qwen2.5-1.5B,0.1,4,0
marketing/91,0.22157913446426392,0.5387985706329346,False,Qwen/Qwen2.5-1.5B,0.1,4,0
marketing/92,0.39209794998168945,0.6410948634147644,False,Qwen/Qwen2.5-1.5B,0.1,4,0
marketing/93,0.9756160378456116,0.9911835193634033,False,Qwen/Qwen2.5-1.5B,0.1,4,0
marketing/94,0.9976640939712524,0.9988476037979126,False,Qwen/Qwen2.5-1.5B,0.1,4,0
marketing/95,0.9981820583343506,0.9957210421562195,False,Qwen/Qwen2.5-1.5B,0.1,4,0
marketing/96,0.23569437861442566,0.2155444324016571,False,Qwen/Qwen2.5-1.5B,0.1,4,0
marketing/97,0.31299230456352234,0.48322275280952454,False,Qwen/Qwen2.5-1.5B,0.1,4,0
marketing/98,0.9858647584915161,0.9896334409713745,False,Qwen/Qwen2.5-1.5B,0.1,4,0
marketing/99,0.14126159250736237,0.4284198582172394,True,Qwen/Qwen2.5-1.5B,0.1,4,0
marketing/100,0.9960994720458984,0.9979783892631531,False,Qwen/Qwen2.5-1.5B,0.1,4,0
marketing/101,0.7620580792427063,0.924726665019989,False,Qwen/Qwen2.5-1.5B,0.1,4,0
marketing/102,0.971350908279419,0.9848575592041016,False,Qwen/Qwen2.5-1.5B,0.1,4,0
marketing/103,0.3348846435546875,0.38151654601097107,False,Qwen/Qwen2.5-1.5B,0.1,4,0
marketing/104,0.29889294505119324,0.32666879892349243,False,Qwen/Qwen2.5-1.5B,0.1,4,0
marketing/105,0.4120505750179291,0.38413509726524353,False,Qwen/Qwen2.5-1.5B,0.1,4,0
marketing/106,0.9952493906021118,0.992745041847229,True,Qwen/Qwen2.5-1.5B,0.1,4,0
marketing/107,0.9490126967430115,0.9451145529747009,False,Qwen/Qwen2.5-1.5B,0.1,4,0
marketing/108,0.9977082014083862,0.9982522130012512,False,Qwen/Qwen2.5-1.5B,0.1,4,0
marketing/109,0.24324773252010345,0.053967658430337906,False,Qwen/Qwen2.5-1.5B,0.1,4,0
marketing/110,0.9591659307479858,0.9430715441703796,False,Qwen/Qwen2.5-1.5B,0.1,4,0
marketing/111,0.8136963248252869,0.8012111783027649,False,Qwen/Qwen2.5-1.5B,0.1,4,0
marketing/112,0.9866381883621216,0.9841132760047913,False,Qwen/Qwen2.5-1.5B,0.1,4,0
marketing/113,0.9789044260978699,0.9940094947814941,False,Qwen/Qwen2.5-1.5B,0.1,4,0
marketing/114,0.9569429755210876,0.9731196761131287,False,Qwen/Qwen2.5-1.5B,0.1,4,0
marketing/115,0.11667178571224213,0.1078961193561554,False,Qwen/Qwen2.5-1.5B,0.1,4,0
marketing/116,0.9897387623786926,0.9914062023162842,False,Qwen/Qwen2.5-1.5B,0.1,4,0
marketing/117,0.8106404542922974,0.9829273819923401,False,Qwen/Qwen2.5-1.5B,0.1,4,0
marketing/118,0.27832791209220886,0.18764585256576538,False,Qwen/Qwen2.5-1.5B,0.1,4,0
marketing/119,0.9979585409164429,0.9984508752822876,False,Qwen/Qwen2.5-1.5B,0.1,4,0
marketing/120,0.9771652221679688,0.9867000579833984,False,Qwen/Qwen2.5-1.5B,0.1,4,0
marketing/121,0.9589464068412781,0.9807947278022766,False,Qwen/Qwen2.5-1.5B,0.1,4,0
marketing/122,0.8088167905807495,0.8424349427223206,False,Qwen/Qwen2.5-1.5B,0.1,4,0
marketing/123,0.15986067056655884,0.181379035115242,False,Qwen/Qwen2.5-1.5B,0.1,4,0
marketing/124,0.9292619228363037,0.7441743612289429,False,Qwen/Qwen2.5-1.5B,0.1,4,0
marketing/125,0.995112955570221,0.9989132881164551,False,Qwen/Qwen2.5-1.5B,0.1,4,0
marketing/126,0.931069552898407,0.9459241032600403,False,Qwen/Qwen2.5-1.5B,0.1,4,0
marketing/127,0.9634975790977478,0.9723069071769714,True,Qwen/Qwen2.5-1.5B,0.1,4,0
marketing/128,0.3266581594944,0.29565194249153137,False,Qwen/Qwen2.5-1.5B,0.1,4,0
marketing/129,0.014239506796002388,0.0484967865049839,False,Qwen/Qwen2.5-1.5B,0.1,4,0
marketing/130,0.9908487796783447,0.9931372404098511,False,Qwen/Qwen2.5-1.5B,0.1,4,0
marketing/131,0.9944379329681396,0.9950118064880371,False,Qwen/Qwen2.5-1.5B,0.1,4,0
marketing/132,0.9934182167053223,0.9976189732551575,False,Qwen/Qwen2.5-1.5B,0.1,4,0
marketing/133,0.9162834286689758,0.9618105888366699,False,Qwen/Qwen2.5-1.5B,0.1,4,0
marketing/134,0.9958513975143433,0.99406498670578,False,Qwen/Qwen2.5-1.5B,0.1,4,0
marketing/135,0.9861834049224854,0.9857219457626343,True,Qwen/Qwen2.5-1.5B,0.1,4,0
marketing/136,0.8888723254203796,0.8850626349449158,False,Qwen/Qwen2.5-1.5B,0.1,4,0
marketing/137,0.4016244411468506,0.5152568817138672,True,Qwen/Qwen2.5-1.5B,0.1,4,0
marketing/138,0.2411205768585205,0.5875543355941772,False,Qwen/Qwen2.5-1.5B,0.1,4,0
marketing/139,0.7698906660079956,0.8818503618240356,False,Qwen/Qwen2.5-1.5B,0.1,4,0
marketing/140,0.9899024963378906,0.9939206838607788,False,Qwen/Qwen2.5-1.5B,0.1,4,0
marketing/141,0.9879516959190369,0.9794158935546875,False,Qwen/Qwen2.5-1.5B,0.1,4,0
marketing/142,0.9909893870353699,0.9964417815208435,False,Qwen/Qwen2.5-1.5B,0.1,4,0
marketing/143,0.8872511982917786,0.8109200596809387,False,Qwen/Qwen2.5-1.5B,0.1,4,0
marketing/144,0.29213643074035645,0.5762240290641785,False,Qwen/Qwen2.5-1.5B,0.1,4,0
marketing/145,0.061295900493860245,0.18678130209445953,False,Qwen/Qwen2.5-1.5B,0.1,4,0
marketing/146,0.9887574315071106,0.9892080426216125,False,Qwen/Qwen2.5-1.5B,0.1,4,0
marketing/147,0.9862558245658875,0.9826394319534302,False,Qwen/Qwen2.5-1.5B,0.1,4,0
marketing/148,0.9978929162025452,0.9981054067611694,False,Qwen/Qwen2.5-1.5B,0.1,4,0
marketing/149,0.9742841720581055,0.979862630367279,False,Qwen/Qwen2.5-1.5B,0.1,4,0
marketing/150,0.9417769908905029,0.9869883060455322,False,Qwen/Qwen2.5-1.5B,0.1,4,0
marketing/151,0.34281978011131287,0.7308724522590637,False,Qwen/Qwen2.5-1.5B,0.1,4,0
marketing/152,0.9970268607139587,0.9988353848457336,False,Qwen/Qwen2.5-1.5B,0.1,4,0
marketing/153,0.4809304475784302,0.7615465521812439,False,Qwen/Qwen2.5-1.5B,0.1,4,0
marketing/154,0.9776853919029236,0.9437864422798157,False,Qwen/Qwen2.5-1.5B,0.1,4,0
marketing/155,0.7519944310188293,0.8581488728523254,False,Qwen/Qwen2.5-1.5B,0.1,4,0
marketing/156,0.9396176934242249,0.961006224155426,False,Qwen/Qwen2.5-1.5B,0.1,4,0
marketing/157,0.16569079458713531,0.211534321308136,False,Qwen/Qwen2.5-1.5B,0.1,4,0
marketing/158,0.9923102855682373,0.992912232875824,False,Qwen/Qwen2.5-1.5B,0.1,4,0
marketing/159,0.6445056200027466,0.8274567127227783,False,Qwen/Qwen2.5-1.5B,0.1,4,0
marketing/160,0.9984455704689026,0.9978127479553223,False,Qwen/Qwen2.5-1.5B,0.1,4,0
marketing/161,0.06189072132110596,0.05889171361923218,False,Qwen/Qwen2.5-1.5B,0.1,4,0
marketing/162,0.9875261187553406,0.9932603240013123,False,Qwen/Qwen2.5-1.5B,0.1,4,0
marketing/163,0.9078993797302246,0.9838113188743591,False,Qwen/Qwen2.5-1.5B,0.1,4,0
marketing/164,0.9992474317550659,0.9982642531394958,True,Qwen/Qwen2.5-1.5B,0.1,4,0
marketing/165,0.08641938120126724,0.049093831330537796,False,Qwen/Qwen2.5-1.5B,0.1,4,0
marketing/166,0.9459558725357056,0.9788217544555664,False,Qwen/Qwen2.5-1.5B,0.1,4,0
marketing/167,0.9979475140571594,0.9993420243263245,False,Qwen/Qwen2.5-1.5B,0.1,4,0
marketing/168,0.9444310069084167,0.9613704681396484,False,Qwen/Qwen2.5-1.5B,0.1,4,0
marketing/169,0.9235650897026062,0.9878920316696167,False,Qwen/Qwen2.5-1.5B,0.1,4,0
marketing/170,0.9915937185287476,0.9907363057136536,False,Qwen/Qwen2.5-1.5B,0.1,4,0
marketing/171,0.9565088152885437,0.9787147045135498,True,Qwen/Qwen2.5-1.5B,0.1,4,0
marketing/172,0.6573498249053955,0.9288495779037476,False,Qwen/Qwen2.5-1.5B,0.1,4,0
marketing/173,0.6556422710418701,0.9505969882011414,False,Qwen/Qwen2.5-1.5B,0.1,4,0
marketing/174,0.9416760802268982,0.978101909160614,False,Qwen/Qwen2.5-1.5B,0.1,4,0
marketing/175,0.5678198933601379,0.45021069049835205,False,Qwen/Qwen2.5-1.5B,0.1,4,0
marketing/176,0.9390949010848999,0.8268030881881714,False,Qwen/Qwen2.5-1.5B,0.1,4,0
marketing/177,0.9860740900039673,0.9954668283462524,False,Qwen/Qwen2.5-1.5B,0.1,4,0
marketing/178,0.8652647733688354,0.8225504755973816,False,Qwen/Qwen2.5-1.5B,0.1,4,0
marketing/179,0.9984254837036133,0.9986131191253662,True,Qwen/Qwen2.5-1.5B,0.1,4,0
marketing/180,0.9402071237564087,0.9375259280204773,False,Qwen/Qwen2.5-1.5B,0.1,4,0
marketing/181,0.13282322883605957,0.05594535544514656,False,Qwen/Qwen2.5-1.5B,0.1,4,0
marketing/182,0.8824453949928284,0.7394551038742065,False,Qwen/Qwen2.5-1.5B,0.1,4,0
marketing/183,0.13065071403980255,0.11050942540168762,False,Qwen/Qwen2.5-1.5B,0.1,4,0
marketing/184,0.04002426937222481,0.06662316620349884,False,Qwen/Qwen2.5-1.5B,0.1,4,0
marketing/185,0.5884675979614258,0.7316760420799255,False,Qwen/Qwen2.5-1.5B,0.1,4,0
marketing/186,0.945342481136322,0.9643130302429199,False,Qwen/Qwen2.5-1.5B,0.1,4,0
marketing/187,0.9327987432479858,0.9597455263137817,False,Qwen/Qwen2.5-1.5B,0.1,4,0
marketing/188,0.9067088961601257,0.9608516693115234,False,Qwen/Qwen2.5-1.5B,0.1,4,0
marketing/189,0.9977750182151794,0.9973456263542175,False,Qwen/Qwen2.5-1.5B,0.1,4,0
marketing/190,0.9964123368263245,0.9982359409332275,False,Qwen/Qwen2.5-1.5B,0.1,4,0
marketing/191,0.9896206855773926,0.9984330534934998,False,Qwen/Qwen2.5-1.5B,0.1,4,0
marketing/192,0.07399018108844757,0.022713392972946167,False,Qwen/Qwen2.5-1.5B,0.1,4,0
marketing/193,0.5026645660400391,0.495641827583313,False,Qwen/Qwen2.5-1.5B,0.1,4,0
marketing/194,0.8717404007911682,0.9189208745956421,False,Qwen/Qwen2.5-1.5B,0.1,4,0
marketing/195,0.9970099925994873,0.9949276447296143,False,Qwen/Qwen2.5-1.5B,0.1,4,0
marketing/196,0.8509148359298706,0.8835067749023438,False,Qwen/Qwen2.5-1.5B,0.1,4,0
marketing/197,0.9526785612106323,0.9550687074661255,False,Qwen/Qwen2.5-1.5B,0.1,4,0
marketing/198,0.77647465467453,0.528837263584137,False,Qwen/Qwen2.5-1.5B,0.1,4,0
marketing/199,0.9875730872154236,0.9928340911865234,False,Qwen/Qwen2.5-1.5B,0.1,4,0
marketing/200,0.9897833466529846,0.9937353730201721,False,Qwen/Qwen2.5-1.5B,0.1,4,0
marketing/201,0.9495842456817627,0.9755786657333374,False,Qwen/Qwen2.5-1.5B,0.1,4,0
marketing/202,0.6354491710662842,0.9047845005989075,True,Qwen/Qwen2.5-1.5B,0.1,4,0
marketing/203,0.7773195505142212,0.7825480699539185,False,Qwen/Qwen2.5-1.5B,0.1,4,0
marketing/204,0.6966837048530579,0.7160287499427795,False,Qwen/Qwen2.5-1.5B,0.1,4,0
marketing/205,0.9803851842880249,0.9860996603965759,True,Qwen/Qwen2.5-1.5B,0.1,4,0
marketing/206,0.6634804606437683,0.7033348679542542,False,Qwen/Qwen2.5-1.5B,0.1,4,0
marketing/207,0.995405912399292,0.9989542961120605,False,Qwen/Qwen2.5-1.5B,0.1,4,0
marketing/208,0.7559868097305298,0.9180309772491455,False,Qwen/Qwen2.5-1.5B,0.1,4,0
marketing/209,0.9934377074241638,0.9949818253517151,False,Qwen/Qwen2.5-1.5B,0.1,4,0
marketing/210,0.1238023191690445,0.022514816373586655,False,Qwen/Qwen2.5-1.5B,0.1,4,0
marketing/211,0.9867205619812012,0.9958329796791077,False,Qwen/Qwen2.5-1.5B,0.1,4,0
marketing/212,0.9163016676902771,0.7526726722717285,False,Qwen/Qwen2.5-1.5B,0.1,4,0
marketing/213,0.8687676787376404,0.630995512008667,False,Qwen/Qwen2.5-1.5B,0.1,4,0
marketing/214,0.08939357846975327,0.07666792720556259,True,Qwen/Qwen2.5-1.5B,0.1,4,0
marketing/215,0.8561778664588928,0.8116585612297058,True,Qwen/Qwen2.5-1.5B,0.1,4,0
marketing/216,0.536986231803894,0.4220341742038727,False,Qwen/Qwen2.5-1.5B,0.1,4,0
marketing/217,0.20247147977352142,0.10006104409694672,False,Qwen/Qwen2.5-1.5B,0.1,4,0
marketing/218,0.22369730472564697,0.15340100228786469,False,Qwen/Qwen2.5-1.5B,0.1,4,0
marketing/219,0.49797323346138,0.8153172135353088,False,Qwen/Qwen2.5-1.5B,0.1,4,0
marketing/220,0.9728227853775024,0.9933952689170837,False,Qwen/Qwen2.5-1.5B,0.1,4,0
marketing/221,0.9832000732421875,0.977814257144928,False,Qwen/Qwen2.5-1.5B,0.1,4,0
marketing/222,0.9864227175712585,0.9894144535064697,False,Qwen/Qwen2.5-1.5B,0.1,4,0
marketing/223,0.03379252180457115,0.020413929596543312,False,Qwen/Qwen2.5-1.5B,0.1,4,0
marketing/224,0.41075652837753296,0.5447083115577698,False,Qwen/Qwen2.5-1.5B,0.1,4,0
marketing/225,0.9987384676933289,0.9976524710655212,False,Qwen/Qwen2.5-1.5B,0.1,4,0
marketing/226,0.9205353856086731,0.8277862071990967,False,Qwen/Qwen2.5-1.5B,0.1,4,0
marketing/227,0.9927347898483276,0.971347987651825,False,Qwen/Qwen2.5-1.5B,0.1,4,0
marketing/228,0.9777998924255371,0.9893062710762024,False,Qwen/Qwen2.5-1.5B,0.1,4,0
marketing/229,0.3960084319114685,0.6233887672424316,True,Qwen/Qwen2.5-1.5B,0.1,4,0
marketing/230,0.9985653758049011,0.9976600408554077,False,Qwen/Qwen2.5-1.5B,0.1,4,0
marketing/231,0.9933304190635681,0.9926457405090332,False,Qwen/Qwen2.5-1.5B,0.1,4,0
marketing/232,0.9969958066940308,0.9982889294624329,False,Qwen/Qwen2.5-1.5B,0.1,4,0
marketing/233,0.6292120814323425,0.5107724666595459,False,Qwen/Qwen2.5-1.5B,0.1,4,0
college_biology/0,0.20640811324119568,0.12346334755420685,False,Qwen/Qwen2.5-1.5B,0.1,4,4
college_biology/1,0.38013434410095215,0.6976315975189209,False,Qwen/Qwen2.5-1.5B,0.1,4,4
college_biology/2,0.9031085968017578,0.9869399666786194,False,Qwen/Qwen2.5-1.5B,0.1,4,4
college_biology/3,0.9146309494972229,0.9570995569229126,False,Qwen/Qwen2.5-1.5B,0.1,4,4
college_biology/4,0.5499411821365356,0.7431657910346985,False,Qwen/Qwen2.5-1.5B,0.1,4,4
college_biology/5,0.9968731999397278,0.999090313911438,False,Qwen/Qwen2.5-1.5B,0.1,4,4
college_biology/6,0.9967592358589172,0.9982224106788635,False,Qwen/Qwen2.5-1.5B,0.1,4,4
college_biology/7,0.22258588671684265,0.29898175597190857,False,Qwen/Qwen2.5-1.5B,0.1,4,4
college_biology/8,0.9942660927772522,0.9983951449394226,False,Qwen/Qwen2.5-1.5B,0.1,4,4
college_biology/9,0.9801716804504395,0.9922182559967041,False,Qwen/Qwen2.5-1.5B,0.1,4,4
college_biology/10,0.4958440363407135,0.5025705099105835,False,Qwen/Qwen2.5-1.5B,0.1,4,4
college_biology/11,0.2788051962852478,0.1607857197523117,False,Qwen/Qwen2.5-1.5B,0.1,4,4
college_biology/12,0.31944477558135986,0.33867135643959045,False,Qwen/Qwen2.5-1.5B,0.1,4,4
college_biology/13,0.9053718447685242,0.8275722861289978,False,Qwen/Qwen2.5-1.5B,0.1,4,4
college_biology/14,0.429720401763916,0.6073408126831055,False,Qwen/Qwen2.5-1.5B,0.1,4,4
college_biology/15,0.22110025584697723,0.1880282312631607,False,Qwen/Qwen2.5-1.5B,0.1,4,4
college_biology/16,0.9738847613334656,0.9967501163482666,False,Qwen/Qwen2.5-1.5B,0.1,4,4
college_biology/17,0.5749072432518005,0.5020462274551392,False,Qwen/Qwen2.5-1.5B,0.1,4,4
college_biology/18,0.25454407930374146,0.19339437782764435,False,Qwen/Qwen2.5-1.5B,0.1,4,4
college_biology/19,0.44162872433662415,0.5487480759620667,False,Qwen/Qwen2.5-1.5B,0.1,4,4
college_biology/20,0.9979123473167419,0.9994114637374878,False,Qwen/Qwen2.5-1.5B,0.1,4,4
college_biology/21,0.9980908036231995,0.997676432132721,False,Qwen/Qwen2.5-1.5B,0.1,4,4
college_biology/22,0.318970263004303,0.2268863171339035,False,Qwen/Qwen2.5-1.5B,0.1,4,4
college_biology/23,0.7416822910308838,0.988532304763794,False,Qwen/Qwen2.5-1.5B,0.1,4,4
college_biology/24,0.9962257146835327,0.9992033839225769,False,Qwen/Qwen2.5-1.5B,0.1,4,4
college_biology/25,0.9957587122917175,0.9962704181671143,False,Qwen/Qwen2.5-1.5B,0.1,4,4
college_biology/26,0.04274143651127815,0.1652696579694748,False,Qwen/Qwen2.5-1.5B,0.1,4,4
college_biology/27,0.9456104040145874,0.9567739963531494,False,Qwen/Qwen2.5-1.5B,0.1,4,4
college_biology/28,0.7027029395103455,0.9207838773727417,False,Qwen/Qwen2.5-1.5B,0.1,4,4
college_biology/29,0.5579694509506226,0.5253897309303284,False,Qwen/Qwen2.5-1.5B,0.1,4,4
college_biology/30,0.9683905839920044,0.9808976054191589,False,Qwen/Qwen2.5-1.5B,0.1,4,4
college_biology/31,0.5422115325927734,0.2955187261104584,False,Qwen/Qwen2.5-1.5B,0.1,4,4
college_biology/32,0.34084540605545044,0.3399798274040222,False,Qwen/Qwen2.5-1.5B,0.1,4,4
college_biology/33,0.9537611603736877,0.9782026410102844,False,Qwen/Qwen2.5-1.5B,0.1,4,4
college_biology/34,0.2553641200065613,0.2084929645061493,False,Qwen/Qwen2.5-1.5B,0.1,4,4
college_biology/35,0.7048394083976746,0.8084943890571594,False,Qwen/Qwen2.5-1.5B,0.1,4,4
college_biology/36,0.8208478093147278,0.9024969339370728,False,Qwen/Qwen2.5-1.5B,0.1,4,4
college_biology/37,0.49684396386146545,0.5679711699485779,False,Qwen/Qwen2.5-1.5B,0.1,4,4
college_biology/38,0.9775083065032959,0.9940701127052307,True,Qwen/Qwen2.5-1.5B,0.1,4,4
college_biology/39,0.1124400794506073,0.0337168350815773,False,Qwen/Qwen2.5-1.5B,0.1,4,4
college_biology/40,0.3183232843875885,0.21355055272579193,False,Qwen/Qwen2.5-1.5B,0.1,4,4
college_biology/41,0.3641262948513031,0.34572747349739075,False,Qwen/Qwen2.5-1.5B,0.1,4,4
college_biology/42,0.99600750207901,0.9905843734741211,False,Qwen/Qwen2.5-1.5B,0.1,4,4
college_biology/43,0.7051841616630554,0.9385535717010498,False,Qwen/Qwen2.5-1.5B,0.1,4,4
college_biology/44,0.45819857716560364,0.6591583490371704,False,Qwen/Qwen2.5-1.5B,0.1,4,4
college_biology/45,0.05995221808552742,0.057652272284030914,False,Qwen/Qwen2.5-1.5B,0.1,4,4
college_biology/46,0.1437641829252243,0.07777581363916397,False,Qwen/Qwen2.5-1.5B,0.1,4,4
college_biology/47,0.918129026889801,0.8229438066482544,False,Qwen/Qwen2.5-1.5B,0.1,4,4
college_biology/48,0.6623031497001648,0.7185970544815063,False,Qwen/Qwen2.5-1.5B,0.1,4,4
college_biology/49,0.8455824851989746,0.9235485196113586,False,Qwen/Qwen2.5-1.5B,0.1,4,4
college_biology/50,0.7017077803611755,0.9386324286460876,False,Qwen/Qwen2.5-1.5B,0.1,4,4
college_biology/51,0.3277090787887573,0.26898789405822754,False,Qwen/Qwen2.5-1.5B,0.1,4,4
college_biology/52,0.6770631670951843,0.6684520840644836,False,Qwen/Qwen2.5-1.5B,0.1,4,4
college_biology/53,0.05147393420338631,0.018198763951659203,False,Qwen/Qwen2.5-1.5B,0.1,4,4
college_biology/54,0.24767933785915375,0.2782251834869385,True,Qwen/Qwen2.5-1.5B,0.1,4,4
college_biology/55,0.2967051565647125,0.2253669947385788,False,Qwen/Qwen2.5-1.5B,0.1,4,4
college_biology/56,0.12467098236083984,0.1115838959813118,False,Qwen/Qwen2.5-1.5B,0.1,4,4
college_biology/57,0.8408691883087158,0.8569532036781311,False,Qwen/Qwen2.5-1.5B,0.1,4,4
college_biology/58,0.3924880921840668,0.3410927951335907,True,Qwen/Qwen2.5-1.5B,0.1,4,4
college_biology/59,0.9974024891853333,0.9992319345474243,False,Qwen/Qwen2.5-1.5B,0.1,4,4
college_biology/60,0.8720700144767761,0.7309178709983826,False,Qwen/Qwen2.5-1.5B,0.1,4,4
college_biology/61,0.6988823413848877,0.57622891664505,False,Qwen/Qwen2.5-1.5B,0.1,4,4
college_biology/62,0.9843648672103882,0.9927611351013184,False,Qwen/Qwen2.5-1.5B,0.1,4,4
college_biology/63,0.22915363311767578,0.29693418741226196,False,Qwen/Qwen2.5-1.5B,0.1,4,4
college_biology/64,0.1797037422657013,0.1930013746023178,False,Qwen/Qwen2.5-1.5B,0.1,4,4
college_biology/65,0.06687655299901962,0.11127939075231552,False,Qwen/Qwen2.5-1.5B,0.1,4,4
college_biology/66,0.45218977332115173,0.43625298142433167,False,Qwen/Qwen2.5-1.5B,0.1,4,4
college_biology/67,0.09599027782678604,0.16793140769004822,True,Qwen/Qwen2.5-1.5B,0.1,4,4
college_biology/68,0.9743385910987854,0.9964777827262878,False,Qwen/Qwen2.5-1.5B,0.1,4,4
college_biology/69,0.7711538076400757,0.6220652461051941,False,Qwen/Qwen2.5-1.5B,0.1,4,4
college_biology/70,0.6964226961135864,0.9698301553726196,True,Qwen/Qwen2.5-1.5B,0.1,4,4
college_biology/71,0.4819801449775696,0.600932240486145,False,Qwen/Qwen2.5-1.5B,0.1,4,4
college_biology/72,0.8025171756744385,0.9482570290565491,True,Qwen/Qwen2.5-1.5B,0.1,4,4
college_biology/73,0.4076455235481262,0.4870937764644623,False,Qwen/Qwen2.5-1.5B,0.1,4,4
college_biology/74,0.16861870884895325,0.04596460238099098,False,Qwen/Qwen2.5-1.5B,0.1,4,4
college_biology/75,0.23429778218269348,0.9597647786140442,False,Qwen/Qwen2.5-1.5B,0.1,4,4
college_biology/76,0.9984461665153503,0.9983121156692505,False,Qwen/Qwen2.5-1.5B,0.1,4,4
college_biology/77,0.6418440937995911,0.935845673084259,True,Qwen/Qwen2.5-1.5B,0.1,4,4
college_biology/78,0.17672082781791687,0.10132602602243423,True,Qwen/Qwen2.5-1.5B,0.1,4,4
college_biology/79,0.17758825421333313,0.14997242391109467,False,Qwen/Qwen2.5-1.5B,0.1,4,4
college_biology/80,0.07502078264951706,0.05408501252532005,False,Qwen/Qwen2.5-1.5B,0.1,4,4
college_biology/81,0.9242544174194336,0.9338012337684631,False,Qwen/Qwen2.5-1.5B,0.1,4,4
college_biology/82,0.9991220831871033,0.9994865655899048,False,Qwen/Qwen2.5-1.5B,0.1,4,4
college_biology/83,0.586393415927887,0.8325901627540588,False,Qwen/Qwen2.5-1.5B,0.1,4,4
college_biology/84,0.9186782240867615,0.9167883396148682,False,Qwen/Qwen2.5-1.5B,0.1,4,4
college_biology/85,0.5162244439125061,0.6644747257232666,False,Qwen/Qwen2.5-1.5B,0.1,4,4
college_biology/86,0.9649735689163208,0.9894673228263855,False,Qwen/Qwen2.5-1.5B,0.1,4,4
college_biology/87,0.760348379611969,0.8327080607414246,True,Qwen/Qwen2.5-1.5B,0.1,4,4
college_biology/88,0.9953727126121521,0.9887937903404236,False,Qwen/Qwen2.5-1.5B,0.1,4,4
college_biology/89,0.663116991519928,0.7810848355293274,False,Qwen/Qwen2.5-1.5B,0.1,4,4
college_biology/90,0.4695224463939667,0.31310075521469116,False,Qwen/Qwen2.5-1.5B,0.1,4,4
college_biology/91,0.9989527463912964,0.9984207153320312,False,Qwen/Qwen2.5-1.5B,0.1,4,4
college_biology/92,0.9943270087242126,0.9948425889015198,False,Qwen/Qwen2.5-1.5B,0.1,4,4
college_biology/93,0.016398847103118896,0.023454004898667336,False,Qwen/Qwen2.5-1.5B,0.1,4,4
college_biology/94,0.9911707639694214,0.9945110082626343,False,Qwen/Qwen2.5-1.5B,0.1,4,4
college_biology/95,0.3826534152030945,0.07502707839012146,False,Qwen/Qwen2.5-1.5B,0.1,4,4
college_biology/96,0.35228127241134644,0.6910311579704285,False,Qwen/Qwen2.5-1.5B,0.1,4,4
college_biology/97,0.832207202911377,0.8825191855430603,False,Qwen/Qwen2.5-1.5B,0.1,4,4
college_biology/98,0.09541411697864532,0.1829170137643814,False,Qwen/Qwen2.5-1.5B,0.1,4,4
college_biology/99,0.9876673221588135,0.9887765049934387,False,Qwen/Qwen2.5-1.5B,0.1,4,4
college_biology/100,0.350065678358078,0.33569952845573425,False,Qwen/Qwen2.5-1.5B,0.1,4,4
college_biology/101,0.23291665315628052,0.5432687997817993,False,Qwen/Qwen2.5-1.5B,0.1,4,4
college_biology/102,0.8356863856315613,0.7265825867652893,False,Qwen/Qwen2.5-1.5B,0.1,4,4
college_biology/103,0.2827049791812897,0.35596588253974915,False,Qwen/Qwen2.5-1.5B,0.1,4,4
college_biology/104,0.9078003168106079,0.928666889667511,False,Qwen/Qwen2.5-1.5B,0.1,4,4
college_biology/105,0.893564760684967,0.920681893825531,False,Qwen/Qwen2.5-1.5B,0.1,4,4
college_biology/106,0.24730992317199707,0.3178541958332062,True,Qwen/Qwen2.5-1.5B,0.1,4,4
college_biology/107,0.03631003201007843,0.017878150567412376,False,Qwen/Qwen2.5-1.5B,0.1,4,4
college_biology/108,0.043180886656045914,0.007317290175706148,False,Qwen/Qwen2.5-1.5B,0.1,4,4
college_biology/109,0.7383955121040344,0.9446578621864319,False,Qwen/Qwen2.5-1.5B,0.1,4,4
college_biology/110,0.13269832730293274,0.4738331139087677,False,Qwen/Qwen2.5-1.5B,0.1,4,4
college_biology/111,0.9942359328269958,0.9990094900131226,False,Qwen/Qwen2.5-1.5B,0.1,4,4
college_biology/112,0.877133309841156,0.7334590554237366,False,Qwen/Qwen2.5-1.5B,0.1,4,4
college_biology/113,0.9935070276260376,0.9894930124282837,False,Qwen/Qwen2.5-1.5B,0.1,4,4
college_biology/114,0.9952492713928223,0.9991399049758911,False,Qwen/Qwen2.5-1.5B,0.1,4,4
college_biology/115,0.056575071066617966,0.24810069799423218,True,Qwen/Qwen2.5-1.5B,0.1,4,4
college_biology/116,0.054964613169431686,0.44506579637527466,False,Qwen/Qwen2.5-1.5B,0.1,4,4
college_biology/117,0.996276319026947,0.9964166879653931,False,Qwen/Qwen2.5-1.5B,0.1,4,4
college_biology/118,0.41184571385383606,0.7450506091117859,False,Qwen/Qwen2.5-1.5B,0.1,4,4
college_biology/119,0.32312560081481934,0.278388112783432,False,Qwen/Qwen2.5-1.5B,0.1,4,4
college_biology/120,0.9000909328460693,0.9830512404441833,False,Qwen/Qwen2.5-1.5B,0.1,4,4
college_biology/121,0.9567056894302368,0.9464753270149231,False,Qwen/Qwen2.5-1.5B,0.1,4,4
college_biology/122,0.19883993268013,0.030559681355953217,False,Qwen/Qwen2.5-1.5B,0.1,4,4
college_biology/123,0.9975612163543701,0.9987208247184753,False,Qwen/Qwen2.5-1.5B,0.1,4,4
college_biology/124,0.11289273947477341,0.06769625842571259,False,Qwen/Qwen2.5-1.5B,0.1,4,4
college_biology/125,0.44049930572509766,0.668610155582428,False,Qwen/Qwen2.5-1.5B,0.1,4,4
college_biology/126,0.9174318909645081,0.6408105492591858,False,Qwen/Qwen2.5-1.5B,0.1,4,4
college_biology/127,0.43992528319358826,0.4102725386619568,False,Qwen/Qwen2.5-1.5B,0.1,4,4
college_biology/128,0.38937798142433167,0.5037822723388672,False,Qwen/Qwen2.5-1.5B,0.1,4,4
college_biology/129,0.9227985739707947,0.9744235873222351,False,Qwen/Qwen2.5-1.5B,0.1,4,4
college_biology/130,0.6703242659568787,0.7297070026397705,False,Qwen/Qwen2.5-1.5B,0.1,4,4
college_biology/131,0.17096365988254547,0.15475676953792572,False,Qwen/Qwen2.5-1.5B,0.1,4,4
college_biology/132,0.7970154285430908,0.9442563056945801,False,Qwen/Qwen2.5-1.5B,0.1,4,4
college_biology/133,0.9328098893165588,0.7516013979911804,False,Qwen/Qwen2.5-1.5B,0.1,4,4
college_biology/134,0.9701429605484009,0.9799966812133789,True,Qwen/Qwen2.5-1.5B,0.1,4,4
college_biology/135,0.25039973855018616,0.44759657979011536,False,Qwen/Qwen2.5-1.5B,0.1,4,4
college_biology/136,0.24158082902431488,0.4167000949382782,False,Qwen/Qwen2.5-1.5B,0.1,4,4
college_biology/137,0.5041355490684509,0.4101899564266205,False,Qwen/Qwen2.5-1.5B,0.1,4,4
college_biology/138,0.9959501028060913,0.9982467889785767,False,Qwen/Qwen2.5-1.5B,0.1,4,4
college_biology/139,0.43389633297920227,0.7324864864349365,False,Qwen/Qwen2.5-1.5B,0.1,4,4
college_biology/140,0.9295797944068909,0.9599734544754028,False,Qwen/Qwen2.5-1.5B,0.1,4,4
college_biology/141,0.9950695037841797,0.9980814456939697,True,Qwen/Qwen2.5-1.5B,0.1,4,4
college_biology/142,0.7677395343780518,0.5657079815864563,False,Qwen/Qwen2.5-1.5B,0.1,4,4
college_biology/143,0.39515912532806396,0.3177541196346283,False,Qwen/Qwen2.5-1.5B,0.1,4,4
high_school_statistics/0,0.43577998876571655,0.4656207263469696,True,Qwen/Qwen2.5-1.5B,0.1,4,4
high_school_statistics/1,0.19498397409915924,0.21070995926856995,False,Qwen/Qwen2.5-1.5B,0.1,4,4
high_school_statistics/2,0.05701562389731407,0.028646552935242653,False,Qwen/Qwen2.5-1.5B,0.1,4,4
high_school_statistics/3,0.5908172726631165,0.6265321373939514,False,Qwen/Qwen2.5-1.5B,0.1,4,4
high_school_statistics/4,0.9935749173164368,0.99937504529953,False,Qwen/Qwen2.5-1.5B,0.1,4,4
high_school_statistics/5,0.8247880935668945,0.7053387761116028,False,Qwen/Qwen2.5-1.5B,0.1,4,4
high_school_statistics/6,0.6591474413871765,0.7478989362716675,False,Qwen/Qwen2.5-1.5B,0.1,4,4
high_school_statistics/7,0.959632933139801,0.9709506630897522,False,Qwen/Qwen2.5-1.5B,0.1,4,4
high_school_statistics/8,0.9970439076423645,0.9970778226852417,True,Qwen/Qwen2.5-1.5B,0.1,4,4
high_school_statistics/9,0.6464952826499939,0.9270290732383728,False,Qwen/Qwen2.5-1.5B,0.1,4,4
high_school_statistics/10,0.6742181181907654,0.9926236867904663,False,Qwen/Qwen2.5-1.5B,0.1,4,4
high_school_statistics/11,0.0021052269730716944,0.12246064096689224,False,Qwen/Qwen2.5-1.5B,0.1,4,4
high_school_statistics/12,0.2708399295806885,0.3143664300441742,False,Qwen/Qwen2.5-1.5B,0.1,4,4
high_school_statistics/13,0.3642736077308655,0.3701780140399933,False,Qwen/Qwen2.5-1.5B,0.1,4,4
high_school_statistics/14,0.19903677701950073,0.08198782801628113,False,Qwen/Qwen2.5-1.5B,0.1,4,4
high_school_statistics/15,0.040165144950151443,0.043631717562675476,False,Qwen/Qwen2.5-1.5B,0.1,4,4
high_school_statistics/16,0.3934416174888611,0.2712108790874481,False,Qwen/Qwen2.5-1.5B,0.1,4,4
high_school_statistics/17,0.4663226902484894,0.4012291729450226,False,Qwen/Qwen2.5-1.5B,0.1,4,4
high_school_statistics/18,0.4280382990837097,0.3221781551837921,False,Qwen/Qwen2.5-1.5B,0.1,4,4
high_school_statistics/19,0.3161003887653351,0.2631542980670929,False,Qwen/Qwen2.5-1.5B,0.1,4,4
high_school_statistics/20,0.45912471413612366,0.4300333857536316,False,Qwen/Qwen2.5-1.5B,0.1,4,4
high_school_statistics/21,0.1400909721851349,0.3540196716785431,False,Qwen/Qwen2.5-1.5B,0.1,4,4
high_school_statistics/22,0.20636895298957825,0.18955199420452118,True,Qwen/Qwen2.5-1.5B,0.1,4,4
high_school_statistics/23,0.4039016664028168,0.2608221173286438,False,Qwen/Qwen2.5-1.5B,0.1,4,4
high_school_statistics/24,0.20836740732192993,0.49130815267562866,True,Qwen/Qwen2.5-1.5B,0.1,4,4
high_school_statistics/25,0.3693895936012268,0.40230193734169006,False,Qwen/Qwen2.5-1.5B,0.1,4,4
high_school_statistics/26,0.029914185404777527,0.1678282618522644,False,Qwen/Qwen2.5-1.5B,0.1,4,4
high_school_statistics/27,0.5076839327812195,0.6050782203674316,False,Qwen/Qwen2.5-1.5B,0.1,4,4
high_school_statistics/28,0.4968160092830658,0.39439862966537476,False,Qwen/Qwen2.5-1.5B,0.1,4,4
high_school_statistics/29,0.32959404587745667,0.28252971172332764,False,Qwen/Qwen2.5-1.5B,0.1,4,4
high_school_statistics/30,0.32638680934906006,0.31439852714538574,False,Qwen/Qwen2.5-1.5B,0.1,4,4
high_school_statistics/31,0.4095306396484375,0.34779584407806396,False,Qwen/Qwen2.5-1.5B,0.1,4,4
high_school_statistics/32,0.2523258626461029,0.4195917844772339,False,Qwen/Qwen2.5-1.5B,0.1,4,4
high_school_statistics/33,0.4108283221721649,0.4572390019893646,False,Qwen/Qwen2.5-1.5B,0.1,4,4
high_school_statistics/34,0.031433191150426865,0.0037054254207760096,False,Qwen/Qwen2.5-1.5B,0.1,4,4
high_school_statistics/35,0.26305633783340454,0.32986462116241455,False,Qwen/Qwen2.5-1.5B,0.1,4,4
high_school_statistics/36,0.18812678754329681,0.22288794815540314,False,Qwen/Qwen2.5-1.5B,0.1,4,4
high_school_statistics/37,0.5263951420783997,0.6977400779724121,False,Qwen/Qwen2.5-1.5B,0.1,4,4
high_school_statistics/38,0.00023977606906555593,0.00012282351963222027,False,Qwen/Qwen2.5-1.5B,0.1,4,4
high_school_statistics/39,0.7936242818832397,0.8607681393623352,False,Qwen/Qwen2.5-1.5B,0.1,4,4
high_school_statistics/40,0.9408683180809021,0.9175325036048889,False,Qwen/Qwen2.5-1.5B,0.1,4,4
high_school_statistics/41,0.25608953833580017,0.17867495119571686,False,Qwen/Qwen2.5-1.5B,0.1,4,4
high_school_statistics/42,0.981050968170166,0.9923804998397827,False,Qwen/Qwen2.5-1.5B,0.1,4,4
high_school_statistics/43,0.016097811982035637,0.02034909836947918,False,Qwen/Qwen2.5-1.5B,0.1,4,4
high_school_statistics/44,0.2634935975074768,0.37898996472358704,False,Qwen/Qwen2.5-1.5B,0.1,4,4
high_school_statistics/45,0.40297695994377136,0.1960071474313736,False,Qwen/Qwen2.5-1.5B,0.1,4,4
high_school_statistics/46,0.985301673412323,0.996239423751831,False,Qwen/Qwen2.5-1.5B,0.1,4,4
high_school_statistics/47,0.18737882375717163,0.26367124915122986,False,Qwen/Qwen2.5-1.5B,0.1,4,4
high_school_statistics/48,0.2903759181499481,0.5543168187141418,True,Qwen/Qwen2.5-1.5B,0.1,4,4
high_school_statistics/49,0.9868593215942383,0.9939905405044556,False,Qwen/Qwen2.5-1.5B,0.1,4,4
high_school_statistics/50,0.44389989972114563,0.4166305959224701,False,Qwen/Qwen2.5-1.5B,0.1,4,4
high_school_statistics/51,0.4215311110019684,0.32674911618232727,False,Qwen/Qwen2.5-1.5B,0.1,4,4
high_school_statistics/52,0.25829604268074036,0.38390177488327026,False,Qwen/Qwen2.5-1.5B,0.1,4,4
high_school_statistics/53,0.07150202244520187,0.03953356668353081,False,Qwen/Qwen2.5-1.5B,0.1,4,4
high_school_statistics/54,0.5422570705413818,0.5116108059883118,False,Qwen/Qwen2.5-1.5B,0.1,4,4
high_school_statistics/55,0.3209429681301117,0.3631860613822937,False,Qwen/Qwen2.5-1.5B,0.1,4,4
high_school_statistics/56,0.2180270403623581,0.4045701324939728,False,Qwen/Qwen2.5-1.5B,0.1,4,4
high_school_statistics/57,0.1481618583202362,0.28939583897590637,False,Qwen/Qwen2.5-1.5B,0.1,4,4
high_school_statistics/58,0.9365572929382324,0.935651957988739,True,Qwen/Qwen2.5-1.5B,0.1,4,4
high_school_statistics/59,0.6893662214279175,0.9041193127632141,False,Qwen/Qwen2.5-1.5B,0.1,4,4
high_school_statistics/60,0.6288321018218994,0.7190240621566772,False,Qwen/Qwen2.5-1.5B,0.1,4,4
high_school_statistics/61,0.11364714056253433,0.23408794403076172,False,Qwen/Qwen2.5-1.5B,0.1,4,4
high_school_statistics/62,0.28997406363487244,0.2847047746181488,False,Qwen/Qwen2.5-1.5B,0.1,4,4
high_school_statistics/63,0.947777509689331,0.9866835474967957,False,Qwen/Qwen2.5-1.5B,0.1,4,4
high_school_statistics/64,0.17834927141666412,0.13854964077472687,False,Qwen/Qwen2.5-1.5B,0.1,4,4
high_school_statistics/65,0.9470534324645996,0.958124041557312,False,Qwen/Qwen2.5-1.5B,0.1,4,4
high_school_statistics/66,0.6126697659492493,0.5441910624504089,False,Qwen/Qwen2.5-1.5B,0.1,4,4
high_school_statistics/67,0.5702856183052063,0.43175289034843445,False,Qwen/Qwen2.5-1.5B,0.1,4,4
high_school_statistics/68,0.15201131999492645,0.11468831449747086,False,Qwen/Qwen2.5-1.5B,0.1,4,4
high_school_statistics/69,0.2568371891975403,0.20163986086845398,False,Qwen/Qwen2.5-1.5B,0.1,4,4
high_school_statistics/70,0.9975244402885437,0.9976425766944885,False,Qwen/Qwen2.5-1.5B,0.1,4,4
high_school_statistics/71,0.7438503503799438,0.1537708342075348,False,Qwen/Qwen2.5-1.5B,0.1,4,4
high_school_statistics/72,0.3363721966743469,0.29535847902297974,False,Qwen/Qwen2.5-1.5B,0.1,4,4
high_school_statistics/73,0.9961936473846436,0.995591938495636,False,Qwen/Qwen2.5-1.5B,0.1,4,4
high_school_statistics/74,0.30394411087036133,0.2913527190685272,False,Qwen/Qwen2.5-1.5B,0.1,4,4
high_school_statistics/75,0.6106265783309937,0.5307228565216064,False,Qwen/Qwen2.5-1.5B,0.1,4,4
high_school_statistics/76,0.3922092616558075,0.3991911709308624,False,Qwen/Qwen2.5-1.5B,0.1,4,4
high_school_statistics/77,0.2002076357603073,0.20023731887340546,False,Qwen/Qwen2.5-1.5B,0.1,4,4
high_school_statistics/78,0.9140464067459106,0.9820703268051147,False,Qwen/Qwen2.5-1.5B,0.1,4,4
high_school_statistics/79,0.9002475142478943,0.9729458689689636,False,Qwen/Qwen2.5-1.5B,0.1,4,4
high_school_statistics/80,0.9477798342704773,0.9822497963905334,False,Qwen/Qwen2.5-1.5B,0.1,4,4
high_school_statistics/81,0.1263696551322937,0.20226672291755676,False,Qwen/Qwen2.5-1.5B,0.1,4,4
high_school_statistics/82,0.1709829419851303,0.08101657032966614,False,Qwen/Qwen2.5-1.5B,0.1,4,4
high_school_statistics/83,0.9479542374610901,0.975445032119751,False,Qwen/Qwen2.5-1.5B,0.1,4,4
high_school_statistics/84,0.4252988398075104,0.4120091199874878,False,Qwen/Qwen2.5-1.5B,0.1,4,4
high_school_statistics/85,0.7398722767829895,0.9011964797973633,False,Qwen/Qwen2.5-1.5B,0.1,4,4
high_school_statistics/86,0.7722447514533997,0.7472161650657654,False,Qwen/Qwen2.5-1.5B,0.1,4,4
high_school_statistics/87,0.11018906533718109,0.0991019606590271,False,Qwen/Qwen2.5-1.5B,0.1,4,4
high_school_statistics/88,0.5270835757255554,0.5653226375579834,False,Qwen/Qwen2.5-1.5B,0.1,4,4
high_school_statistics/89,0.09374845772981644,0.0899168848991394,False,Qwen/Qwen2.5-1.5B,0.1,4,4
high_school_statistics/90,0.250558078289032,0.21224075555801392,False,Qwen/Qwen2.5-1.5B,0.1,4,4
high_school_statistics/91,0.2084043025970459,0.2976663410663605,False,Qwen/Qwen2.5-1.5B,0.1,4,4
high_school_statistics/92,0.02010939083993435,0.02286844700574875,True,Qwen/Qwen2.5-1.5B,0.1,4,4
high_school_statistics/93,0.3611556589603424,0.24964947998523712,False,Qwen/Qwen2.5-1.5B,0.1,4,4
high_school_statistics/94,0.6429046392440796,0.6271025538444519,False,Qwen/Qwen2.5-1.5B,0.1,4,4
high_school_statistics/95,0.2213500440120697,0.1801019310951233,False,Qwen/Qwen2.5-1.5B,0.1,4,4
high_school_statistics/96,0.695189356803894,0.9498597979545593,False,Qwen/Qwen2.5-1.5B,0.1,4,4
high_school_statistics/97,0.6877945065498352,0.7546088695526123,False,Qwen/Qwen2.5-1.5B,0.1,4,4
high_school_statistics/98,0.23239946365356445,0.4140276312828064,False,Qwen/Qwen2.5-1.5B,0.1,4,4
high_school_statistics/99,0.2206268161535263,0.46932196617126465,False,Qwen/Qwen2.5-1.5B,0.1,4,4
high_school_statistics/100,0.3467925488948822,0.300676167011261,False,Qwen/Qwen2.5-1.5B,0.1,4,4
high_school_statistics/101,0.07336308062076569,0.20663537085056305,False,Qwen/Qwen2.5-1.5B,0.1,4,4
high_school_statistics/102,0.21690422296524048,0.25152623653411865,False,Qwen/Qwen2.5-1.5B,0.1,4,4
high_school_statistics/103,0.856691837310791,0.7772908210754395,False,Qwen/Qwen2.5-1.5B,0.1,4,4
high_school_statistics/104,0.5793498158454895,0.6015818119049072,False,Qwen/Qwen2.5-1.5B,0.1,4,4
high_school_statistics/105,0.5001763105392456,0.4496009647846222,False,Qwen/Qwen2.5-1.5B,0.1,4,4
high_school_statistics/106,0.5115229487419128,0.7795694470405579,False,Qwen/Qwen2.5-1.5B,0.1,4,4
high_school_statistics/107,0.18790684640407562,0.27323082089424133,False,Qwen/Qwen2.5-1.5B,0.1,4,4
high_school_statistics/108,0.45827358961105347,0.27094265818595886,False,Qwen/Qwen2.5-1.5B,0.1,4,4
high_school_statistics/109,0.23784181475639343,0.08509231358766556,False,Qwen/Qwen2.5-1.5B,0.1,4,4
high_school_statistics/110,0.473050594329834,0.2653145492076874,False,Qwen/Qwen2.5-1.5B,0.1,4,4
high_school_statistics/111,0.34503692388534546,0.5634642243385315,False,Qwen/Qwen2.5-1.5B,0.1,4,4
high_school_statistics/112,0.21354682743549347,0.3263753652572632,False,Qwen/Qwen2.5-1.5B,0.1,4,4
high_school_statistics/113,0.6285584568977356,0.38455715775489807,False,Qwen/Qwen2.5-1.5B,0.1,4,4
high_school_statistics/114,0.09800861030817032,0.22184889018535614,False,Qwen/Qwen2.5-1.5B,0.1,4,4
high_school_statistics/115,0.24315452575683594,0.2240471988916397,False,Qwen/Qwen2.5-1.5B,0.1,4,4
high_school_statistics/116,0.20443135499954224,0.2359926998615265,False,Qwen/Qwen2.5-1.5B,0.1,4,4
high_school_statistics/117,0.993559718132019,0.9976021647453308,False,Qwen/Qwen2.5-1.5B,0.1,4,4
high_school_statistics/118,0.39354774355888367,0.1600414663553238,False,Qwen/Qwen2.5-1.5B,0.1,4,4
high_school_statistics/119,0.6425248384475708,0.5237037539482117,False,Qwen/Qwen2.5-1.5B,0.1,4,4
high_school_statistics/120,0.486343652009964,0.6432162523269653,False,Qwen/Qwen2.5-1.5B,0.1,4,4
high_school_statistics/121,0.892157793045044,0.9660332798957825,False,Qwen/Qwen2.5-1.5B,0.1,4,4
high_school_statistics/122,0.0247018001973629,0.008701441809535027,False,Qwen/Qwen2.5-1.5B,0.1,4,4
high_school_statistics/123,0.797452449798584,0.866271436214447,False,Qwen/Qwen2.5-1.5B,0.1,4,4
high_school_statistics/124,0.5389938354492188,0.4909310042858124,False,Qwen/Qwen2.5-1.5B,0.1,4,4
high_school_statistics/125,0.26986202597618103,0.39378148317337036,False,Qwen/Qwen2.5-1.5B,0.1,4,4
high_school_statistics/126,0.39621442556381226,0.34496352076530457,False,Qwen/Qwen2.5-1.5B,0.1,4,4
high_school_statistics/127,0.15685606002807617,0.17007216811180115,False,Qwen/Qwen2.5-1.5B,0.1,4,4
high_school_statistics/128,0.5380454063415527,0.620473325252533,False,Qwen/Qwen2.5-1.5B,0.1,4,4
high_school_statistics/129,0.31037795543670654,0.28861743211746216,False,Qwen/Qwen2.5-1.5B,0.1,4,4
high_school_statistics/130,0.14350664615631104,0.11441157758235931,False,Qwen/Qwen2.5-1.5B,0.1,4,4
high_school_statistics/131,0.3666846454143524,0.38390329480171204,False,Qwen/Qwen2.5-1.5B,0.1,4,4
high_school_statistics/132,0.8214849829673767,0.9512681365013123,False,Qwen/Qwen2.5-1.5B,0.1,4,4
high_school_statistics/133,0.4516456127166748,0.49656420946121216,False,Qwen/Qwen2.5-1.5B,0.1,4,4
high_school_statistics/134,0.497180312871933,0.2728283107280731,False,Qwen/Qwen2.5-1.5B,0.1,4,4
high_school_statistics/135,0.2772618532180786,0.38911962509155273,False,Qwen/Qwen2.5-1.5B,0.1,4,4
high_school_statistics/136,0.39953091740608215,0.2659946382045746,False,Qwen/Qwen2.5-1.5B,0.1,4,4
high_school_statistics/137,0.7829167246818542,0.9469234347343445,False,Qwen/Qwen2.5-1.5B,0.1,4,4
high_school_statistics/138,0.8514982461929321,0.9811559915542603,True,Qwen/Qwen2.5-1.5B,0.1,4,4
high_school_statistics/139,0.36709296703338623,0.5255659222602844,False,Qwen/Qwen2.5-1.5B,0.1,4,4
high_school_statistics/140,0.25548556447029114,0.22257906198501587,False,Qwen/Qwen2.5-1.5B,0.1,4,4
high_school_statistics/141,0.38667750358581543,0.34052979946136475,False,Qwen/Qwen2.5-1.5B,0.1,4,4
high_school_statistics/142,0.1195162758231163,0.16942957043647766,False,Qwen/Qwen2.5-1.5B,0.1,4,4
high_school_statistics/143,0.37111493945121765,0.5622943639755249,True,Qwen/Qwen2.5-1.5B,0.1,4,4
high_school_statistics/144,0.4482569992542267,0.4027305245399475,False,Qwen/Qwen2.5-1.5B,0.1,4,4
high_school_statistics/145,0.6981172561645508,0.8348429799079895,False,Qwen/Qwen2.5-1.5B,0.1,4,4
high_school_statistics/146,0.8414117097854614,0.9297848343849182,False,Qwen/Qwen2.5-1.5B,0.1,4,4
high_school_statistics/147,0.9342708587646484,0.9728826880455017,False,Qwen/Qwen2.5-1.5B,0.1,4,4
high_school_statistics/148,0.3256845772266388,0.38267141580581665,False,Qwen/Qwen2.5-1.5B,0.1,4,4
high_school_statistics/149,0.9970282912254333,0.9990625977516174,False,Qwen/Qwen2.5-1.5B,0.1,4,4
high_school_statistics/150,0.31991833448410034,0.4899802505970001,True,Qwen/Qwen2.5-1.5B,0.1,4,4
high_school_statistics/151,0.14415769279003143,0.06558208167552948,False,Qwen/Qwen2.5-1.5B,0.1,4,4
high_school_statistics/152,0.3675350546836853,0.3303404152393341,False,Qwen/Qwen2.5-1.5B,0.1,4,4
high_school_statistics/153,0.1890593022108078,0.27287769317626953,False,Qwen/Qwen2.5-1.5B,0.1,4,4
high_school_statistics/154,0.2254963517189026,0.596773087978363,False,Qwen/Qwen2.5-1.5B,0.1,4,4
high_school_statistics/155,0.48614856600761414,0.407107949256897,False,Qwen/Qwen2.5-1.5B,0.1,4,4
high_school_statistics/156,0.23291736841201782,0.5613853931427002,False,Qwen/Qwen2.5-1.5B,0.1,4,4
high_school_statistics/157,0.09355127066373825,0.1333659440279007,False,Qwen/Qwen2.5-1.5B,0.1,4,4
high_school_statistics/158,0.30270278453826904,0.17918987572193146,False,Qwen/Qwen2.5-1.5B,0.1,4,4
high_school_statistics/159,0.2531049847602844,0.26970571279525757,False,Qwen/Qwen2.5-1.5B,0.1,4,4
high_school_statistics/160,0.9885043501853943,0.9990174770355225,True,Qwen/Qwen2.5-1.5B,0.1,4,4
high_school_statistics/161,0.007061333395540714,0.0013779776636511087,False,Qwen/Qwen2.5-1.5B,0.1,4,4
high_school_statistics/162,0.2807784676551819,0.2289840131998062,False,Qwen/Qwen2.5-1.5B,0.1,4,4
high_school_statistics/163,0.9336602687835693,0.9376533627510071,False,Qwen/Qwen2.5-1.5B,0.1,4,4
high_school_statistics/164,0.5141022205352783,0.7157371044158936,False,Qwen/Qwen2.5-1.5B,0.1,4,4
high_school_statistics/165,0.8011093139648438,0.8397075533866882,False,Qwen/Qwen2.5-1.5B,0.1,4,4
high_school_statistics/166,0.6156765222549438,0.7054704427719116,True,Qwen/Qwen2.5-1.5B,0.1,4,4
high_school_statistics/167,0.13631844520568848,0.1253516972064972,False,Qwen/Qwen2.5-1.5B,0.1,4,4
high_school_statistics/168,0.12770943343639374,0.052869364619255066,False,Qwen/Qwen2.5-1.5B,0.1,4,4
high_school_statistics/169,0.47255513072013855,0.5689817070960999,False,Qwen/Qwen2.5-1.5B,0.1,4,4
high_school_statistics/170,0.202169731259346,0.4045584797859192,False,Qwen/Qwen2.5-1.5B,0.1,4,4
high_school_statistics/171,0.9905647039413452,0.9877305626869202,True,Qwen/Qwen2.5-1.5B,0.1,4,4
high_school_statistics/172,0.49719569087028503,0.3872191607952118,False,Qwen/Qwen2.5-1.5B,0.1,4,4
high_school_statistics/173,0.2604767680168152,0.2615407109260559,False,Qwen/Qwen2.5-1.5B,0.1,4,4
high_school_statistics/174,0.8721952438354492,0.9299397468566895,False,Qwen/Qwen2.5-1.5B,0.1,4,4
high_school_statistics/175,0.19298593699932098,0.3834088444709778,False,Qwen/Qwen2.5-1.5B,0.1,4,4
high_school_statistics/176,0.2554035186767578,0.20359136164188385,False,Qwen/Qwen2.5-1.5B,0.1,4,4
high_school_statistics/177,0.06287389993667603,0.2807370722293854,True,Qwen/Qwen2.5-1.5B,0.1,4,4
high_school_statistics/178,0.07128284871578217,0.10086634755134583,False,Qwen/Qwen2.5-1.5B,0.1,4,4
high_school_statistics/179,0.0805831179022789,0.18195921182632446,False,Qwen/Qwen2.5-1.5B,0.1,4,4
high_school_statistics/180,0.3605917692184448,0.19355162978172302,False,Qwen/Qwen2.5-1.5B,0.1,4,4
high_school_statistics/181,0.09920819848775864,0.051315583288669586,False,Qwen/Qwen2.5-1.5B,0.1,4,4
high_school_statistics/182,0.3559311628341675,0.21870405972003937,False,Qwen/Qwen2.5-1.5B,0.1,4,4
high_school_statistics/183,0.932502806186676,0.9941446185112,True,Qwen/Qwen2.5-1.5B,0.1,4,4
high_school_statistics/184,0.09702284634113312,0.19398899376392365,False,Qwen/Qwen2.5-1.5B,0.1,4,4
high_school_statistics/185,0.9889940619468689,0.9905975461006165,False,Qwen/Qwen2.5-1.5B,0.1,4,4
high_school_statistics/186,0.8007779717445374,0.7364457845687866,False,Qwen/Qwen2.5-1.5B,0.1,4,4
high_school_statistics/187,0.2892207205295563,0.08913253992795944,False,Qwen/Qwen2.5-1.5B,0.1,4,4
high_school_statistics/188,0.09318973869085312,0.09741314500570297,False,Qwen/Qwen2.5-1.5B,0.1,4,4
high_school_statistics/189,0.09774398058652878,0.09945681691169739,False,Qwen/Qwen2.5-1.5B,0.1,4,4
high_school_statistics/190,0.4012864828109741,0.3979133665561676,False,Qwen/Qwen2.5-1.5B,0.1,4,4
high_school_statistics/191,0.2669791281223297,0.31856417655944824,False,Qwen/Qwen2.5-1.5B,0.1,4,4
high_school_statistics/192,0.02241337299346924,0.025018593296408653,False,Qwen/Qwen2.5-1.5B,0.1,4,4
high_school_statistics/193,0.24992288649082184,0.2541723847389221,False,Qwen/Qwen2.5-1.5B,0.1,4,4
high_school_statistics/194,0.9950472116470337,0.9988096952438354,True,Qwen/Qwen2.5-1.5B,0.1,4,4
high_school_statistics/195,0.4865973889827728,0.7191957235336304,False,Qwen/Qwen2.5-1.5B,0.1,4,4
high_school_statistics/196,0.38714492321014404,0.3435637652873993,False,Qwen/Qwen2.5-1.5B,0.1,4,4
high_school_statistics/197,0.36675190925598145,0.35017693042755127,False,Qwen/Qwen2.5-1.5B,0.1,4,4
high_school_statistics/198,0.6195642352104187,0.6032994985580444,False,Qwen/Qwen2.5-1.5B,0.1,4,4
high_school_statistics/199,0.9815086722373962,0.9942319989204407,False,Qwen/Qwen2.5-1.5B,0.1,4,4
high_school_statistics/200,0.2822783291339874,0.4967140853404999,False,Qwen/Qwen2.5-1.5B,0.1,4,4
high_school_statistics/201,0.9974920749664307,0.9989721775054932,False,Qwen/Qwen2.5-1.5B,0.1,4,4
high_school_statistics/202,0.33336490392684937,0.3601484000682831,False,Qwen/Qwen2.5-1.5B,0.1,4,4
high_school_statistics/203,0.9750379323959351,0.9678268432617188,False,Qwen/Qwen2.5-1.5B,0.1,4,4
high_school_statistics/204,0.05793090909719467,0.11446351557970047,False,Qwen/Qwen2.5-1.5B,0.1,4,4
high_school_statistics/205,0.3593149185180664,0.2055182009935379,False,Qwen/Qwen2.5-1.5B,0.1,4,4
high_school_statistics/206,0.5467535257339478,0.5810971260070801,False,Qwen/Qwen2.5-1.5B,0.1,4,4
high_school_statistics/207,0.20931556820869446,0.35725370049476624,False,Qwen/Qwen2.5-1.5B,0.1,4,4
high_school_statistics/208,0.3081226646900177,0.25398409366607666,False,Qwen/Qwen2.5-1.5B,0.1,4,4
high_school_statistics/209,0.14881055057048798,0.2482593059539795,False,Qwen/Qwen2.5-1.5B,0.1,4,4
high_school_statistics/210,0.4711681008338928,0.4368343949317932,False,Qwen/Qwen2.5-1.5B,0.1,4,4
high_school_statistics/211,0.954538106918335,0.9989533424377441,True,Qwen/Qwen2.5-1.5B,0.1,4,4
high_school_statistics/212,0.11455225944519043,0.17667818069458008,False,Qwen/Qwen2.5-1.5B,0.1,4,4
high_school_statistics/213,0.41470250487327576,0.320724755525589,False,Qwen/Qwen2.5-1.5B,0.1,4,4
high_school_statistics/214,0.9462908506393433,0.9742550849914551,False,Qwen/Qwen2.5-1.5B,0.1,4,4
high_school_statistics/215,0.939551591873169,0.9917240738868713,True,Qwen/Qwen2.5-1.5B,0.1,4,4
philosophy/0,0.7840917110443115,0.978390097618103,False,Qwen/Qwen2.5-1.5B,0.1,4,4
philosophy/1,0.9625034332275391,0.9570497274398804,True,Qwen/Qwen2.5-1.5B,0.1,4,4
philosophy/2,0.9836945533752441,0.9887617230415344,False,Qwen/Qwen2.5-1.5B,0.1,4,4
philosophy/3,0.9898756146430969,0.9906427264213562,False,Qwen/Qwen2.5-1.5B,0.1,4,4
philosophy/4,0.6644095778465271,0.5871487259864807,False,Qwen/Qwen2.5-1.5B,0.1,4,4
philosophy/5,0.6761574149131775,0.8440816402435303,False,Qwen/Qwen2.5-1.5B,0.1,4,4
philosophy/6,0.9913005232810974,0.9934300780296326,False,Qwen/Qwen2.5-1.5B,0.1,4,4
philosophy/7,0.21195882558822632,0.1512899100780487,False,Qwen/Qwen2.5-1.5B,0.1,4,4
philosophy/8,0.9383161067962646,0.9483969211578369,False,Qwen/Qwen2.5-1.5B,0.1,4,4
philosophy/9,0.9586455821990967,0.9912960529327393,False,Qwen/Qwen2.5-1.5B,0.1,4,4
philosophy/10,0.9858918786048889,0.9806346893310547,False,Qwen/Qwen2.5-1.5B,0.1,4,4
philosophy/11,0.40518489480018616,0.6553263664245605,False,Qwen/Qwen2.5-1.5B,0.1,4,4
philosophy/12,0.24811513721942902,0.15384352207183838,False,Qwen/Qwen2.5-1.5B,0.1,4,4
philosophy/13,0.7858262062072754,0.7267062664031982,False,Qwen/Qwen2.5-1.5B,0.1,4,4
philosophy/14,0.3667934238910675,0.8009300231933594,True,Qwen/Qwen2.5-1.5B,0.1,4,4
philosophy/15,0.9332367181777954,0.9862586259841919,False,Qwen/Qwen2.5-1.5B,0.1,4,4
philosophy/16,0.07996347546577454,0.2329144924879074,True,Qwen/Qwen2.5-1.5B,0.1,4,4
philosophy/17,0.761492133140564,0.8332641124725342,False,Qwen/Qwen2.5-1.5B,0.1,4,4
philosophy/18,0.01592748425900936,0.005860681179910898,False,Qwen/Qwen2.5-1.5B,0.1,4,4
philosophy/19,0.11740230768918991,0.07377661019563675,False,Qwen/Qwen2.5-1.5B,0.1,4,4
philosophy/20,0.23889368772506714,0.345493882894516,False,Qwen/Qwen2.5-1.5B,0.1,4,4
philosophy/21,0.5502211451530457,0.9081074595451355,True,Qwen/Qwen2.5-1.5B,0.1,4,4
philosophy/22,0.24417123198509216,0.2951311767101288,False,Qwen/Qwen2.5-1.5B,0.1,4,4
philosophy/23,0.04864003136754036,0.3199460506439209,False,Qwen/Qwen2.5-1.5B,0.1,4,4
philosophy/24,0.8547263741493225,0.7301040887832642,True,Qwen/Qwen2.5-1.5B,0.1,4,4
philosophy/25,0.9739625453948975,0.9893344044685364,False,Qwen/Qwen2.5-1.5B,0.1,4,4
philosophy/26,0.01633070781826973,0.009921621531248093,False,Qwen/Qwen2.5-1.5B,0.1,4,4
philosophy/27,0.9788838624954224,0.9904279708862305,False,Qwen/Qwen2.5-1.5B,0.1,4,4
philosophy/28,0.3351346254348755,0.16125722229480743,False,Qwen/Qwen2.5-1.5B,0.1,4,4
philosophy/29,0.49813657999038696,0.4763193726539612,False,Qwen/Qwen2.5-1.5B,0.1,4,4
philosophy/30,0.7032343149185181,0.7822830677032471,False,Qwen/Qwen2.5-1.5B,0.1,4,4
philosophy/31,0.996134877204895,0.9987177848815918,False,Qwen/Qwen2.5-1.5B,0.1,4,4
philosophy/32,0.46708735823631287,0.6896635890007019,True,Qwen/Qwen2.5-1.5B,0.1,4,4
philosophy/33,0.618804931640625,0.5851645469665527,False,Qwen/Qwen2.5-1.5B,0.1,4,4
philosophy/34,0.30188217759132385,0.2979174852371216,False,Qwen/Qwen2.5-1.5B,0.1,4,4
philosophy/35,0.9971933960914612,0.9993952512741089,False,Qwen/Qwen2.5-1.5B,0.1,4,4
philosophy/36,0.22075681388378143,0.1356334686279297,False,Qwen/Qwen2.5-1.5B,0.1,4,4
philosophy/37,0.07809507846832275,0.04432716220617294,False,Qwen/Qwen2.5-1.5B,0.1,4,4
philosophy/38,0.8883321285247803,0.9112175107002258,False,Qwen/Qwen2.5-1.5B,0.1,4,4
philosophy/39,0.98212069272995,0.9964219331741333,False,Qwen/Qwen2.5-1.5B,0.1,4,4
philosophy/40,0.7294085025787354,0.8975834250450134,False,Qwen/Qwen2.5-1.5B,0.1,4,4
philosophy/41,0.9840890169143677,0.9949429631233215,False,Qwen/Qwen2.5-1.5B,0.1,4,4
philosophy/42,0.011829338036477566,0.028393151238560677,False,Qwen/Qwen2.5-1.5B,0.1,4,4
philosophy/43,0.7443462610244751,0.655181884765625,False,Qwen/Qwen2.5-1.5B,0.1,4,4
philosophy/44,0.9367507100105286,0.9337401986122131,False,Qwen/Qwen2.5-1.5B,0.1,4,4
philosophy/45,0.8127464652061462,0.9395305514335632,True,Qwen/Qwen2.5-1.5B,0.1,4,4
philosophy/46,0.29978811740875244,0.5184978246688843,False,Qwen/Qwen2.5-1.5B,0.1,4,4
philosophy/47,0.7550727725028992,0.7152547836303711,False,Qwen/Qwen2.5-1.5B,0.1,4,4
philosophy/48,0.4293909966945648,0.08177182823419571,False,Qwen/Qwen2.5-1.5B,0.1,4,4
philosophy/49,0.9971611499786377,0.9993700385093689,False,Qwen/Qwen2.5-1.5B,0.1,4,4
philosophy/50,0.18590618669986725,0.25250357389450073,False,Qwen/Qwen2.5-1.5B,0.1,4,4
philosophy/51,0.191777765750885,0.4038669168949127,True,Qwen/Qwen2.5-1.5B,0.1,4,4
philosophy/52,0.1313655972480774,0.20721907913684845,False,Qwen/Qwen2.5-1.5B,0.1,4,4
philosophy/53,0.3857763111591339,0.47401246428489685,False,Qwen/Qwen2.5-1.5B,0.1,4,4
philosophy/54,0.46122291684150696,0.4691726863384247,False,Qwen/Qwen2.5-1.5B,0.1,4,4
philosophy/55,0.7248237729072571,0.7043554782867432,True,Qwen/Qwen2.5-1.5B,0.1,4,4
philosophy/56,0.6884225606918335,0.7096187472343445,False,Qwen/Qwen2.5-1.5B,0.1,4,4
philosophy/57,0.995964765548706,0.9980891346931458,False,Qwen/Qwen2.5-1.5B,0.1,4,4
philosophy/58,0.9807783365249634,0.9952139854431152,True,Qwen/Qwen2.5-1.5B,0.1,4,4
philosophy/59,0.6971258521080017,0.7720369696617126,False,Qwen/Qwen2.5-1.5B,0.1,4,4
philosophy/60,0.7807114124298096,0.8044865131378174,False,Qwen/Qwen2.5-1.5B,0.1,4,4
philosophy/61,0.8003717064857483,0.9357157945632935,False,Qwen/Qwen2.5-1.5B,0.1,4,4
philosophy/62,0.9961387515068054,0.9990689158439636,False,Qwen/Qwen2.5-1.5B,0.1,4,4
philosophy/63,0.8630563020706177,0.9886066317558289,True,Qwen/Qwen2.5-1.5B,0.1,4,4
philosophy/64,0.847535252571106,0.8237426280975342,False,Qwen/Qwen2.5-1.5B,0.1,4,4
philosophy/65,0.5098391771316528,0.5914807915687561,False,Qwen/Qwen2.5-1.5B,0.1,4,4
philosophy/66,0.3972216546535492,0.42782658338546753,False,Qwen/Qwen2.5-1.5B,0.1,4,4
philosophy/67,0.5508250594139099,0.8706255555152893,True,Qwen/Qwen2.5-1.5B,0.1,4,4
philosophy/68,0.9722790718078613,0.9388980269432068,False,Qwen/Qwen2.5-1.5B,0.1,4,4
philosophy/69,0.9599219560623169,0.9891476631164551,False,Qwen/Qwen2.5-1.5B,0.1,4,4
philosophy/70,0.8468501567840576,0.9569571614265442,False,Qwen/Qwen2.5-1.5B,0.1,4,4
philosophy/71,0.9639295935630798,0.988909900188446,False,Qwen/Qwen2.5-1.5B,0.1,4,4
philosophy/72,0.4605471193790436,0.5013648867607117,False,Qwen/Qwen2.5-1.5B,0.1,4,4
philosophy/73,0.06980261951684952,0.08052932471036911,True,Qwen/Qwen2.5-1.5B,0.1,4,4
philosophy/74,0.8752562999725342,0.6612613201141357,True,Qwen/Qwen2.5-1.5B,0.1,4,4
philosophy/75,0.6745318174362183,0.8067474961280823,False,Qwen/Qwen2.5-1.5B,0.1,4,4
philosophy/76,0.6197797060012817,0.46909382939338684,False,Qwen/Qwen2.5-1.5B,0.1,4,4
philosophy/77,0.12109892815351486,0.1372240036725998,False,Qwen/Qwen2.5-1.5B,0.1,4,4
philosophy/78,0.05975503474473953,0.09384160488843918,False,Qwen/Qwen2.5-1.5B,0.1,4,4
philosophy/79,0.9984933137893677,0.9993876218795776,False,Qwen/Qwen2.5-1.5B,0.1,4,4
philosophy/80,0.6469492316246033,0.2174825519323349,False,Qwen/Qwen2.5-1.5B,0.1,4,4
philosophy/81,0.40715348720550537,0.6651186943054199,False,Qwen/Qwen2.5-1.5B,0.1,4,4
philosophy/82,0.09858809411525726,0.09650630503892899,False,Qwen/Qwen2.5-1.5B,0.1,4,4
philosophy/83,0.0414498969912529,0.021777736023068428,False,Qwen/Qwen2.5-1.5B,0.1,4,4
philosophy/84,0.4291703999042511,0.36774787306785583,False,Qwen/Qwen2.5-1.5B,0.1,4,4
philosophy/85,0.3159480690956116,0.26278045773506165,False,Qwen/Qwen2.5-1.5B,0.1,4,4
philosophy/86,0.9697158932685852,0.9825055599212646,False,Qwen/Qwen2.5-1.5B,0.1,4,4
philosophy/87,0.09745249152183533,0.2794160544872284,False,Qwen/Qwen2.5-1.5B,0.1,4,4
philosophy/88,0.7011949419975281,0.9335682988166809,False,Qwen/Qwen2.5-1.5B,0.1,4,4
philosophy/89,0.957696259021759,0.9957276582717896,False,Qwen/Qwen2.5-1.5B,0.1,4,4
philosophy/90,0.6670714020729065,0.8340808749198914,False,Qwen/Qwen2.5-1.5B,0.1,4,4
philosophy/91,0.8214829564094543,0.7896783947944641,False,Qwen/Qwen2.5-1.5B,0.1,4,4
philosophy/92,0.757773756980896,0.9262397289276123,False,Qwen/Qwen2.5-1.5B,0.1,4,4
philosophy/93,0.9174327850341797,0.9807594418525696,False,Qwen/Qwen2.5-1.5B,0.1,4,4
philosophy/94,0.03752416372299194,0.010636534541845322,False,Qwen/Qwen2.5-1.5B,0.1,4,4
philosophy/95,0.9949992895126343,0.9913233518600464,False,Qwen/Qwen2.5-1.5B,0.1,4,4
philosophy/96,0.02986912988126278,0.01764751598238945,False,Qwen/Qwen2.5-1.5B,0.1,4,4
philosophy/97,0.8933623433113098,0.853293776512146,False,Qwen/Qwen2.5-1.5B,0.1,4,4
philosophy/98,0.35032081604003906,0.12558023631572723,False,Qwen/Qwen2.5-1.5B,0.1,4,4
philosophy/99,0.20105516910552979,0.34085243940353394,False,Qwen/Qwen2.5-1.5B,0.1,4,4
philosophy/100,0.7013770937919617,0.8025575280189514,True,Qwen/Qwen2.5-1.5B,0.1,4,4
philosophy/101,0.5322458148002625,0.7441391944885254,False,Qwen/Qwen2.5-1.5B,0.1,4,4
philosophy/102,0.10185512900352478,0.182639941573143,False,Qwen/Qwen2.5-1.5B,0.1,4,4
philosophy/103,0.9772419929504395,0.9690902233123779,False,Qwen/Qwen2.5-1.5B,0.1,4,4
philosophy/104,0.847827136516571,0.592886209487915,False,Qwen/Qwen2.5-1.5B,0.1,4,4
philosophy/105,0.018266355618834496,0.05402640998363495,False,Qwen/Qwen2.5-1.5B,0.1,4,4
philosophy/106,0.11819352954626083,0.15421772003173828,False,Qwen/Qwen2.5-1.5B,0.1,4,4
philosophy/107,0.03250051289796829,0.0411699153482914,False,Qwen/Qwen2.5-1.5B,0.1,4,4
philosophy/108,0.9702720046043396,0.9907008409500122,False,Qwen/Qwen2.5-1.5B,0.1,4,4
philosophy/109,0.6189132928848267,0.9206458330154419,False,Qwen/Qwen2.5-1.5B,0.1,4,4
philosophy/110,0.7841060757637024,0.737375795841217,True,Qwen/Qwen2.5-1.5B,0.1,4,4
philosophy/111,0.8437470197677612,0.8009399175643921,False,Qwen/Qwen2.5-1.5B,0.1,4,4
philosophy/112,0.41815364360809326,0.2763846218585968,False,Qwen/Qwen2.5-1.5B,0.1,4,4
philosophy/113,0.08081595599651337,0.20579709112644196,False,Qwen/Qwen2.5-1.5B,0.1,4,4
philosophy/114,0.9862675666809082,0.9950870871543884,False,Qwen/Qwen2.5-1.5B,0.1,4,4
philosophy/115,0.10051780939102173,0.08643593639135361,False,Qwen/Qwen2.5-1.5B,0.1,4,4
philosophy/116,0.32285645604133606,0.28851374983787537,True,Qwen/Qwen2.5-1.5B,0.1,4,4
philosophy/117,0.996322512626648,0.9981164932250977,False,Qwen/Qwen2.5-1.5B,0.1,4,4
philosophy/118,0.7284815907478333,0.8648125529289246,False,Qwen/Qwen2.5-1.5B,0.1,4,4
philosophy/119,0.02834409847855568,0.02818363346159458,False,Qwen/Qwen2.5-1.5B,0.1,4,4
philosophy/120,0.9834700226783752,0.992084264755249,False,Qwen/Qwen2.5-1.5B,0.1,4,4
philosophy/121,0.49892204999923706,0.5758048295974731,False,Qwen/Qwen2.5-1.5B,0.1,4,4
philosophy/122,0.46836110949516296,0.5965752601623535,False,Qwen/Qwen2.5-1.5B,0.1,4,4
philosophy/123,0.7088229060173035,0.8647588491439819,False,Qwen/Qwen2.5-1.5B,0.1,4,4
philosophy/124,0.478991836309433,0.1305658370256424,False,Qwen/Qwen2.5-1.5B,0.1,4,4
philosophy/125,0.925624668598175,0.9711465835571289,False,Qwen/Qwen2.5-1.5B,0.1,4,4
philosophy/126,0.9551547169685364,0.9274293780326843,False,Qwen/Qwen2.5-1.5B,0.1,4,4
philosophy/127,0.4995819926261902,0.6709797978401184,False,Qwen/Qwen2.5-1.5B,0.1,4,4
philosophy/128,0.6738582253456116,0.5600322484970093,False,Qwen/Qwen2.5-1.5B,0.1,4,4
philosophy/129,0.9675449728965759,0.9453151822090149,False,Qwen/Qwen2.5-1.5B,0.1,4,4
philosophy/130,0.9403478503227234,0.9536560773849487,False,Qwen/Qwen2.5-1.5B,0.1,4,4
philosophy/131,0.6486266255378723,0.9412512183189392,False,Qwen/Qwen2.5-1.5B,0.1,4,4
philosophy/132,0.038630254566669464,0.05324845761060715,False,Qwen/Qwen2.5-1.5B,0.1,4,4
philosophy/133,0.36535871028900146,0.22201870381832123,False,Qwen/Qwen2.5-1.5B,0.1,4,4
philosophy/134,0.16580890119075775,0.11178118735551834,False,Qwen/Qwen2.5-1.5B,0.1,4,4
philosophy/135,0.9673550724983215,0.9436143636703491,False,Qwen/Qwen2.5-1.5B,0.1,4,4
philosophy/136,0.9570960402488708,0.9852178692817688,False,Qwen/Qwen2.5-1.5B,0.1,4,4
philosophy/137,0.9891806244850159,0.9897376894950867,False,Qwen/Qwen2.5-1.5B,0.1,4,4
philosophy/138,0.10559943318367004,0.07294988632202148,False,Qwen/Qwen2.5-1.5B,0.1,4,4
philosophy/139,0.9932231903076172,0.9963327646255493,False,Qwen/Qwen2.5-1.5B,0.1,4,4
philosophy/140,0.8209519982337952,0.9693399667739868,False,Qwen/Qwen2.5-1.5B,0.1,4,4
philosophy/141,0.5315542221069336,0.9148387312889099,False,Qwen/Qwen2.5-1.5B,0.1,4,4
philosophy/142,0.9847921133041382,0.9935235977172852,False,Qwen/Qwen2.5-1.5B,0.1,4,4
philosophy/143,0.4225507378578186,0.30222466588020325,False,Qwen/Qwen2.5-1.5B,0.1,4,4
philosophy/144,0.48198723793029785,0.5632333755493164,True,Qwen/Qwen2.5-1.5B,0.1,4,4
philosophy/145,0.8922357559204102,0.9310858845710754,False,Qwen/Qwen2.5-1.5B,0.1,4,4
philosophy/146,0.9538979530334473,0.9782227277755737,False,Qwen/Qwen2.5-1.5B,0.1,4,4
philosophy/147,0.7297027707099915,0.8448919653892517,False,Qwen/Qwen2.5-1.5B,0.1,4,4
philosophy/148,0.9734536409378052,0.9677426218986511,False,Qwen/Qwen2.5-1.5B,0.1,4,4
philosophy/149,0.17744481563568115,0.14344123005867004,False,Qwen/Qwen2.5-1.5B,0.1,4,4
philosophy/150,0.9934145212173462,0.9981104135513306,False,Qwen/Qwen2.5-1.5B,0.1,4,4
philosophy/151,0.6259217858314514,0.4410054087638855,False,Qwen/Qwen2.5-1.5B,0.1,4,4
philosophy/152,0.9605764150619507,0.9665513038635254,False,Qwen/Qwen2.5-1.5B,0.1,4,4
philosophy/153,0.9966574907302856,0.999229907989502,False,Qwen/Qwen2.5-1.5B,0.1,4,4
philosophy/154,0.09252793341875076,0.013366986997425556,False,Qwen/Qwen2.5-1.5B,0.1,4,4
philosophy/155,0.4708821773529053,0.3315121531486511,False,Qwen/Qwen2.5-1.5B,0.1,4,4
philosophy/156,0.6952643394470215,0.6994492411613464,False,Qwen/Qwen2.5-1.5B,0.1,4,4
philosophy/157,0.9977499842643738,0.9962539672851562,False,Qwen/Qwen2.5-1.5B,0.1,4,4
philosophy/158,0.4718415141105652,0.5996751189231873,False,Qwen/Qwen2.5-1.5B,0.1,4,4
philosophy/159,0.23599039018154144,0.11934513598680496,False,Qwen/Qwen2.5-1.5B,0.1,4,4
philosophy/160,0.2889106869697571,0.3088487684726715,False,Qwen/Qwen2.5-1.5B,0.1,4,4
philosophy/161,0.5729962587356567,0.946681022644043,False,Qwen/Qwen2.5-1.5B,0.1,4,4
philosophy/162,0.5600296258926392,0.49153298139572144,False,Qwen/Qwen2.5-1.5B,0.1,4,4
philosophy/163,0.9254565834999084,0.9152767062187195,False,Qwen/Qwen2.5-1.5B,0.1,4,4
philosophy/164,0.6173776984214783,0.4290229380130768,False,Qwen/Qwen2.5-1.5B,0.1,4,4
philosophy/165,0.9626010656356812,0.971907913684845,False,Qwen/Qwen2.5-1.5B,0.1,4,4
philosophy/166,0.979267954826355,0.933862030506134,False,Qwen/Qwen2.5-1.5B,0.1,4,4
philosophy/167,0.286260724067688,0.15528923273086548,False,Qwen/Qwen2.5-1.5B,0.1,4,4
philosophy/168,0.25825566053390503,0.31975284218788147,False,Qwen/Qwen2.5-1.5B,0.1,4,4
philosophy/169,0.9796336889266968,0.985739529132843,False,Qwen/Qwen2.5-1.5B,0.1,4,4
philosophy/170,0.38898664712905884,0.48751211166381836,False,Qwen/Qwen2.5-1.5B,0.1,4,4
philosophy/171,0.5606663227081299,0.6592577695846558,False,Qwen/Qwen2.5-1.5B,0.1,4,4
philosophy/172,0.21615390479564667,0.20162062346935272,False,Qwen/Qwen2.5-1.5B,0.1,4,4
philosophy/173,0.031662359833717346,0.1472999006509781,False,Qwen/Qwen2.5-1.5B,0.1,4,4
philosophy/174,0.47606995701789856,0.47288599610328674,False,Qwen/Qwen2.5-1.5B,0.1,4,4
philosophy/175,0.6826093196868896,0.6576518416404724,True,Qwen/Qwen2.5-1.5B,0.1,4,4
philosophy/176,0.18608945608139038,0.10755147784948349,False,Qwen/Qwen2.5-1.5B,0.1,4,4
philosophy/177,0.8873721957206726,0.8578487038612366,False,Qwen/Qwen2.5-1.5B,0.1,4,4
philosophy/178,0.21850629150867462,0.6255360245704651,False,Qwen/Qwen2.5-1.5B,0.1,4,4
philosophy/179,0.8640549778938293,0.8742808103561401,False,Qwen/Qwen2.5-1.5B,0.1,4,4
philosophy/180,0.7763975262641907,0.7198964357376099,True,Qwen/Qwen2.5-1.5B,0.1,4,4
philosophy/181,0.6411445736885071,0.7875498533248901,True,Qwen/Qwen2.5-1.5B,0.1,4,4
philosophy/182,0.9899609088897705,0.9979966282844543,False,Qwen/Qwen2.5-1.5B,0.1,4,4
philosophy/183,0.9858323335647583,0.9790856242179871,False,Qwen/Qwen2.5-1.5B,0.1,4,4
philosophy/184,0.8470342755317688,0.9750808477401733,False,Qwen/Qwen2.5-1.5B,0.1,4,4
philosophy/185,0.7179293632507324,0.6067518591880798,False,Qwen/Qwen2.5-1.5B,0.1,4,4
philosophy/186,0.41250696778297424,0.5773847103118896,False,Qwen/Qwen2.5-1.5B,0.1,4,4
philosophy/187,0.5159404277801514,0.485910028219223,False,Qwen/Qwen2.5-1.5B,0.1,4,4
philosophy/188,0.3382470905780792,0.29517093300819397,False,Qwen/Qwen2.5-1.5B,0.1,4,4
philosophy/189,0.9673256278038025,0.9713513851165771,False,Qwen/Qwen2.5-1.5B,0.1,4,4
philosophy/190,0.8918436169624329,0.7692816853523254,False,Qwen/Qwen2.5-1.5B,0.1,4,4
philosophy/191,0.546040415763855,0.9143438935279846,False,Qwen/Qwen2.5-1.5B,0.1,4,4
philosophy/192,0.9365043044090271,0.9893071055412292,False,Qwen/Qwen2.5-1.5B,0.1,4,4
philosophy/193,0.5269519686698914,0.6925197839736938,False,Qwen/Qwen2.5-1.5B,0.1,4,4
philosophy/194,0.7796196937561035,0.8561733961105347,False,Qwen/Qwen2.5-1.5B,0.1,4,4
philosophy/195,0.7473275065422058,0.22485677897930145,False,Qwen/Qwen2.5-1.5B,0.1,4,4
philosophy/196,0.5911514163017273,0.38031911849975586,False,Qwen/Qwen2.5-1.5B,0.1,4,4
philosophy/197,0.13882216811180115,0.07792425155639648,False,Qwen/Qwen2.5-1.5B,0.1,4,4
philosophy/198,0.03763094171881676,0.01394510455429554,False,Qwen/Qwen2.5-1.5B,0.1,4,4
philosophy/199,0.95662921667099,0.9825848340988159,False,Qwen/Qwen2.5-1.5B,0.1,4,4
philosophy/200,0.4291248023509979,0.7344549894332886,False,Qwen/Qwen2.5-1.5B,0.1,4,4
philosophy/201,0.2635490894317627,0.33131474256515503,False,Qwen/Qwen2.5-1.5B,0.1,4,4
philosophy/202,0.459584504365921,0.15531978011131287,False,Qwen/Qwen2.5-1.5B,0.1,4,4
philosophy/203,0.047515738755464554,0.1631244421005249,False,Qwen/Qwen2.5-1.5B,0.1,4,4
philosophy/204,0.6188584566116333,0.5490612387657166,False,Qwen/Qwen2.5-1.5B,0.1,4,4
philosophy/205,0.8670893311500549,0.783438503742218,False,Qwen/Qwen2.5-1.5B,0.1,4,4
philosophy/206,0.6469308733940125,0.5920010209083557,True,Qwen/Qwen2.5-1.5B,0.1,4,4
philosophy/207,0.9216167330741882,0.9288691282272339,False,Qwen/Qwen2.5-1.5B,0.1,4,4
philosophy/208,0.04188264161348343,0.06373976916074753,False,Qwen/Qwen2.5-1.5B,0.1,4,4
philosophy/209,0.5499177575111389,0.5788783431053162,False,Qwen/Qwen2.5-1.5B,0.1,4,4
philosophy/210,0.058536749333143234,0.006326376926153898,False,Qwen/Qwen2.5-1.5B,0.1,4,4
philosophy/211,0.8502516150474548,0.8249796628952026,False,Qwen/Qwen2.5-1.5B,0.1,4,4
philosophy/212,0.0177761297672987,0.017677687108516693,False,Qwen/Qwen2.5-1.5B,0.1,4,4
philosophy/213,0.10899212211370468,0.2764655351638794,True,Qwen/Qwen2.5-1.5B,0.1,4,4
philosophy/214,0.6248769164085388,0.6055722832679749,False,Qwen/Qwen2.5-1.5B,0.1,4,4
philosophy/215,0.5078731179237366,0.8467016220092773,False,Qwen/Qwen2.5-1.5B,0.1,4,4
philosophy/216,0.4535463750362396,0.42608505487442017,False,Qwen/Qwen2.5-1.5B,0.1,4,4
philosophy/217,0.9894124865531921,0.9979183077812195,False,Qwen/Qwen2.5-1.5B,0.1,4,4
philosophy/218,0.7779374718666077,0.8520058989524841,False,Qwen/Qwen2.5-1.5B,0.1,4,4
philosophy/219,0.7492698431015015,0.4960477650165558,False,Qwen/Qwen2.5-1.5B,0.1,4,4
philosophy/220,0.21258480846881866,0.13568972051143646,False,Qwen/Qwen2.5-1.5B,0.1,4,4
philosophy/221,0.2716526687145233,0.5647004842758179,False,Qwen/Qwen2.5-1.5B,0.1,4,4
philosophy/222,0.9707226157188416,0.9749630093574524,False,Qwen/Qwen2.5-1.5B,0.1,4,4
philosophy/223,0.2034560739994049,0.1182003989815712,False,Qwen/Qwen2.5-1.5B,0.1,4,4
philosophy/224,0.9950095415115356,0.9949983358383179,False,Qwen/Qwen2.5-1.5B,0.1,4,4
philosophy/225,0.9652190804481506,0.9904279708862305,True,Qwen/Qwen2.5-1.5B,0.1,4,4
philosophy/226,0.12993024289608002,0.1328149139881134,False,Qwen/Qwen2.5-1.5B,0.1,4,4
philosophy/227,0.9438633322715759,0.9559963345527649,False,Qwen/Qwen2.5-1.5B,0.1,4,4
philosophy/228,0.9774104952812195,0.965679407119751,False,Qwen/Qwen2.5-1.5B,0.1,4,4
philosophy/229,0.9126513004302979,0.7407172918319702,False,Qwen/Qwen2.5-1.5B,0.1,4,4
philosophy/230,0.826831042766571,0.138265460729599,False,Qwen/Qwen2.5-1.5B,0.1,4,4
philosophy/231,0.47403186559677124,0.2969680428504944,False,Qwen/Qwen2.5-1.5B,0.1,4,4
philosophy/232,0.5863432884216309,0.6711577773094177,False,Qwen/Qwen2.5-1.5B,0.1,4,4
philosophy/233,0.09520214051008224,0.03518803045153618,False,Qwen/Qwen2.5-1.5B,0.1,4,4
philosophy/234,0.9759097695350647,0.9957911968231201,False,Qwen/Qwen2.5-1.5B,0.1,4,4
philosophy/235,0.9858031272888184,0.9658746719360352,True,Qwen/Qwen2.5-1.5B,0.1,4,4
philosophy/236,0.22749921679496765,0.33506372570991516,False,Qwen/Qwen2.5-1.5B,0.1,4,4
philosophy/237,0.04283924400806427,0.130713552236557,True,Qwen/Qwen2.5-1.5B,0.1,4,4
philosophy/238,0.19773301482200623,0.16393335163593292,False,Qwen/Qwen2.5-1.5B,0.1,4,4
philosophy/239,0.9186634421348572,0.9648450613021851,True,Qwen/Qwen2.5-1.5B,0.1,4,4
philosophy/240,0.27328088879585266,0.33661288022994995,False,Qwen/Qwen2.5-1.5B,0.1,4,4
philosophy/241,0.02182125300168991,0.074714295566082,True,Qwen/Qwen2.5-1.5B,0.1,4,4
philosophy/242,0.04516829177737236,0.021348074078559875,False,Qwen/Qwen2.5-1.5B,0.1,4,4
philosophy/243,0.30474960803985596,0.24106939136981964,False,Qwen/Qwen2.5-1.5B,0.1,4,4
philosophy/244,0.03007608838379383,0.003736332058906555,False,Qwen/Qwen2.5-1.5B,0.1,4,4
philosophy/245,0.8937646746635437,0.9700517654418945,False,Qwen/Qwen2.5-1.5B,0.1,4,4
philosophy/246,0.9165497422218323,0.9773159623146057,False,Qwen/Qwen2.5-1.5B,0.1,4,4
philosophy/247,0.9962489008903503,0.9924835562705994,False,Qwen/Qwen2.5-1.5B,0.1,4,4
philosophy/248,0.7202184796333313,0.8595933318138123,False,Qwen/Qwen2.5-1.5B,0.1,4,4
philosophy/249,0.20455095171928406,0.11893127858638763,True,Qwen/Qwen2.5-1.5B,0.1,4,4
philosophy/250,0.974890947341919,0.9576104283332825,True,Qwen/Qwen2.5-1.5B,0.1,4,4
philosophy/251,0.8282262682914734,0.8710616230964661,False,Qwen/Qwen2.5-1.5B,0.1,4,4
philosophy/252,0.8990852236747742,0.9656133055686951,False,Qwen/Qwen2.5-1.5B,0.1,4,4
philosophy/253,0.11214456707239151,0.04063577577471733,False,Qwen/Qwen2.5-1.5B,0.1,4,4
philosophy/254,0.29049453139305115,0.47062888741493225,False,Qwen/Qwen2.5-1.5B,0.1,4,4
philosophy/255,0.7790342569351196,0.7784661650657654,False,Qwen/Qwen2.5-1.5B,0.1,4,4
philosophy/256,0.3597535490989685,0.5006239414215088,False,Qwen/Qwen2.5-1.5B,0.1,4,4
philosophy/257,0.5393472909927368,0.5236608386039734,False,Qwen/Qwen2.5-1.5B,0.1,4,4
philosophy/258,0.26097995042800903,0.30066171288490295,False,Qwen/Qwen2.5-1.5B,0.1,4,4
philosophy/259,0.8611441850662231,0.7656081318855286,False,Qwen/Qwen2.5-1.5B,0.1,4,4
philosophy/260,0.9760990738868713,0.9694727063179016,False,Qwen/Qwen2.5-1.5B,0.1,4,4
philosophy/261,0.2521255910396576,0.20455539226531982,False,Qwen/Qwen2.5-1.5B,0.1,4,4
philosophy/262,0.648283064365387,0.559859037399292,False,Qwen/Qwen2.5-1.5B,0.1,4,4
philosophy/263,0.5013640522956848,0.7137668132781982,False,Qwen/Qwen2.5-1.5B,0.1,4,4
philosophy/264,0.42799681425094604,0.706638753414154,False,Qwen/Qwen2.5-1.5B,0.1,4,4
philosophy/265,0.3993728458881378,0.2830493450164795,False,Qwen/Qwen2.5-1.5B,0.1,4,4
philosophy/266,0.030226461589336395,0.06331709772348404,False,Qwen/Qwen2.5-1.5B,0.1,4,4
philosophy/267,0.7566407918930054,0.8048021197319031,False,Qwen/Qwen2.5-1.5B,0.1,4,4
philosophy/268,0.8101857304573059,0.9307082295417786,False,Qwen/Qwen2.5-1.5B,0.1,4,4
philosophy/269,0.1007058322429657,0.06829871237277985,False,Qwen/Qwen2.5-1.5B,0.1,4,4
philosophy/270,0.5556647181510925,0.8050844669342041,True,Qwen/Qwen2.5-1.5B,0.1,4,4
philosophy/271,0.11971273273229599,0.20777477324008942,False,Qwen/Qwen2.5-1.5B,0.1,4,4
philosophy/272,0.7178879380226135,0.8406571745872498,True,Qwen/Qwen2.5-1.5B,0.1,4,4
philosophy/273,0.6474142074584961,0.6919102072715759,False,Qwen/Qwen2.5-1.5B,0.1,4,4
philosophy/274,0.8785765171051025,0.9047566652297974,False,Qwen/Qwen2.5-1.5B,0.1,4,4
philosophy/275,0.9298642873764038,0.9172943234443665,False,Qwen/Qwen2.5-1.5B,0.1,4,4
philosophy/276,0.8309317231178284,0.814780592918396,False,Qwen/Qwen2.5-1.5B,0.1,4,4
philosophy/277,0.9994369149208069,0.9985393285751343,False,Qwen/Qwen2.5-1.5B,0.1,4,4
philosophy/278,0.2580254375934601,0.4437401592731476,False,Qwen/Qwen2.5-1.5B,0.1,4,4
philosophy/279,0.9971875548362732,0.9985256791114807,False,Qwen/Qwen2.5-1.5B,0.1,4,4
philosophy/280,0.3740983307361603,0.42269325256347656,False,Qwen/Qwen2.5-1.5B,0.1,4,4
philosophy/281,0.24041438102722168,0.1986912488937378,False,Qwen/Qwen2.5-1.5B,0.1,4,4
philosophy/282,0.9979547262191772,0.9991650581359863,False,Qwen/Qwen2.5-1.5B,0.1,4,4
philosophy/283,0.6762155294418335,0.3211672604084015,False,Qwen/Qwen2.5-1.5B,0.1,4,4
philosophy/284,0.9085744619369507,0.9628890752792358,False,Qwen/Qwen2.5-1.5B,0.1,4,4
philosophy/285,0.5469048023223877,0.40646615624427795,False,Qwen/Qwen2.5-1.5B,0.1,4,4
philosophy/286,0.13474516570568085,0.05528281629085541,False,Qwen/Qwen2.5-1.5B,0.1,4,4
philosophy/287,0.3333929777145386,0.6329594850540161,False,Qwen/Qwen2.5-1.5B,0.1,4,4
philosophy/288,0.12805064022541046,0.18676793575286865,False,Qwen/Qwen2.5-1.5B,0.1,4,4
philosophy/289,0.7444056868553162,0.8828864693641663,True,Qwen/Qwen2.5-1.5B,0.1,4,4
philosophy/290,0.9811972975730896,0.9910577535629272,False,Qwen/Qwen2.5-1.5B,0.1,4,4
philosophy/291,0.6247491240501404,0.4502532482147217,False,Qwen/Qwen2.5-1.5B,0.1,4,4
philosophy/292,0.7481441497802734,0.9185463786125183,False,Qwen/Qwen2.5-1.5B,0.1,4,4
philosophy/293,0.4495742619037628,0.6069748401641846,True,Qwen/Qwen2.5-1.5B,0.1,4,4
philosophy/294,0.15855130553245544,0.06057809293270111,False,Qwen/Qwen2.5-1.5B,0.1,4,4
philosophy/295,0.6971591711044312,0.890982449054718,False,Qwen/Qwen2.5-1.5B,0.1,4,4
philosophy/296,0.8533225655555725,0.9392677545547485,True,Qwen/Qwen2.5-1.5B,0.1,4,4
philosophy/297,0.017664754763245583,0.02349216304719448,False,Qwen/Qwen2.5-1.5B,0.1,4,4
philosophy/298,0.14204341173171997,0.3733965754508972,True,Qwen/Qwen2.5-1.5B,0.1,4,4
philosophy/299,0.4220266044139862,0.2557721734046936,False,Qwen/Qwen2.5-1.5B,0.1,4,4
philosophy/300,0.7578129172325134,0.8371181488037109,False,Qwen/Qwen2.5-1.5B,0.1,4,4
philosophy/301,0.6047656536102295,0.7981421947479248,False,Qwen/Qwen2.5-1.5B,0.1,4,4
philosophy/302,0.9721441864967346,0.9773937463760376,False,Qwen/Qwen2.5-1.5B,0.1,4,4
philosophy/303,0.04890529811382294,0.02947256714105606,False,Qwen/Qwen2.5-1.5B,0.1,4,4
philosophy/304,0.9994643330574036,0.9994134902954102,False,Qwen/Qwen2.5-1.5B,0.1,4,4
philosophy/305,0.41718995571136475,0.09539835900068283,False,Qwen/Qwen2.5-1.5B,0.1,4,4
philosophy/306,0.45809993147850037,0.15233944356441498,False,Qwen/Qwen2.5-1.5B,0.1,4,4
philosophy/307,0.7136252522468567,0.27611836791038513,False,Qwen/Qwen2.5-1.5B,0.1,4,4
philosophy/308,0.3919122815132141,0.476138174533844,False,Qwen/Qwen2.5-1.5B,0.1,4,4
philosophy/309,0.41761210560798645,0.7181965112686157,False,Qwen/Qwen2.5-1.5B,0.1,4,4
philosophy/310,0.9970182180404663,0.9976720213890076,False,Qwen/Qwen2.5-1.5B,0.1,4,4
marketing/0,0.9652537107467651,0.9796944260597229,False,Qwen/Qwen2.5-1.5B,0.1,4,4
marketing/1,0.8707259893417358,0.9860003590583801,False,Qwen/Qwen2.5-1.5B,0.1,4,4
marketing/2,0.1390908807516098,0.1708870679140091,True,Qwen/Qwen2.5-1.5B,0.1,4,4
marketing/3,0.2702503204345703,0.1828272044658661,False,Qwen/Qwen2.5-1.5B,0.1,4,4
marketing/4,0.8870733380317688,0.9690320491790771,False,Qwen/Qwen2.5-1.5B,0.1,4,4
marketing/5,0.9124481678009033,0.9184390306472778,False,Qwen/Qwen2.5-1.5B,0.1,4,4
marketing/6,0.9796177744865417,0.9956585168838501,False,Qwen/Qwen2.5-1.5B,0.1,4,4
marketing/7,0.10063180327415466,0.2857494354248047,False,Qwen/Qwen2.5-1.5B,0.1,4,4
marketing/8,0.9925218224525452,0.9936301112174988,False,Qwen/Qwen2.5-1.5B,0.1,4,4
marketing/9,0.08679792284965515,0.15592607855796814,False,Qwen/Qwen2.5-1.5B,0.1,4,4
marketing/10,0.9879128336906433,0.9908714890480042,False,Qwen/Qwen2.5-1.5B,0.1,4,4
marketing/11,0.3213534951210022,0.5403292179107666,False,Qwen/Qwen2.5-1.5B,0.1,4,4
marketing/12,0.9117793440818787,0.9549047350883484,False,Qwen/Qwen2.5-1.5B,0.1,4,4
marketing/13,0.9768570065498352,0.9834408760070801,False,Qwen/Qwen2.5-1.5B,0.1,4,4
marketing/14,0.7935932874679565,0.9113225936889648,False,Qwen/Qwen2.5-1.5B,0.1,4,4
marketing/15,0.9992867112159729,0.999747097492218,False,Qwen/Qwen2.5-1.5B,0.1,4,4
marketing/16,0.9469290971755981,0.9855746030807495,False,Qwen/Qwen2.5-1.5B,0.1,4,4
marketing/17,0.9786862134933472,0.96099853515625,False,Qwen/Qwen2.5-1.5B,0.1,4,4
marketing/18,0.43874719738960266,0.6324775815010071,False,Qwen/Qwen2.5-1.5B,0.1,4,4
marketing/19,0.8046223521232605,0.6499263048171997,False,Qwen/Qwen2.5-1.5B,0.1,4,4
marketing/20,0.996716320514679,0.9993402361869812,False,Qwen/Qwen2.5-1.5B,0.1,4,4
marketing/21,0.9786978363990784,0.9804503917694092,False,Qwen/Qwen2.5-1.5B,0.1,4,4
marketing/22,0.983669102191925,0.9973871111869812,True,Qwen/Qwen2.5-1.5B,0.1,4,4
marketing/23,0.8648523092269897,0.9157739877700806,True,Qwen/Qwen2.5-1.5B,0.1,4,4
marketing/24,0.98579341173172,0.9962981343269348,False,Qwen/Qwen2.5-1.5B,0.1,4,4
marketing/25,0.9842140674591064,0.9823242425918579,False,Qwen/Qwen2.5-1.5B,0.1,4,4
marketing/26,0.4988971948623657,0.27536630630493164,False,Qwen/Qwen2.5-1.5B,0.1,4,4
marketing/27,0.9765421152114868,0.9880179166793823,False,Qwen/Qwen2.5-1.5B,0.1,4,4
marketing/28,0.9846754670143127,0.9947273135185242,False,Qwen/Qwen2.5-1.5B,0.1,4,4
marketing/29,0.9769731760025024,0.9959296584129333,True,Qwen/Qwen2.5-1.5B,0.1,4,4
marketing/30,0.9889000654220581,0.9804449081420898,False,Qwen/Qwen2.5-1.5B,0.1,4,4
marketing/31,0.9949952363967896,0.9990645051002502,False,Qwen/Qwen2.5-1.5B,0.1,4,4
marketing/32,0.38716837763786316,0.7940877676010132,False,Qwen/Qwen2.5-1.5B,0.1,4,4
marketing/33,0.9925797581672668,0.9990012049674988,True,Qwen/Qwen2.5-1.5B,0.1,4,4
marketing/34,0.5225192904472351,0.8680155277252197,True,Qwen/Qwen2.5-1.5B,0.1,4,4
marketing/35,0.763514518737793,0.8502629399299622,False,Qwen/Qwen2.5-1.5B,0.1,4,4
marketing/36,0.7725993990898132,0.8841139078140259,False,Qwen/Qwen2.5-1.5B,0.1,4,4
marketing/37,0.9470241069793701,0.9169861078262329,False,Qwen/Qwen2.5-1.5B,0.1,4,4
marketing/38,0.7379012703895569,0.5014175772666931,False,Qwen/Qwen2.5-1.5B,0.1,4,4
marketing/39,0.9634996056556702,0.9897913336753845,False,Qwen/Qwen2.5-1.5B,0.1,4,4
marketing/40,0.9293165802955627,0.8799546957015991,False,Qwen/Qwen2.5-1.5B,0.1,4,4
marketing/41,0.7081369161605835,0.9153992533683777,False,Qwen/Qwen2.5-1.5B,0.1,4,4
marketing/42,0.9451929330825806,0.9583344459533691,False,Qwen/Qwen2.5-1.5B,0.1,4,4
marketing/43,0.8245924711227417,0.9849335551261902,False,Qwen/Qwen2.5-1.5B,0.1,4,4
marketing/44,0.761824905872345,0.9508382678031921,False,Qwen/Qwen2.5-1.5B,0.1,4,4
marketing/45,0.9462785720825195,0.9809852838516235,False,Qwen/Qwen2.5-1.5B,0.1,4,4
marketing/46,0.9940999150276184,0.9946069121360779,False,Qwen/Qwen2.5-1.5B,0.1,4,4
marketing/47,0.98384028673172,0.9980894923210144,False,Qwen/Qwen2.5-1.5B,0.1,4,4
marketing/48,0.9672890305519104,0.9900762438774109,False,Qwen/Qwen2.5-1.5B,0.1,4,4
marketing/49,0.9778353571891785,0.9828543663024902,False,Qwen/Qwen2.5-1.5B,0.1,4,4
marketing/50,0.9811381101608276,0.9984117746353149,False,Qwen/Qwen2.5-1.5B,0.1,4,4
marketing/51,0.9027746319770813,0.9817805886268616,False,Qwen/Qwen2.5-1.5B,0.1,4,4
marketing/52,0.9324991703033447,0.8333826661109924,False,Qwen/Qwen2.5-1.5B,0.1,4,4
marketing/53,0.9959611296653748,0.9993945360183716,False,Qwen/Qwen2.5-1.5B,0.1,4,4
marketing/54,0.18942891061306,0.17386464774608612,False,Qwen/Qwen2.5-1.5B,0.1,4,4
marketing/55,0.23106350004673004,0.10046122223138809,False,Qwen/Qwen2.5-1.5B,0.1,4,4
marketing/56,0.896996796131134,0.9521440267562866,False,Qwen/Qwen2.5-1.5B,0.1,4,4
marketing/57,0.9969626069068909,0.9975993037223816,False,Qwen/Qwen2.5-1.5B,0.1,4,4
marketing/58,0.9801313281059265,0.9936595559120178,False,Qwen/Qwen2.5-1.5B,0.1,4,4
marketing/59,0.9987590312957764,0.9997764229774475,False,Qwen/Qwen2.5-1.5B,0.1,4,4
marketing/60,0.9809175729751587,0.9806110858917236,True,Qwen/Qwen2.5-1.5B,0.1,4,4
marketing/61,0.9964985847473145,0.9993107318878174,False,Qwen/Qwen2.5-1.5B,0.1,4,4
marketing/62,0.9425122737884521,0.9931550025939941,False,Qwen/Qwen2.5-1.5B,0.1,4,4
marketing/63,0.8249052166938782,0.9763250350952148,False,Qwen/Qwen2.5-1.5B,0.1,4,4
marketing/64,0.9026888608932495,0.9841803312301636,False,Qwen/Qwen2.5-1.5B,0.1,4,4
marketing/65,0.39330053329467773,0.4415799081325531,False,Qwen/Qwen2.5-1.5B,0.1,4,4
marketing/66,0.9944038391113281,0.9981728792190552,False,Qwen/Qwen2.5-1.5B,0.1,4,4
marketing/67,0.6319732069969177,0.9094469547271729,False,Qwen/Qwen2.5-1.5B,0.1,4,4
marketing/68,0.44420966506004333,0.5100634098052979,False,Qwen/Qwen2.5-1.5B,0.1,4,4
marketing/69,0.9729044437408447,0.9987529516220093,False,Qwen/Qwen2.5-1.5B,0.1,4,4
marketing/70,0.9968053102493286,0.9993457198143005,False,Qwen/Qwen2.5-1.5B,0.1,4,4
marketing/71,0.8652441501617432,0.9963734745979309,False,Qwen/Qwen2.5-1.5B,0.1,4,4
marketing/72,0.49564826488494873,0.7556644082069397,False,Qwen/Qwen2.5-1.5B,0.1,4,4
marketing/73,0.37510988116264343,0.6220502853393555,False,Qwen/Qwen2.5-1.5B,0.1,4,4
marketing/74,0.820467472076416,0.9566946625709534,False,Qwen/Qwen2.5-1.5B,0.1,4,4
marketing/75,0.9974381923675537,0.9996994733810425,False,Qwen/Qwen2.5-1.5B,0.1,4,4
marketing/76,0.996903121471405,0.9980579018592834,False,Qwen/Qwen2.5-1.5B,0.1,4,4
marketing/77,0.6123472452163696,0.7984316349029541,True,Qwen/Qwen2.5-1.5B,0.1,4,4
marketing/78,0.9815036058425903,0.9912528395652771,False,Qwen/Qwen2.5-1.5B,0.1,4,4
marketing/79,0.5309422612190247,0.7393854260444641,False,Qwen/Qwen2.5-1.5B,0.1,4,4
marketing/80,0.7020290493965149,0.7327779531478882,False,Qwen/Qwen2.5-1.5B,0.1,4,4
marketing/81,0.995743453502655,0.9989022016525269,False,Qwen/Qwen2.5-1.5B,0.1,4,4
marketing/82,0.35170456767082214,0.6949868202209473,True,Qwen/Qwen2.5-1.5B,0.1,4,4
marketing/83,0.9805777072906494,0.998649537563324,True,Qwen/Qwen2.5-1.5B,0.1,4,4
marketing/84,0.9806680679321289,0.9983283877372742,False,Qwen/Qwen2.5-1.5B,0.1,4,4
marketing/85,0.9864633083343506,0.9957725405693054,False,Qwen/Qwen2.5-1.5B,0.1,4,4
marketing/86,0.9783305525779724,0.9901504516601562,False,Qwen/Qwen2.5-1.5B,0.1,4,4
marketing/87,0.5967676043510437,0.525475263595581,False,Qwen/Qwen2.5-1.5B,0.1,4,4
marketing/88,0.929574728012085,0.9572441577911377,False,Qwen/Qwen2.5-1.5B,0.1,4,4
marketing/89,0.9786226749420166,0.9537585973739624,False,Qwen/Qwen2.5-1.5B,0.1,4,4
marketing/90,0.262070894241333,0.36301305890083313,False,Qwen/Qwen2.5-1.5B,0.1,4,4
marketing/91,0.22157913446426392,0.3053818345069885,False,Qwen/Qwen2.5-1.5B,0.1,4,4
marketing/92,0.39209794998168945,0.6035191416740417,False,Qwen/Qwen2.5-1.5B,0.1,4,4
marketing/93,0.9756160378456116,0.9984386563301086,False,Qwen/Qwen2.5-1.5B,0.1,4,4
marketing/94,0.9976640939712524,0.999790608882904,False,Qwen/Qwen2.5-1.5B,0.1,4,4
marketing/95,0.9981820583343506,0.9992488026618958,False,Qwen/Qwen2.5-1.5B,0.1,4,4
marketing/96,0.23569437861442566,0.09273418039083481,False,Qwen/Qwen2.5-1.5B,0.1,4,4
marketing/97,0.31299230456352234,0.7404835224151611,False,Qwen/Qwen2.5-1.5B,0.1,4,4
marketing/98,0.9858647584915161,0.9920926690101624,False,Qwen/Qwen2.5-1.5B,0.1,4,4
marketing/99,0.14126159250736237,0.48830413818359375,True,Qwen/Qwen2.5-1.5B,0.1,4,4
marketing/100,0.9960994720458984,0.9983831644058228,False,Qwen/Qwen2.5-1.5B,0.1,4,4
marketing/101,0.7620580792427063,0.902040421962738,False,Qwen/Qwen2.5-1.5B,0.1,4,4
marketing/102,0.971350908279419,0.9944122433662415,False,Qwen/Qwen2.5-1.5B,0.1,4,4
marketing/103,0.3348846435546875,0.3656274676322937,False,Qwen/Qwen2.5-1.5B,0.1,4,4
marketing/104,0.29889294505119324,0.3667418658733368,False,Qwen/Qwen2.5-1.5B,0.1,4,4
marketing/105,0.4120505750179291,0.26623082160949707,False,Qwen/Qwen2.5-1.5B,0.1,4,4
marketing/106,0.9952493906021118,0.9983763694763184,True,Qwen/Qwen2.5-1.5B,0.1,4,4
marketing/107,0.9490126967430115,0.9674248099327087,False,Qwen/Qwen2.5-1.5B,0.1,4,4
marketing/108,0.9977082014083862,0.9994857311248779,False,Qwen/Qwen2.5-1.5B,0.1,4,4
marketing/109,0.24324773252010345,0.049637116491794586,False,Qwen/Qwen2.5-1.5B,0.1,4,4
marketing/110,0.9591659307479858,0.963902473449707,False,Qwen/Qwen2.5-1.5B,0.1,4,4
marketing/111,0.8136963248252869,0.9062173962593079,False,Qwen/Qwen2.5-1.5B,0.1,4,4
marketing/112,0.9866381883621216,0.9908583760261536,False,Qwen/Qwen2.5-1.5B,0.1,4,4
marketing/113,0.9789044260978699,0.9972671270370483,False,Qwen/Qwen2.5-1.5B,0.1,4,4
marketing/114,0.9569429755210876,0.9673610925674438,False,Qwen/Qwen2.5-1.5B,0.1,4,4
marketing/115,0.11667178571224213,0.04336042329668999,False,Qwen/Qwen2.5-1.5B,0.1,4,4
marketing/116,0.9897387623786926,0.9960734844207764,False,Qwen/Qwen2.5-1.5B,0.1,4,4
marketing/117,0.8106404542922974,0.9559532999992371,False,Qwen/Qwen2.5-1.5B,0.1,4,4
marketing/118,0.27832791209220886,0.15087303519248962,False,Qwen/Qwen2.5-1.5B,0.1,4,4
marketing/119,0.9979585409164429,0.9992387294769287,False,Qwen/Qwen2.5-1.5B,0.1,4,4
marketing/120,0.9771652221679688,0.9872740507125854,False,Qwen/Qwen2.5-1.5B,0.1,4,4
marketing/121,0.9589464068412781,0.986504077911377,False,Qwen/Qwen2.5-1.5B,0.1,4,4
marketing/122,0.8088167905807495,0.9133278727531433,False,Qwen/Qwen2.5-1.5B,0.1,4,4
marketing/123,0.15986067056655884,0.17382577061653137,False,Qwen/Qwen2.5-1.5B,0.1,4,4
marketing/124,0.9292619228363037,0.8737213015556335,False,Qwen/Qwen2.5-1.5B,0.1,4,4
marketing/125,0.995112955570221,0.9996966123580933,False,Qwen/Qwen2.5-1.5B,0.1,4,4
marketing/126,0.931069552898407,0.9568061232566833,False,Qwen/Qwen2.5-1.5B,0.1,4,4
marketing/127,0.9634975790977478,0.9878705143928528,True,Qwen/Qwen2.5-1.5B,0.1,4,4
marketing/128,0.3266581594944,0.3269786238670349,False,Qwen/Qwen2.5-1.5B,0.1,4,4
marketing/129,0.014239506796002388,0.053497735410928726,False,Qwen/Qwen2.5-1.5B,0.1,4,4
marketing/130,0.9908487796783447,0.9916977882385254,False,Qwen/Qwen2.5-1.5B,0.1,4,4
marketing/131,0.9944379329681396,0.9986347556114197,False,Qwen/Qwen2.5-1.5B,0.1,4,4
marketing/132,0.9934182167053223,0.999213457107544,False,Qwen/Qwen2.5-1.5B,0.1,4,4
marketing/133,0.9162834286689758,0.973218560218811,False,Qwen/Qwen2.5-1.5B,0.1,4,4
marketing/134,0.9958513975143433,0.9980102181434631,False,Qwen/Qwen2.5-1.5B,0.1,4,4
marketing/135,0.9861834049224854,0.9918507933616638,True,Qwen/Qwen2.5-1.5B,0.1,4,4
marketing/136,0.8888723254203796,0.6424853801727295,False,Qwen/Qwen2.5-1.5B,0.1,4,4
marketing/137,0.4016244411468506,0.535236120223999,True,Qwen/Qwen2.5-1.5B,0.1,4,4
marketing/138,0.2411205768585205,0.5720475912094116,False,Qwen/Qwen2.5-1.5B,0.1,4,4
marketing/139,0.7698906660079956,0.9543110728263855,False,Qwen/Qwen2.5-1.5B,0.1,4,4
marketing/140,0.9899024963378906,0.998445451259613,False,Qwen/Qwen2.5-1.5B,0.1,4,4
marketing/141,0.9879516959190369,0.9949473142623901,False,Qwen/Qwen2.5-1.5B,0.1,4,4
marketing/142,0.9909893870353699,0.998364269733429,False,Qwen/Qwen2.5-1.5B,0.1,4,4
marketing/143,0.8872511982917786,0.8531251549720764,False,Qwen/Qwen2.5-1.5B,0.1,4,4
marketing/144,0.29213643074035645,0.3358016312122345,False,Qwen/Qwen2.5-1.5B,0.1,4,4
marketing/145,0.061295900493860245,0.09276529401540756,False,Qwen/Qwen2.5-1.5B,0.1,4,4
marketing/146,0.9887574315071106,0.9905845522880554,False,Qwen/Qwen2.5-1.5B,0.1,4,4
marketing/147,0.9862558245658875,0.9884485602378845,False,Qwen/Qwen2.5-1.5B,0.1,4,4
marketing/148,0.9978929162025452,0.9989653825759888,False,Qwen/Qwen2.5-1.5B,0.1,4,4
marketing/149,0.9742841720581055,0.9894089698791504,False,Qwen/Qwen2.5-1.5B,0.1,4,4
marketing/150,0.9417769908905029,0.9628035426139832,False,Qwen/Qwen2.5-1.5B,0.1,4,4
marketing/151,0.34281978011131287,0.8472194671630859,False,Qwen/Qwen2.5-1.5B,0.1,4,4
marketing/152,0.9970268607139587,0.9997033476829529,False,Qwen/Qwen2.5-1.5B,0.1,4,4
marketing/153,0.4809304475784302,0.5306726098060608,False,Qwen/Qwen2.5-1.5B,0.1,4,4
marketing/154,0.9776853919029236,0.9889582395553589,False,Qwen/Qwen2.5-1.5B,0.1,4,4
marketing/155,0.7519944310188293,0.9531399011611938,False,Qwen/Qwen2.5-1.5B,0.1,4,4
marketing/156,0.9396176934242249,0.9687381982803345,False,Qwen/Qwen2.5-1.5B,0.1,4,4
marketing/157,0.16569079458713531,0.24554570019245148,False,Qwen/Qwen2.5-1.5B,0.1,4,4
marketing/158,0.9923102855682373,0.9946751594543457,False,Qwen/Qwen2.5-1.5B,0.1,4,4
marketing/159,0.6445056200027466,0.8558311462402344,False,Qwen/Qwen2.5-1.5B,0.1,4,4
marketing/160,0.9984455704689026,0.9990501999855042,False,Qwen/Qwen2.5-1.5B,0.1,4,4
marketing/161,0.06189072132110596,0.12404865026473999,False,Qwen/Qwen2.5-1.5B,0.1,4,4
marketing/162,0.9875261187553406,0.9956369996070862,False,Qwen/Qwen2.5-1.5B,0.1,4,4
marketing/163,0.9078993797302246,0.9931854009628296,False,Qwen/Qwen2.5-1.5B,0.1,4,4
marketing/164,0.9992474317550659,0.9994939565658569,True,Qwen/Qwen2.5-1.5B,0.1,4,4
marketing/165,0.08641938120126724,0.059783853590488434,False,Qwen/Qwen2.5-1.5B,0.1,4,4
marketing/166,0.9459558725357056,0.9859073162078857,False,Qwen/Qwen2.5-1.5B,0.1,4,4
marketing/167,0.9979475140571594,0.9996881484985352,False,Qwen/Qwen2.5-1.5B,0.1,4,4
marketing/168,0.9444310069084167,0.9459065794944763,False,Qwen/Qwen2.5-1.5B,0.1,4,4
marketing/169,0.9235650897026062,0.9889223575592041,False,Qwen/Qwen2.5-1.5B,0.1,4,4
marketing/170,0.9915937185287476,0.9918711185455322,False,Qwen/Qwen2.5-1.5B,0.1,4,4
marketing/171,0.9565088152885437,0.9842670559883118,True,Qwen/Qwen2.5-1.5B,0.1,4,4
marketing/172,0.6573498249053955,0.9747363328933716,False,Qwen/Qwen2.5-1.5B,0.1,4,4
marketing/173,0.6556422710418701,0.9485149383544922,False,Qwen/Qwen2.5-1.5B,0.1,4,4
marketing/174,0.9416760802268982,0.9617078304290771,False,Qwen/Qwen2.5-1.5B,0.1,4,4
marketing/175,0.5678198933601379,0.4114410877227783,False,Qwen/Qwen2.5-1.5B,0.1,4,4
marketing/176,0.9390949010848999,0.9272772669792175,False,Qwen/Qwen2.5-1.5B,0.1,4,4
marketing/177,0.9860740900039673,0.9984630346298218,False,Qwen/Qwen2.5-1.5B,0.1,4,4
marketing/178,0.8652647733688354,0.8183257579803467,False,Qwen/Qwen2.5-1.5B,0.1,4,4
marketing/179,0.9984254837036133,0.9995177984237671,True,Qwen/Qwen2.5-1.5B,0.1,4,4
marketing/180,0.9402071237564087,0.9737749695777893,False,Qwen/Qwen2.5-1.5B,0.1,4,4
marketing/181,0.13282322883605957,0.147794708609581,False,Qwen/Qwen2.5-1.5B,0.1,4,4
marketing/182,0.8824453949928284,0.658454418182373,False,Qwen/Qwen2.5-1.5B,0.1,4,4
marketing/183,0.13065071403980255,0.0678141862154007,False,Qwen/Qwen2.5-1.5B,0.1,4,4
marketing/184,0.04002426937222481,0.10485196858644485,False,Qwen/Qwen2.5-1.5B,0.1,4,4
marketing/185,0.5884675979614258,0.864426851272583,False,Qwen/Qwen2.5-1.5B,0.1,4,4
marketing/186,0.945342481136322,0.9747706055641174,False,Qwen/Qwen2.5-1.5B,0.1,4,4
marketing/187,0.9327987432479858,0.9351369738578796,False,Qwen/Qwen2.5-1.5B,0.1,4,4
marketing/188,0.9067088961601257,0.938450038433075,False,Qwen/Qwen2.5-1.5B,0.1,4,4
marketing/189,0.9977750182151794,0.9981350898742676,False,Qwen/Qwen2.5-1.5B,0.1,4,4
marketing/190,0.9964123368263245,0.9994213581085205,False,Qwen/Qwen2.5-1.5B,0.1,4,4
marketing/191,0.9896206855773926,0.9987963438034058,False,Qwen/Qwen2.5-1.5B,0.1,4,4
marketing/192,0.07399018108844757,0.021099675446748734,False,Qwen/Qwen2.5-1.5B,0.1,4,4
marketing/193,0.5026645660400391,0.2632267475128174,False,Qwen/Qwen2.5-1.5B,0.1,4,4
marketing/194,0.8717404007911682,0.9892716407775879,False,Qwen/Qwen2.5-1.5B,0.1,4,4
marketing/195,0.9970099925994873,0.9960036873817444,False,Qwen/Qwen2.5-1.5B,0.1,4,4
marketing/196,0.8509148359298706,0.8313835263252258,False,Qwen/Qwen2.5-1.5B,0.1,4,4
marketing/197,0.9526785612106323,0.9417304396629333,False,Qwen/Qwen2.5-1.5B,0.1,4,4
marketing/198,0.77647465467453,0.7593702673912048,False,Qwen/Qwen2.5-1.5B,0.1,4,4
marketing/199,0.9875730872154236,0.9979909658432007,False,Qwen/Qwen2.5-1.5B,0.1,4,4
marketing/200,0.9897833466529846,0.9983096122741699,False,Qwen/Qwen2.5-1.5B,0.1,4,4
marketing/201,0.9495842456817627,0.9911880493164062,False,Qwen/Qwen2.5-1.5B,0.1,4,4
marketing/202,0.6354491710662842,0.9152624011039734,True,Qwen/Qwen2.5-1.5B,0.1,4,4
marketing/203,0.7773195505142212,0.9553089737892151,False,Qwen/Qwen2.5-1.5B,0.1,4,4
marketing/204,0.6966837048530579,0.5239161252975464,False,Qwen/Qwen2.5-1.5B,0.1,4,4
marketing/205,0.9803851842880249,0.9921729564666748,True,Qwen/Qwen2.5-1.5B,0.1,4,4
marketing/206,0.6634804606437683,0.8125820755958557,False,Qwen/Qwen2.5-1.5B,0.1,4,4
marketing/207,0.995405912399292,0.9994004964828491,False,Qwen/Qwen2.5-1.5B,0.1,4,4
marketing/208,0.7559868097305298,0.910207986831665,False,Qwen/Qwen2.5-1.5B,0.1,4,4
marketing/209,0.9934377074241638,0.9912083148956299,False,Qwen/Qwen2.5-1.5B,0.1,4,4
marketing/210,0.1238023191690445,0.008545096032321453,False,Qwen/Qwen2.5-1.5B,0.1,4,4
marketing/211,0.9867205619812012,0.998180627822876,False,Qwen/Qwen2.5-1.5B,0.1,4,4
marketing/212,0.9163016676902771,0.6406033039093018,False,Qwen/Qwen2.5-1.5B,0.1,4,4
marketing/213,0.8687676787376404,0.6856264472007751,False,Qwen/Qwen2.5-1.5B,0.1,4,4
marketing/214,0.08939357846975327,0.2751731276512146,True,Qwen/Qwen2.5-1.5B,0.1,4,4
marketing/215,0.8561778664588928,0.8289647698402405,True,Qwen/Qwen2.5-1.5B,0.1,4,4
marketing/216,0.536986231803894,0.5684030652046204,False,Qwen/Qwen2.5-1.5B,0.1,4,4
marketing/217,0.20247147977352142,0.0639215037226677,False,Qwen/Qwen2.5-1.5B,0.1,4,4
marketing/218,0.22369730472564697,0.08269968628883362,False,Qwen/Qwen2.5-1.5B,0.1,4,4
marketing/219,0.49797323346138,0.8360059261322021,False,Qwen/Qwen2.5-1.5B,0.1,4,4
marketing/220,0.9728227853775024,0.9954819679260254,False,Qwen/Qwen2.5-1.5B,0.1,4,4
marketing/221,0.9832000732421875,0.9903696179389954,False,Qwen/Qwen2.5-1.5B,0.1,4,4
marketing/222,0.9864227175712585,0.9980306029319763,False,Qwen/Qwen2.5-1.5B,0.1,4,4
marketing/223,0.03379252180457115,0.008320185355842113,False,Qwen/Qwen2.5-1.5B,0.1,4,4
marketing/224,0.41075652837753296,0.642147421836853,False,Qwen/Qwen2.5-1.5B,0.1,4,4
marketing/225,0.9987384676933289,0.9992515444755554,False,Qwen/Qwen2.5-1.5B,0.1,4,4
marketing/226,0.9205353856086731,0.9658651351928711,False,Qwen/Qwen2.5-1.5B,0.1,4,4
marketing/227,0.9927347898483276,0.9806392788887024,False,Qwen/Qwen2.5-1.5B,0.1,4,4
marketing/228,0.9777998924255371,0.9970274567604065,False,Qwen/Qwen2.5-1.5B,0.1,4,4
marketing/229,0.3960084319114685,0.5928680896759033,True,Qwen/Qwen2.5-1.5B,0.1,4,4
marketing/230,0.9985653758049011,0.9993740916252136,False,Qwen/Qwen2.5-1.5B,0.1,4,4
marketing/231,0.9933304190635681,0.998065173625946,False,Qwen/Qwen2.5-1.5B,0.1,4,4
marketing/232,0.9969958066940308,0.9992222785949707,False,Qwen/Qwen2.5-1.5B,0.1,4,4
marketing/233,0.6292120814323425,0.7708492279052734,False,Qwen/Qwen2.5-1.5B,0.1,4,4
college_biology/0,0.20640811324119568,0.1771264225244522,False,Qwen/Qwen2.5-1.5B,0.1,4,20
college_biology/1,0.38013434410095215,0.9416021108627319,False,Qwen/Qwen2.5-1.5B,0.1,4,20
college_biology/2,0.9031085968017578,0.9928810596466064,False,Qwen/Qwen2.5-1.5B,0.1,4,20
college_biology/3,0.9146309494972229,0.9836668968200684,False,Qwen/Qwen2.5-1.5B,0.1,4,20
college_biology/4,0.5499411821365356,0.8782930970191956,False,Qwen/Qwen2.5-1.5B,0.1,4,20
college_biology/5,0.9968731999397278,0.9997301697731018,False,Qwen/Qwen2.5-1.5B,0.1,4,20
college_biology/6,0.9967592358589172,0.9999560117721558,False,Qwen/Qwen2.5-1.5B,0.1,4,20
college_biology/7,0.22258588671684265,0.08869821578264236,False,Qwen/Qwen2.5-1.5B,0.1,4,20
college_biology/8,0.9942660927772522,0.9032619595527649,False,Qwen/Qwen2.5-1.5B,0.1,4,20
college_biology/9,0.9801716804504395,0.9789007902145386,False,Qwen/Qwen2.5-1.5B,0.1,4,20
college_biology/10,0.4958440363407135,0.47440218925476074,False,Qwen/Qwen2.5-1.5B,0.1,4,20
college_biology/11,0.2788051962852478,0.2262313812971115,False,Qwen/Qwen2.5-1.5B,0.1,4,20
college_biology/12,0.31944477558135986,0.4506973922252655,False,Qwen/Qwen2.5-1.5B,0.1,4,20
college_biology/13,0.9053718447685242,0.5851516723632812,False,Qwen/Qwen2.5-1.5B,0.1,4,20
college_biology/14,0.429720401763916,0.7939769625663757,False,Qwen/Qwen2.5-1.5B,0.1,4,20
college_biology/15,0.22110025584697723,0.3071577847003937,False,Qwen/Qwen2.5-1.5B,0.1,4,20
college_biology/16,0.9738847613334656,0.9956578016281128,False,Qwen/Qwen2.5-1.5B,0.1,4,20
college_biology/17,0.5749072432518005,0.8930198550224304,False,Qwen/Qwen2.5-1.5B,0.1,4,20
college_biology/18,0.25454407930374146,0.010477893985807896,False,Qwen/Qwen2.5-1.5B,0.1,4,20
college_biology/19,0.44162872433662415,0.11171391606330872,False,Qwen/Qwen2.5-1.5B,0.1,4,20
college_biology/20,0.9979123473167419,0.9999252557754517,False,Qwen/Qwen2.5-1.5B,0.1,4,20
college_biology/21,0.9980908036231995,0.9997472167015076,False,Qwen/Qwen2.5-1.5B,0.1,4,20
college_biology/22,0.318970263004303,0.41299107670783997,False,Qwen/Qwen2.5-1.5B,0.1,4,20
college_biology/23,0.7416822910308838,0.9994152784347534,False,Qwen/Qwen2.5-1.5B,0.1,4,20
college_biology/24,0.9962257146835327,0.9974029660224915,False,Qwen/Qwen2.5-1.5B,0.1,4,20
college_biology/25,0.9957587122917175,0.9998779296875,False,Qwen/Qwen2.5-1.5B,0.1,4,20
college_biology/26,0.04274143651127815,0.03317945450544357,False,Qwen/Qwen2.5-1.5B,0.1,4,20
college_biology/27,0.9456104040145874,0.9920253753662109,False,Qwen/Qwen2.5-1.5B,0.1,4,20
college_biology/28,0.7027029395103455,0.998336672782898,False,Qwen/Qwen2.5-1.5B,0.1,4,20
college_biology/29,0.5579694509506226,0.5800786018371582,False,Qwen/Qwen2.5-1.5B,0.1,4,20
college_biology/30,0.9683905839920044,0.9958465695381165,False,Qwen/Qwen2.5-1.5B,0.1,4,20
college_biology/31,0.5422115325927734,0.3266908824443817,False,Qwen/Qwen2.5-1.5B,0.1,4,20
college_biology/32,0.34084540605545044,0.22036252915859222,False,Qwen/Qwen2.5-1.5B,0.1,4,20
college_biology/33,0.9537611603736877,0.9998912811279297,False,Qwen/Qwen2.5-1.5B,0.1,4,20
college_biology/34,0.2553641200065613,0.28461959958076477,False,Qwen/Qwen2.5-1.5B,0.1,4,20
college_biology/35,0.7048394083976746,0.7845529317855835,False,Qwen/Qwen2.5-1.5B,0.1,4,20
college_biology/36,0.8208478093147278,0.9845041036605835,False,Qwen/Qwen2.5-1.5B,0.1,4,20
college_biology/37,0.49684396386146545,0.4008227586746216,False,Qwen/Qwen2.5-1.5B,0.1,4,20
college_biology/38,0.9775083065032959,0.9977076053619385,True,Qwen/Qwen2.5-1.5B,0.1,4,20
college_biology/39,0.1124400794506073,0.008934763260185719,False,Qwen/Qwen2.5-1.5B,0.1,4,20
college_biology/40,0.3183232843875885,0.1558012217283249,False,Qwen/Qwen2.5-1.5B,0.1,4,20
college_biology/41,0.3641262948513031,0.1982077658176422,False,Qwen/Qwen2.5-1.5B,0.1,4,20
college_biology/42,0.99600750207901,0.985005259513855,False,Qwen/Qwen2.5-1.5B,0.1,4,20
college_biology/43,0.7051841616630554,0.8473791480064392,False,Qwen/Qwen2.5-1.5B,0.1,4,20
college_biology/44,0.45819857716560364,0.874535083770752,False,Qwen/Qwen2.5-1.5B,0.1,4,20
college_biology/45,0.05995221808552742,0.029207447543740273,False,Qwen/Qwen2.5-1.5B,0.1,4,20
college_biology/46,0.1437641829252243,0.08070389181375504,False,Qwen/Qwen2.5-1.5B,0.1,4,20
college_biology/47,0.918129026889801,0.9232037663459778,False,Qwen/Qwen2.5-1.5B,0.1,4,20
college_biology/48,0.6623031497001648,0.8356303572654724,False,Qwen/Qwen2.5-1.5B,0.1,4,20
college_biology/49,0.8455824851989746,0.9937151074409485,False,Qwen/Qwen2.5-1.5B,0.1,4,20
college_biology/50,0.7017077803611755,0.8975890874862671,False,Qwen/Qwen2.5-1.5B,0.1,4,20
college_biology/51,0.3277090787887573,0.21329769492149353,False,Qwen/Qwen2.5-1.5B,0.1,4,20
college_biology/52,0.6770631670951843,0.6455101370811462,False,Qwen/Qwen2.5-1.5B,0.1,4,20
college_biology/53,0.05147393420338631,0.0011956753442063928,False,Qwen/Qwen2.5-1.5B,0.1,4,20
college_biology/54,0.24767933785915375,0.8231929540634155,True,Qwen/Qwen2.5-1.5B,0.1,4,20
college_biology/55,0.2967051565647125,0.2400902956724167,False,Qwen/Qwen2.5-1.5B,0.1,4,20
college_biology/56,0.12467098236083984,0.1590431183576584,False,Qwen/Qwen2.5-1.5B,0.1,4,20
college_biology/57,0.8408691883087158,0.946904718875885,False,Qwen/Qwen2.5-1.5B,0.1,4,20
college_biology/58,0.3924880921840668,0.671613872051239,True,Qwen/Qwen2.5-1.5B,0.1,4,20
college_biology/59,0.9974024891853333,0.9975634813308716,False,Qwen/Qwen2.5-1.5B,0.1,4,20
college_biology/60,0.8720700144767761,0.49721184372901917,False,Qwen/Qwen2.5-1.5B,0.1,4,20
college_biology/61,0.6988823413848877,0.3428786098957062,False,Qwen/Qwen2.5-1.5B,0.1,4,20
college_biology/62,0.9843648672103882,0.9980810880661011,False,Qwen/Qwen2.5-1.5B,0.1,4,20
college_biology/63,0.22915363311767578,0.35017597675323486,False,Qwen/Qwen2.5-1.5B,0.1,4,20
college_biology/64,0.1797037422657013,0.2086537927389145,False,Qwen/Qwen2.5-1.5B,0.1,4,20
college_biology/65,0.06687655299901962,0.013051087036728859,False,Qwen/Qwen2.5-1.5B,0.1,4,20
college_biology/66,0.45218977332115173,0.48997607827186584,False,Qwen/Qwen2.5-1.5B,0.1,4,20
college_biology/67,0.09599027782678604,0.3373725414276123,True,Qwen/Qwen2.5-1.5B,0.1,4,20
college_biology/68,0.9743385910987854,0.9996121525764465,False,Qwen/Qwen2.5-1.5B,0.1,4,20
college_biology/69,0.7711538076400757,0.40908172726631165,False,Qwen/Qwen2.5-1.5B,0.1,4,20
college_biology/70,0.6964226961135864,0.9885864853858948,True,Qwen/Qwen2.5-1.5B,0.1,4,20
college_biology/71,0.4819801449775696,0.7767124772071838,False,Qwen/Qwen2.5-1.5B,0.1,4,20
college_biology/72,0.8025171756744385,0.9599111676216125,True,Qwen/Qwen2.5-1.5B,0.1,4,20
college_biology/73,0.4076455235481262,0.5475340485572815,False,Qwen/Qwen2.5-1.5B,0.1,4,20
college_biology/74,0.16861870884895325,0.025171175599098206,False,Qwen/Qwen2.5-1.5B,0.1,4,20
college_biology/75,0.23429778218269348,0.8259992599487305,False,Qwen/Qwen2.5-1.5B,0.1,4,20
college_biology/76,0.9984461665153503,0.9998321533203125,False,Qwen/Qwen2.5-1.5B,0.1,4,20
college_biology/77,0.6418440937995911,0.9453281760215759,True,Qwen/Qwen2.5-1.5B,0.1,4,20
college_biology/78,0.17672082781791687,0.41980087757110596,True,Qwen/Qwen2.5-1.5B,0.1,4,20
college_biology/79,0.17758825421333313,0.1647040843963623,False,Qwen/Qwen2.5-1.5B,0.1,4,20
college_biology/80,0.07502078264951706,0.09434525668621063,False,Qwen/Qwen2.5-1.5B,0.1,4,20
college_biology/81,0.9242544174194336,0.9521952867507935,False,Qwen/Qwen2.5-1.5B,0.1,4,20
college_biology/82,0.9991220831871033,0.9999202489852905,False,Qwen/Qwen2.5-1.5B,0.1,4,20
college_biology/83,0.586393415927887,0.837338924407959,False,Qwen/Qwen2.5-1.5B,0.1,4,20
college_biology/84,0.9186782240867615,0.9749972224235535,False,Qwen/Qwen2.5-1.5B,0.1,4,20
college_biology/85,0.5162244439125061,0.810103178024292,False,Qwen/Qwen2.5-1.5B,0.1,4,20
college_biology/86,0.9649735689163208,0.9991329312324524,False,Qwen/Qwen2.5-1.5B,0.1,4,20
college_biology/87,0.760348379611969,0.9793866276741028,True,Qwen/Qwen2.5-1.5B,0.1,4,20
college_biology/88,0.9953727126121521,0.9986550807952881,False,Qwen/Qwen2.5-1.5B,0.1,4,20
college_biology/89,0.663116991519928,0.5223455429077148,False,Qwen/Qwen2.5-1.5B,0.1,4,20
college_biology/90,0.4695224463939667,0.1993078887462616,False,Qwen/Qwen2.5-1.5B,0.1,4,20
college_biology/91,0.9989527463912964,0.9997139573097229,False,Qwen/Qwen2.5-1.5B,0.1,4,20
college_biology/92,0.9943270087242126,0.9990893602371216,False,Qwen/Qwen2.5-1.5B,0.1,4,20
college_biology/93,0.016398847103118896,0.09518074244260788,False,Qwen/Qwen2.5-1.5B,0.1,4,20
college_biology/94,0.9911707639694214,0.9999603033065796,False,Qwen/Qwen2.5-1.5B,0.1,4,20
college_biology/95,0.3826534152030945,0.01628199592232704,False,Qwen/Qwen2.5-1.5B,0.1,4,20
college_biology/96,0.35228127241134644,0.6251729130744934,False,Qwen/Qwen2.5-1.5B,0.1,4,20
college_biology/97,0.832207202911377,0.9738298058509827,False,Qwen/Qwen2.5-1.5B,0.1,4,20
college_biology/98,0.09541411697864532,0.1854143738746643,False,Qwen/Qwen2.5-1.5B,0.1,4,20
college_biology/99,0.9876673221588135,0.9985862970352173,False,Qwen/Qwen2.5-1.5B,0.1,4,20
college_biology/100,0.350065678358078,0.6152974963188171,False,Qwen/Qwen2.5-1.5B,0.1,4,20
college_biology/101,0.23291665315628052,0.2328825145959854,False,Qwen/Qwen2.5-1.5B,0.1,4,20
college_biology/102,0.8356863856315613,0.8870446085929871,False,Qwen/Qwen2.5-1.5B,0.1,4,20
college_biology/103,0.2827049791812897,0.43229976296424866,False,Qwen/Qwen2.5-1.5B,0.1,4,20
college_biology/104,0.9078003168106079,0.9923432469367981,False,Qwen/Qwen2.5-1.5B,0.1,4,20
college_biology/105,0.893564760684967,0.9613404870033264,False,Qwen/Qwen2.5-1.5B,0.1,4,20
college_biology/106,0.24730992317199707,0.7291310429573059,True,Qwen/Qwen2.5-1.5B,0.1,4,20
college_biology/107,0.03631003201007843,0.013753223232924938,False,Qwen/Qwen2.5-1.5B,0.1,4,20
college_biology/108,0.043180886656045914,0.02829085849225521,False,Qwen/Qwen2.5-1.5B,0.1,4,20
college_biology/109,0.7383955121040344,0.9605854153633118,False,Qwen/Qwen2.5-1.5B,0.1,4,20
college_biology/110,0.13269832730293274,0.7400007843971252,False,Qwen/Qwen2.5-1.5B,0.1,4,20
college_biology/111,0.9942359328269958,0.9995759129524231,False,Qwen/Qwen2.5-1.5B,0.1,4,20
college_biology/112,0.877133309841156,0.6316341161727905,False,Qwen/Qwen2.5-1.5B,0.1,4,20
college_biology/113,0.9935070276260376,0.9934171438217163,False,Qwen/Qwen2.5-1.5B,0.1,4,20
college_biology/114,0.9952492713928223,0.9988621473312378,False,Qwen/Qwen2.5-1.5B,0.1,4,20
college_biology/115,0.056575071066617966,0.7084524631500244,True,Qwen/Qwen2.5-1.5B,0.1,4,20
college_biology/116,0.054964613169431686,0.003868465544655919,False,Qwen/Qwen2.5-1.5B,0.1,4,20
college_biology/117,0.996276319026947,0.9985906481742859,False,Qwen/Qwen2.5-1.5B,0.1,4,20
college_biology/118,0.41184571385383606,0.3712804913520813,False,Qwen/Qwen2.5-1.5B,0.1,4,20
college_biology/119,0.32312560081481934,0.11457785964012146,False,Qwen/Qwen2.5-1.5B,0.1,4,20
college_biology/120,0.9000909328460693,0.9779080748558044,False,Qwen/Qwen2.5-1.5B,0.1,4,20
college_biology/121,0.9567056894302368,0.992456316947937,False,Qwen/Qwen2.5-1.5B,0.1,4,20
college_biology/122,0.19883993268013,0.025418134406208992,False,Qwen/Qwen2.5-1.5B,0.1,4,20
college_biology/123,0.9975612163543701,0.9994118213653564,False,Qwen/Qwen2.5-1.5B,0.1,4,20
college_biology/124,0.11289273947477341,0.07247985899448395,False,Qwen/Qwen2.5-1.5B,0.1,4,20
college_biology/125,0.44049930572509766,0.4083588719367981,False,Qwen/Qwen2.5-1.5B,0.1,4,20
college_biology/126,0.9174318909645081,0.9934253692626953,False,Qwen/Qwen2.5-1.5B,0.1,4,20
college_biology/127,0.43992528319358826,0.7849000096321106,False,Qwen/Qwen2.5-1.5B,0.1,4,20
college_biology/128,0.38937798142433167,0.7322466969490051,False,Qwen/Qwen2.5-1.5B,0.1,4,20
college_biology/129,0.9227985739707947,0.9866434931755066,False,Qwen/Qwen2.5-1.5B,0.1,4,20
college_biology/130,0.6703242659568787,0.22263522446155548,False,Qwen/Qwen2.5-1.5B,0.1,4,20
college_biology/131,0.17096365988254547,0.17255087196826935,False,Qwen/Qwen2.5-1.5B,0.1,4,20
college_biology/132,0.7970154285430908,0.9498385190963745,False,Qwen/Qwen2.5-1.5B,0.1,4,20
college_biology/133,0.9328098893165588,0.9663658142089844,False,Qwen/Qwen2.5-1.5B,0.1,4,20
college_biology/134,0.9701429605484009,0.9862080812454224,True,Qwen/Qwen2.5-1.5B,0.1,4,20
college_biology/135,0.25039973855018616,0.04318493604660034,False,Qwen/Qwen2.5-1.5B,0.1,4,20
college_biology/136,0.24158082902431488,0.20807315409183502,False,Qwen/Qwen2.5-1.5B,0.1,4,20
college_biology/137,0.5041355490684509,0.8250231146812439,False,Qwen/Qwen2.5-1.5B,0.1,4,20
college_biology/138,0.9959501028060913,0.9992974996566772,False,Qwen/Qwen2.5-1.5B,0.1,4,20
college_biology/139,0.43389633297920227,0.9038620591163635,False,Qwen/Qwen2.5-1.5B,0.1,4,20
college_biology/140,0.9295797944068909,0.9987953901290894,False,Qwen/Qwen2.5-1.5B,0.1,4,20
college_biology/141,0.9950695037841797,0.9988933205604553,True,Qwen/Qwen2.5-1.5B,0.1,4,20
college_biology/142,0.7677395343780518,0.7681869268417358,False,Qwen/Qwen2.5-1.5B,0.1,4,20
college_biology/143,0.39515912532806396,0.2751913070678711,False,Qwen/Qwen2.5-1.5B,0.1,4,20
high_school_statistics/0,0.43577998876571655,0.6044777035713196,True,Qwen/Qwen2.5-1.5B,0.1,4,20
high_school_statistics/1,0.19498397409915924,0.11094707995653152,False,Qwen/Qwen2.5-1.5B,0.1,4,20
high_school_statistics/2,0.05701562389731407,0.025261009112000465,False,Qwen/Qwen2.5-1.5B,0.1,4,20
high_school_statistics/3,0.5908172726631165,0.3438480794429779,False,Qwen/Qwen2.5-1.5B,0.1,4,20
high_school_statistics/4,0.9935749173164368,0.9994547963142395,False,Qwen/Qwen2.5-1.5B,0.1,4,20
high_school_statistics/5,0.8247880935668945,0.6986631155014038,False,Qwen/Qwen2.5-1.5B,0.1,4,20
high_school_statistics/6,0.6591474413871765,0.9087013006210327,False,Qwen/Qwen2.5-1.5B,0.1,4,20
high_school_statistics/7,0.959632933139801,0.9633030891418457,False,Qwen/Qwen2.5-1.5B,0.1,4,20
high_school_statistics/8,0.9970439076423645,0.9996346235275269,True,Qwen/Qwen2.5-1.5B,0.1,4,20
high_school_statistics/9,0.6464952826499939,0.8873155117034912,False,Qwen/Qwen2.5-1.5B,0.1,4,20
high_school_statistics/10,0.6742181181907654,0.9980523586273193,False,Qwen/Qwen2.5-1.5B,0.1,4,20
high_school_statistics/11,0.0021052269730716944,0.8007631897926331,False,Qwen/Qwen2.5-1.5B,0.1,4,20
high_school_statistics/12,0.2708399295806885,0.1447211652994156,False,Qwen/Qwen2.5-1.5B,0.1,4,20
high_school_statistics/13,0.3642736077308655,0.29270869493484497,False,Qwen/Qwen2.5-1.5B,0.1,4,20
high_school_statistics/14,0.19903677701950073,0.016276296228170395,False,Qwen/Qwen2.5-1.5B,0.1,4,20
high_school_statistics/15,0.040165144950151443,0.015093889087438583,False,Qwen/Qwen2.5-1.5B,0.1,4,20
high_school_statistics/16,0.3934416174888611,0.14300453662872314,False,Qwen/Qwen2.5-1.5B,0.1,4,20
high_school_statistics/17,0.4663226902484894,0.42700836062431335,False,Qwen/Qwen2.5-1.5B,0.1,4,20
high_school_statistics/18,0.4280382990837097,0.32380950450897217,False,Qwen/Qwen2.5-1.5B,0.1,4,20
high_school_statistics/19,0.3161003887653351,0.6965328454971313,False,Qwen/Qwen2.5-1.5B,0.1,4,20
high_school_statistics/20,0.45912471413612366,0.5387318134307861,False,Qwen/Qwen2.5-1.5B,0.1,4,20
high_school_statistics/21,0.1400909721851349,0.1260513961315155,False,Qwen/Qwen2.5-1.5B,0.1,4,20
high_school_statistics/22,0.20636895298957825,0.8156288266181946,True,Qwen/Qwen2.5-1.5B,0.1,4,20
high_school_statistics/23,0.4039016664028168,0.5467730760574341,False,Qwen/Qwen2.5-1.5B,0.1,4,20
high_school_statistics/24,0.20836740732192993,0.8256998062133789,True,Qwen/Qwen2.5-1.5B,0.1,4,20
high_school_statistics/25,0.3693895936012268,0.24545373022556305,False,Qwen/Qwen2.5-1.5B,0.1,4,20
high_school_statistics/26,0.029914185404777527,0.014827468432486057,False,Qwen/Qwen2.5-1.5B,0.1,4,20
high_school_statistics/27,0.5076839327812195,0.6516686081886292,False,Qwen/Qwen2.5-1.5B,0.1,4,20
high_school_statistics/28,0.4968160092830658,0.10602102428674698,False,Qwen/Qwen2.5-1.5B,0.1,4,20
high_school_statistics/29,0.32959404587745667,0.31724032759666443,False,Qwen/Qwen2.5-1.5B,0.1,4,20
high_school_statistics/30,0.32638680934906006,0.26568207144737244,False,Qwen/Qwen2.5-1.5B,0.1,4,20
high_school_statistics/31,0.4095306396484375,0.3512539565563202,False,Qwen/Qwen2.5-1.5B,0.1,4,20
high_school_statistics/32,0.2523258626461029,0.70131516456604,False,Qwen/Qwen2.5-1.5B,0.1,4,20
high_school_statistics/33,0.4108283221721649,0.550818145275116,False,Qwen/Qwen2.5-1.5B,0.1,4,20
high_school_statistics/34,0.031433191150426865,0.00039516182732768357,False,Qwen/Qwen2.5-1.5B,0.1,4,20
high_school_statistics/35,0.26305633783340454,0.3960686922073364,False,Qwen/Qwen2.5-1.5B,0.1,4,20
high_school_statistics/36,0.18812678754329681,0.30057811737060547,False,Qwen/Qwen2.5-1.5B,0.1,4,20
high_school_statistics/37,0.5263951420783997,0.785706102848053,False,Qwen/Qwen2.5-1.5B,0.1,4,20
high_school_statistics/38,0.00023977606906555593,1.9939267076551914e-05,False,Qwen/Qwen2.5-1.5B,0.1,4,20
high_school_statistics/39,0.7936242818832397,0.8244947195053101,False,Qwen/Qwen2.5-1.5B,0.1,4,20
high_school_statistics/40,0.9408683180809021,0.9708766341209412,False,Qwen/Qwen2.5-1.5B,0.1,4,20
high_school_statistics/41,0.25608953833580017,0.1416696310043335,False,Qwen/Qwen2.5-1.5B,0.1,4,20
high_school_statistics/42,0.981050968170166,0.9968731999397278,False,Qwen/Qwen2.5-1.5B,0.1,4,20
high_school_statistics/43,0.016097811982035637,0.0005141020519658923,False,Qwen/Qwen2.5-1.5B,0.1,4,20
high_school_statistics/44,0.2634935975074768,0.6287002563476562,False,Qwen/Qwen2.5-1.5B,0.1,4,20
high_school_statistics/45,0.40297695994377136,0.15544816851615906,False,Qwen/Qwen2.5-1.5B,0.1,4,20
high_school_statistics/46,0.985301673412323,0.999428927898407,False,Qwen/Qwen2.5-1.5B,0.1,4,20
high_school_statistics/47,0.18737882375717163,0.12248428165912628,False,Qwen/Qwen2.5-1.5B,0.1,4,20
high_school_statistics/48,0.2903759181499481,0.5113304257392883,True,Qwen/Qwen2.5-1.5B,0.1,4,20
high_school_statistics/49,0.9868593215942383,0.9964566826820374,False,Qwen/Qwen2.5-1.5B,0.1,4,20
high_school_statistics/50,0.44389989972114563,0.6128425002098083,False,Qwen/Qwen2.5-1.5B,0.1,4,20
high_school_statistics/51,0.4215311110019684,0.20743156969547272,False,Qwen/Qwen2.5-1.5B,0.1,4,20
high_school_statistics/52,0.25829604268074036,0.541069746017456,False,Qwen/Qwen2.5-1.5B,0.1,4,20
high_school_statistics/53,0.07150202244520187,0.003718534717336297,False,Qwen/Qwen2.5-1.5B,0.1,4,20
high_school_statistics/54,0.5422570705413818,0.6092791557312012,False,Qwen/Qwen2.5-1.5B,0.1,4,20
high_school_statistics/55,0.3209429681301117,0.1883944720029831,False,Qwen/Qwen2.5-1.5B,0.1,4,20
high_school_statistics/56,0.2180270403623581,0.2845761775970459,False,Qwen/Qwen2.5-1.5B,0.1,4,20
high_school_statistics/57,0.1481618583202362,0.14152418076992035,False,Qwen/Qwen2.5-1.5B,0.1,4,20
high_school_statistics/58,0.9365572929382324,0.8819828033447266,True,Qwen/Qwen2.5-1.5B,0.1,4,20
high_school_statistics/59,0.6893662214279175,0.966009259223938,False,Qwen/Qwen2.5-1.5B,0.1,4,20
high_school_statistics/60,0.6288321018218994,0.757389485836029,False,Qwen/Qwen2.5-1.5B,0.1,4,20
high_school_statistics/61,0.11364714056253433,0.345657616853714,False,Qwen/Qwen2.5-1.5B,0.1,4,20
high_school_statistics/62,0.28997406363487244,0.8239805102348328,False,Qwen/Qwen2.5-1.5B,0.1,4,20
high_school_statistics/63,0.947777509689331,0.9736253619194031,False,Qwen/Qwen2.5-1.5B,0.1,4,20
high_school_statistics/64,0.17834927141666412,0.17258179187774658,False,Qwen/Qwen2.5-1.5B,0.1,4,20
high_school_statistics/65,0.9470534324645996,0.9964504241943359,False,Qwen/Qwen2.5-1.5B,0.1,4,20
high_school_statistics/66,0.6126697659492493,0.6754390001296997,False,Qwen/Qwen2.5-1.5B,0.1,4,20
high_school_statistics/67,0.5702856183052063,0.3758414089679718,False,Qwen/Qwen2.5-1.5B,0.1,4,20
high_school_statistics/68,0.15201131999492645,0.19282332062721252,False,Qwen/Qwen2.5-1.5B,0.1,4,20
high_school_statistics/69,0.2568371891975403,0.19628854095935822,False,Qwen/Qwen2.5-1.5B,0.1,4,20
high_school_statistics/70,0.9975244402885437,0.9986816048622131,False,Qwen/Qwen2.5-1.5B,0.1,4,20
high_school_statistics/71,0.7438503503799438,0.3483591675758362,False,Qwen/Qwen2.5-1.5B,0.1,4,20
high_school_statistics/72,0.3363721966743469,0.09009749442338943,False,Qwen/Qwen2.5-1.5B,0.1,4,20
high_school_statistics/73,0.9961936473846436,0.9911682605743408,False,Qwen/Qwen2.5-1.5B,0.1,4,20
high_school_statistics/74,0.30394411087036133,0.37348121404647827,False,Qwen/Qwen2.5-1.5B,0.1,4,20
high_school_statistics/75,0.6106265783309937,0.6654307842254639,False,Qwen/Qwen2.5-1.5B,0.1,4,20
high_school_statistics/76,0.3922092616558075,0.4009876847267151,False,Qwen/Qwen2.5-1.5B,0.1,4,20
high_school_statistics/77,0.2002076357603073,0.27652615308761597,False,Qwen/Qwen2.5-1.5B,0.1,4,20
high_school_statistics/78,0.9140464067459106,0.9760376214981079,False,Qwen/Qwen2.5-1.5B,0.1,4,20
high_school_statistics/79,0.9002475142478943,0.9793893694877625,False,Qwen/Qwen2.5-1.5B,0.1,4,20
high_school_statistics/80,0.9477798342704773,0.9917051792144775,False,Qwen/Qwen2.5-1.5B,0.1,4,20
high_school_statistics/81,0.1263696551322937,0.1697755753993988,False,Qwen/Qwen2.5-1.5B,0.1,4,20
high_school_statistics/82,0.1709829419851303,0.21178695559501648,False,Qwen/Qwen2.5-1.5B,0.1,4,20
high_school_statistics/83,0.9479542374610901,0.9817806482315063,False,Qwen/Qwen2.5-1.5B,0.1,4,20
high_school_statistics/84,0.4252988398075104,0.7866692543029785,False,Qwen/Qwen2.5-1.5B,0.1,4,20
high_school_statistics/85,0.7398722767829895,0.8952046036720276,False,Qwen/Qwen2.5-1.5B,0.1,4,20
high_school_statistics/86,0.7722447514533997,0.970557689666748,False,Qwen/Qwen2.5-1.5B,0.1,4,20
high_school_statistics/87,0.11018906533718109,0.06840212643146515,False,Qwen/Qwen2.5-1.5B,0.1,4,20
high_school_statistics/88,0.5270835757255554,0.6180152893066406,False,Qwen/Qwen2.5-1.5B,0.1,4,20
high_school_statistics/89,0.09374845772981644,0.09559652954339981,False,Qwen/Qwen2.5-1.5B,0.1,4,20
high_school_statistics/90,0.250558078289032,0.31259068846702576,False,Qwen/Qwen2.5-1.5B,0.1,4,20
high_school_statistics/91,0.2084043025970459,0.2601102292537689,False,Qwen/Qwen2.5-1.5B,0.1,4,20
high_school_statistics/92,0.02010939083993435,0.1315450370311737,True,Qwen/Qwen2.5-1.5B,0.1,4,20
high_school_statistics/93,0.3611556589603424,0.17957954108715057,False,Qwen/Qwen2.5-1.5B,0.1,4,20
high_school_statistics/94,0.6429046392440796,0.8550149202346802,False,Qwen/Qwen2.5-1.5B,0.1,4,20
high_school_statistics/95,0.2213500440120697,0.07866255193948746,False,Qwen/Qwen2.5-1.5B,0.1,4,20
high_school_statistics/96,0.695189356803894,0.9240711331367493,False,Qwen/Qwen2.5-1.5B,0.1,4,20
high_school_statistics/97,0.6877945065498352,0.8676349520683289,False,Qwen/Qwen2.5-1.5B,0.1,4,20
high_school_statistics/98,0.23239946365356445,0.8518055081367493,False,Qwen/Qwen2.5-1.5B,0.1,4,20
high_school_statistics/99,0.2206268161535263,0.4761054217815399,False,Qwen/Qwen2.5-1.5B,0.1,4,20
high_school_statistics/100,0.3467925488948822,0.26301446557044983,False,Qwen/Qwen2.5-1.5B,0.1,4,20
high_school_statistics/101,0.07336308062076569,0.19834600389003754,False,Qwen/Qwen2.5-1.5B,0.1,4,20
high_school_statistics/102,0.21690422296524048,0.2609560787677765,False,Qwen/Qwen2.5-1.5B,0.1,4,20
high_school_statistics/103,0.856691837310791,0.7985152006149292,False,Qwen/Qwen2.5-1.5B,0.1,4,20
high_school_statistics/104,0.5793498158454895,0.934114933013916,False,Qwen/Qwen2.5-1.5B,0.1,4,20
high_school_statistics/105,0.5001763105392456,0.2906740605831146,False,Qwen/Qwen2.5-1.5B,0.1,4,20
high_school_statistics/106,0.5115229487419128,0.5255337357521057,False,Qwen/Qwen2.5-1.5B,0.1,4,20
high_school_statistics/107,0.18790684640407562,0.2525540590286255,False,Qwen/Qwen2.5-1.5B,0.1,4,20
high_school_statistics/108,0.45827358961105347,0.27961763739585876,False,Qwen/Qwen2.5-1.5B,0.1,4,20
high_school_statistics/109,0.23784181475639343,0.07205714285373688,False,Qwen/Qwen2.5-1.5B,0.1,4,20
high_school_statistics/110,0.473050594329834,0.19992150366306305,False,Qwen/Qwen2.5-1.5B,0.1,4,20
high_school_statistics/111,0.34503692388534546,0.7958990335464478,False,Qwen/Qwen2.5-1.5B,0.1,4,20
high_school_statistics/112,0.21354682743549347,0.28232598304748535,False,Qwen/Qwen2.5-1.5B,0.1,4,20
high_school_statistics/113,0.6285584568977356,0.257592111825943,False,Qwen/Qwen2.5-1.5B,0.1,4,20
high_school_statistics/114,0.09800861030817032,0.4337576627731323,False,Qwen/Qwen2.5-1.5B,0.1,4,20
high_school_statistics/115,0.24315452575683594,0.25355395674705505,False,Qwen/Qwen2.5-1.5B,0.1,4,20
high_school_statistics/116,0.20443135499954224,0.1880064457654953,False,Qwen/Qwen2.5-1.5B,0.1,4,20
high_school_statistics/117,0.993559718132019,0.980010449886322,False,Qwen/Qwen2.5-1.5B,0.1,4,20
high_school_statistics/118,0.39354774355888367,0.26668715476989746,False,Qwen/Qwen2.5-1.5B,0.1,4,20
high_school_statistics/119,0.6425248384475708,0.624772310256958,False,Qwen/Qwen2.5-1.5B,0.1,4,20
high_school_statistics/120,0.486343652009964,0.6855378150939941,False,Qwen/Qwen2.5-1.5B,0.1,4,20
high_school_statistics/121,0.892157793045044,0.7558690309524536,False,Qwen/Qwen2.5-1.5B,0.1,4,20
high_school_statistics/122,0.0247018001973629,0.0028483641799539328,False,Qwen/Qwen2.5-1.5B,0.1,4,20
high_school_statistics/123,0.797452449798584,0.9216859936714172,False,Qwen/Qwen2.5-1.5B,0.1,4,20
high_school_statistics/124,0.5389938354492188,0.5663140416145325,False,Qwen/Qwen2.5-1.5B,0.1,4,20
high_school_statistics/125,0.26986202597618103,0.3420734405517578,False,Qwen/Qwen2.5-1.5B,0.1,4,20
high_school_statistics/126,0.39621442556381226,0.4123276174068451,False,Qwen/Qwen2.5-1.5B,0.1,4,20
high_school_statistics/127,0.15685606002807617,0.17202718555927277,False,Qwen/Qwen2.5-1.5B,0.1,4,20
high_school_statistics/128,0.5380454063415527,0.9824807047843933,False,Qwen/Qwen2.5-1.5B,0.1,4,20
high_school_statistics/129,0.31037795543670654,0.291714072227478,False,Qwen/Qwen2.5-1.5B,0.1,4,20
high_school_statistics/130,0.14350664615631104,0.21692748367786407,False,Qwen/Qwen2.5-1.5B,0.1,4,20
high_school_statistics/131,0.3666846454143524,0.4758300483226776,False,Qwen/Qwen2.5-1.5B,0.1,4,20
high_school_statistics/132,0.8214849829673767,0.9590062499046326,False,Qwen/Qwen2.5-1.5B,0.1,4,20
high_school_statistics/133,0.4516456127166748,0.6772791147232056,False,Qwen/Qwen2.5-1.5B,0.1,4,20
high_school_statistics/134,0.497180312871933,0.2400534451007843,False,Qwen/Qwen2.5-1.5B,0.1,4,20
high_school_statistics/135,0.2772618532180786,0.22487984597682953,False,Qwen/Qwen2.5-1.5B,0.1,4,20
high_school_statistics/136,0.39953091740608215,0.31725987792015076,False,Qwen/Qwen2.5-1.5B,0.1,4,20
high_school_statistics/137,0.7829167246818542,0.9268378019332886,False,Qwen/Qwen2.5-1.5B,0.1,4,20
high_school_statistics/138,0.8514982461929321,0.995755672454834,True,Qwen/Qwen2.5-1.5B,0.1,4,20
high_school_statistics/139,0.36709296703338623,0.03939110413193703,False,Qwen/Qwen2.5-1.5B,0.1,4,20
high_school_statistics/140,0.25548556447029114,0.1783997118473053,False,Qwen/Qwen2.5-1.5B,0.1,4,20
high_school_statistics/141,0.38667750358581543,0.590203046798706,False,Qwen/Qwen2.5-1.5B,0.1,4,20
high_school_statistics/142,0.1195162758231163,0.1385394036769867,False,Qwen/Qwen2.5-1.5B,0.1,4,20
high_school_statistics/143,0.37111493945121765,0.9482502937316895,True,Qwen/Qwen2.5-1.5B,0.1,4,20
high_school_statistics/144,0.4482569992542267,0.3357679843902588,False,Qwen/Qwen2.5-1.5B,0.1,4,20
high_school_statistics/145,0.6981172561645508,0.8204275965690613,False,Qwen/Qwen2.5-1.5B,0.1,4,20
high_school_statistics/146,0.8414117097854614,0.42563489079475403,False,Qwen/Qwen2.5-1.5B,0.1,4,20
high_school_statistics/147,0.9342708587646484,0.9555500745773315,False,Qwen/Qwen2.5-1.5B,0.1,4,20
high_school_statistics/148,0.3256845772266388,0.588569164276123,False,Qwen/Qwen2.5-1.5B,0.1,4,20
high_school_statistics/149,0.9970282912254333,0.9997360110282898,False,Qwen/Qwen2.5-1.5B,0.1,4,20
high_school_statistics/150,0.31991833448410034,0.7743651866912842,True,Qwen/Qwen2.5-1.5B,0.1,4,20
high_school_statistics/151,0.14415769279003143,0.3866282105445862,False,Qwen/Qwen2.5-1.5B,0.1,4,20
high_school_statistics/152,0.3675350546836853,0.760162353515625,False,Qwen/Qwen2.5-1.5B,0.1,4,20
high_school_statistics/153,0.1890593022108078,0.18013089895248413,False,Qwen/Qwen2.5-1.5B,0.1,4,20
high_school_statistics/154,0.2254963517189026,0.7898722887039185,False,Qwen/Qwen2.5-1.5B,0.1,4,20
high_school_statistics/155,0.48614856600761414,0.41334253549575806,False,Qwen/Qwen2.5-1.5B,0.1,4,20
high_school_statistics/156,0.23291736841201782,0.5750442743301392,False,Qwen/Qwen2.5-1.5B,0.1,4,20
high_school_statistics/157,0.09355127066373825,0.28813692927360535,False,Qwen/Qwen2.5-1.5B,0.1,4,20
high_school_statistics/158,0.30270278453826904,0.23071253299713135,False,Qwen/Qwen2.5-1.5B,0.1,4,20
high_school_statistics/159,0.2531049847602844,0.2990244925022125,False,Qwen/Qwen2.5-1.5B,0.1,4,20
high_school_statistics/160,0.9885043501853943,0.999933123588562,True,Qwen/Qwen2.5-1.5B,0.1,4,20
high_school_statistics/161,0.007061333395540714,0.002489841775968671,False,Qwen/Qwen2.5-1.5B,0.1,4,20
high_school_statistics/162,0.2807784676551819,0.2478850781917572,False,Qwen/Qwen2.5-1.5B,0.1,4,20
high_school_statistics/163,0.9336602687835693,0.9082291722297668,False,Qwen/Qwen2.5-1.5B,0.1,4,20
high_school_statistics/164,0.5141022205352783,0.758643388748169,False,Qwen/Qwen2.5-1.5B,0.1,4,20
high_school_statistics/165,0.8011093139648438,0.8852699995040894,False,Qwen/Qwen2.5-1.5B,0.1,4,20
high_school_statistics/166,0.6156765222549438,0.7616874575614929,True,Qwen/Qwen2.5-1.5B,0.1,4,20
high_school_statistics/167,0.13631844520568848,0.14617079496383667,False,Qwen/Qwen2.5-1.5B,0.1,4,20
high_school_statistics/168,0.12770943343639374,0.05382760986685753,False,Qwen/Qwen2.5-1.5B,0.1,4,20
high_school_statistics/169,0.47255513072013855,0.5363061428070068,False,Qwen/Qwen2.5-1.5B,0.1,4,20
high_school_statistics/170,0.202169731259346,0.3900960385799408,False,Qwen/Qwen2.5-1.5B,0.1,4,20
high_school_statistics/171,0.9905647039413452,0.9977574944496155,True,Qwen/Qwen2.5-1.5B,0.1,4,20
high_school_statistics/172,0.49719569087028503,0.370105117559433,False,Qwen/Qwen2.5-1.5B,0.1,4,20
high_school_statistics/173,0.2604767680168152,0.2291574776172638,False,Qwen/Qwen2.5-1.5B,0.1,4,20
high_school_statistics/174,0.8721952438354492,0.9795560836791992,False,Qwen/Qwen2.5-1.5B,0.1,4,20
high_school_statistics/175,0.19298593699932098,0.48260337114334106,False,Qwen/Qwen2.5-1.5B,0.1,4,20
high_school_statistics/176,0.2554035186767578,0.13107742369174957,False,Qwen/Qwen2.5-1.5B,0.1,4,20
high_school_statistics/177,0.06287389993667603,0.4875470697879791,True,Qwen/Qwen2.5-1.5B,0.1,4,20
high_school_statistics/178,0.07128284871578217,0.04679136350750923,False,Qwen/Qwen2.5-1.5B,0.1,4,20
high_school_statistics/179,0.0805831179022789,0.1979951560497284,False,Qwen/Qwen2.5-1.5B,0.1,4,20
high_school_statistics/180,0.3605917692184448,0.048603568226099014,False,Qwen/Qwen2.5-1.5B,0.1,4,20
high_school_statistics/181,0.09920819848775864,0.018404167145490646,False,Qwen/Qwen2.5-1.5B,0.1,4,20
high_school_statistics/182,0.3559311628341675,0.25850141048431396,False,Qwen/Qwen2.5-1.5B,0.1,4,20
high_school_statistics/183,0.932502806186676,0.9959456324577332,True,Qwen/Qwen2.5-1.5B,0.1,4,20
high_school_statistics/184,0.09702284634113312,0.13385121524333954,False,Qwen/Qwen2.5-1.5B,0.1,4,20
high_school_statistics/185,0.9889940619468689,0.9815003871917725,False,Qwen/Qwen2.5-1.5B,0.1,4,20
high_school_statistics/186,0.8007779717445374,0.7022727131843567,False,Qwen/Qwen2.5-1.5B,0.1,4,20
high_school_statistics/187,0.2892207205295563,0.08339667320251465,False,Qwen/Qwen2.5-1.5B,0.1,4,20
high_school_statistics/188,0.09318973869085312,0.09558676183223724,False,Qwen/Qwen2.5-1.5B,0.1,4,20
high_school_statistics/189,0.09774398058652878,0.45378392934799194,False,Qwen/Qwen2.5-1.5B,0.1,4,20
high_school_statistics/190,0.4012864828109741,0.5560653209686279,False,Qwen/Qwen2.5-1.5B,0.1,4,20
high_school_statistics/191,0.2669791281223297,0.16250348091125488,False,Qwen/Qwen2.5-1.5B,0.1,4,20
high_school_statistics/192,0.02241337299346924,0.022430140525102615,False,Qwen/Qwen2.5-1.5B,0.1,4,20
high_school_statistics/193,0.24992288649082184,0.27187439799308777,False,Qwen/Qwen2.5-1.5B,0.1,4,20
high_school_statistics/194,0.9950472116470337,0.9994858503341675,True,Qwen/Qwen2.5-1.5B,0.1,4,20
high_school_statistics/195,0.4865973889827728,0.6822171807289124,False,Qwen/Qwen2.5-1.5B,0.1,4,20
high_school_statistics/196,0.38714492321014404,0.26932382583618164,False,Qwen/Qwen2.5-1.5B,0.1,4,20
high_school_statistics/197,0.36675190925598145,0.4415615200996399,False,Qwen/Qwen2.5-1.5B,0.1,4,20
high_school_statistics/198,0.6195642352104187,0.6578699946403503,False,Qwen/Qwen2.5-1.5B,0.1,4,20
high_school_statistics/199,0.9815086722373962,0.9910835027694702,False,Qwen/Qwen2.5-1.5B,0.1,4,20
high_school_statistics/200,0.2822783291339874,0.6214395761489868,False,Qwen/Qwen2.5-1.5B,0.1,4,20
high_school_statistics/201,0.9974920749664307,0.9995249509811401,False,Qwen/Qwen2.5-1.5B,0.1,4,20
high_school_statistics/202,0.33336490392684937,0.42527055740356445,False,Qwen/Qwen2.5-1.5B,0.1,4,20
high_school_statistics/203,0.9750379323959351,0.9851004481315613,False,Qwen/Qwen2.5-1.5B,0.1,4,20
high_school_statistics/204,0.05793090909719467,0.16433273255825043,False,Qwen/Qwen2.5-1.5B,0.1,4,20
high_school_statistics/205,0.3593149185180664,0.3651285767555237,False,Qwen/Qwen2.5-1.5B,0.1,4,20
high_school_statistics/206,0.5467535257339478,0.9631108641624451,False,Qwen/Qwen2.5-1.5B,0.1,4,20
high_school_statistics/207,0.20931556820869446,0.3756308853626251,False,Qwen/Qwen2.5-1.5B,0.1,4,20
high_school_statistics/208,0.3081226646900177,0.20865343511104584,False,Qwen/Qwen2.5-1.5B,0.1,4,20
high_school_statistics/209,0.14881055057048798,0.22571878135204315,False,Qwen/Qwen2.5-1.5B,0.1,4,20
high_school_statistics/210,0.4711681008338928,0.6870876550674438,False,Qwen/Qwen2.5-1.5B,0.1,4,20
high_school_statistics/211,0.954538106918335,0.9958446621894836,True,Qwen/Qwen2.5-1.5B,0.1,4,20
high_school_statistics/212,0.11455225944519043,0.11334668844938278,False,Qwen/Qwen2.5-1.5B,0.1,4,20
high_school_statistics/213,0.41470250487327576,0.28753480315208435,False,Qwen/Qwen2.5-1.5B,0.1,4,20
high_school_statistics/214,0.9462908506393433,0.9176181554794312,False,Qwen/Qwen2.5-1.5B,0.1,4,20
high_school_statistics/215,0.939551591873169,0.9994611144065857,True,Qwen/Qwen2.5-1.5B,0.1,4,20
philosophy/0,0.7840917110443115,0.9783775210380554,False,Qwen/Qwen2.5-1.5B,0.1,4,20
philosophy/1,0.9625034332275391,0.9979010820388794,True,Qwen/Qwen2.5-1.5B,0.1,4,20
philosophy/2,0.9836945533752441,0.9885058403015137,False,Qwen/Qwen2.5-1.5B,0.1,4,20
philosophy/3,0.9898756146430969,0.9980393052101135,False,Qwen/Qwen2.5-1.5B,0.1,4,20
philosophy/4,0.6644095778465271,0.1839827299118042,False,Qwen/Qwen2.5-1.5B,0.1,4,20
philosophy/5,0.6761574149131775,0.9727148413658142,False,Qwen/Qwen2.5-1.5B,0.1,4,20
philosophy/6,0.9913005232810974,0.984584391117096,False,Qwen/Qwen2.5-1.5B,0.1,4,20
philosophy/7,0.21195882558822632,0.027935653924942017,False,Qwen/Qwen2.5-1.5B,0.1,4,20
philosophy/8,0.9383161067962646,0.9948413968086243,False,Qwen/Qwen2.5-1.5B,0.1,4,20
philosophy/9,0.9586455821990967,0.9952852129936218,False,Qwen/Qwen2.5-1.5B,0.1,4,20
philosophy/10,0.9858918786048889,0.9982630610466003,False,Qwen/Qwen2.5-1.5B,0.1,4,20
philosophy/11,0.40518489480018616,0.9423205256462097,False,Qwen/Qwen2.5-1.5B,0.1,4,20
philosophy/12,0.24811513721942902,0.04535437747836113,False,Qwen/Qwen2.5-1.5B,0.1,4,20
philosophy/13,0.7858262062072754,0.5066589117050171,False,Qwen/Qwen2.5-1.5B,0.1,4,20
philosophy/14,0.3667934238910675,0.9727545380592346,True,Qwen/Qwen2.5-1.5B,0.1,4,20
philosophy/15,0.9332367181777954,0.9878813028335571,False,Qwen/Qwen2.5-1.5B,0.1,4,20
philosophy/16,0.07996347546577454,0.6982886791229248,True,Qwen/Qwen2.5-1.5B,0.1,4,20
philosophy/17,0.761492133140564,0.935141384601593,False,Qwen/Qwen2.5-1.5B,0.1,4,20
philosophy/18,0.01592748425900936,0.0015310609014704823,False,Qwen/Qwen2.5-1.5B,0.1,4,20
philosophy/19,0.11740230768918991,0.0456492081284523,False,Qwen/Qwen2.5-1.5B,0.1,4,20
philosophy/20,0.23889368772506714,0.24587112665176392,False,Qwen/Qwen2.5-1.5B,0.1,4,20
philosophy/21,0.5502211451530457,0.9744925498962402,True,Qwen/Qwen2.5-1.5B,0.1,4,20
philosophy/22,0.24417123198509216,0.5170066952705383,False,Qwen/Qwen2.5-1.5B,0.1,4,20
philosophy/23,0.04864003136754036,0.1407478004693985,False,Qwen/Qwen2.5-1.5B,0.1,4,20
philosophy/24,0.8547263741493225,0.934651792049408,True,Qwen/Qwen2.5-1.5B,0.1,4,20
philosophy/25,0.9739625453948975,0.9467307329177856,False,Qwen/Qwen2.5-1.5B,0.1,4,20
philosophy/26,0.01633070781826973,0.0006513390108011663,False,Qwen/Qwen2.5-1.5B,0.1,4,20
philosophy/27,0.9788838624954224,0.9889169931411743,False,Qwen/Qwen2.5-1.5B,0.1,4,20
philosophy/28,0.3351346254348755,0.34370124340057373,False,Qwen/Qwen2.5-1.5B,0.1,4,20
philosophy/29,0.49813657999038696,0.8406340479850769,False,Qwen/Qwen2.5-1.5B,0.1,4,20
philosophy/30,0.7032343149185181,0.719316840171814,False,Qwen/Qwen2.5-1.5B,0.1,4,20
philosophy/31,0.996134877204895,0.9996249675750732,False,Qwen/Qwen2.5-1.5B,0.1,4,20
philosophy/32,0.46708735823631287,0.9069352746009827,True,Qwen/Qwen2.5-1.5B,0.1,4,20
philosophy/33,0.618804931640625,0.541734516620636,False,Qwen/Qwen2.5-1.5B,0.1,4,20
philosophy/34,0.30188217759132385,0.31792646646499634,False,Qwen/Qwen2.5-1.5B,0.1,4,20
philosophy/35,0.9971933960914612,0.9999428987503052,False,Qwen/Qwen2.5-1.5B,0.1,4,20
philosophy/36,0.22075681388378143,0.1056014895439148,False,Qwen/Qwen2.5-1.5B,0.1,4,20
philosophy/37,0.07809507846832275,0.008736340329051018,False,Qwen/Qwen2.5-1.5B,0.1,4,20
philosophy/38,0.8883321285247803,0.6811190247535706,False,Qwen/Qwen2.5-1.5B,0.1,4,20
philosophy/39,0.98212069272995,0.9985120892524719,False,Qwen/Qwen2.5-1.5B,0.1,4,20
philosophy/40,0.7294085025787354,0.9652994871139526,False,Qwen/Qwen2.5-1.5B,0.1,4,20
philosophy/41,0.9840890169143677,0.9990621209144592,False,Qwen/Qwen2.5-1.5B,0.1,4,20
philosophy/42,0.011829338036477566,0.04817594960331917,False,Qwen/Qwen2.5-1.5B,0.1,4,20
philosophy/43,0.7443462610244751,0.8196854591369629,False,Qwen/Qwen2.5-1.5B,0.1,4,20
philosophy/44,0.9367507100105286,0.9600231051445007,False,Qwen/Qwen2.5-1.5B,0.1,4,20
philosophy/45,0.8127464652061462,0.8590936660766602,True,Qwen/Qwen2.5-1.5B,0.1,4,20
philosophy/46,0.29978811740875244,0.5912764668464661,False,Qwen/Qwen2.5-1.5B,0.1,4,20
philosophy/47,0.7550727725028992,0.7868441343307495,False,Qwen/Qwen2.5-1.5B,0.1,4,20
philosophy/48,0.4293909966945648,0.00816117599606514,False,Qwen/Qwen2.5-1.5B,0.1,4,20
philosophy/49,0.9971611499786377,0.9996634721755981,False,Qwen/Qwen2.5-1.5B,0.1,4,20
philosophy/50,0.18590618669986725,0.5926082730293274,False,Qwen/Qwen2.5-1.5B,0.1,4,20
philosophy/51,0.191777765750885,0.5557410717010498,True,Qwen/Qwen2.5-1.5B,0.1,4,20
philosophy/52,0.1313655972480774,0.46739843487739563,False,Qwen/Qwen2.5-1.5B,0.1,4,20
philosophy/53,0.3857763111591339,0.4781193733215332,False,Qwen/Qwen2.5-1.5B,0.1,4,20
philosophy/54,0.46122291684150696,0.4544110596179962,False,Qwen/Qwen2.5-1.5B,0.1,4,20
philosophy/55,0.7248237729072571,0.9331128597259521,True,Qwen/Qwen2.5-1.5B,0.1,4,20
philosophy/56,0.6884225606918335,0.501987636089325,False,Qwen/Qwen2.5-1.5B,0.1,4,20
philosophy/57,0.995964765548706,0.9993439316749573,False,Qwen/Qwen2.5-1.5B,0.1,4,20
philosophy/58,0.9807783365249634,0.9967491626739502,True,Qwen/Qwen2.5-1.5B,0.1,4,20
philosophy/59,0.6971258521080017,0.7173173427581787,False,Qwen/Qwen2.5-1.5B,0.1,4,20
philosophy/60,0.7807114124298096,0.7484460473060608,False,Qwen/Qwen2.5-1.5B,0.1,4,20
philosophy/61,0.8003717064857483,0.9983417987823486,False,Qwen/Qwen2.5-1.5B,0.1,4,20
philosophy/62,0.9961387515068054,0.9996784925460815,False,Qwen/Qwen2.5-1.5B,0.1,4,20
philosophy/63,0.8630563020706177,0.9827194213867188,True,Qwen/Qwen2.5-1.5B,0.1,4,20
philosophy/64,0.847535252571106,0.9399880766868591,False,Qwen/Qwen2.5-1.5B,0.1,4,20
philosophy/65,0.5098391771316528,0.7545444965362549,False,Qwen/Qwen2.5-1.5B,0.1,4,20
philosophy/66,0.3972216546535492,0.3201100826263428,False,Qwen/Qwen2.5-1.5B,0.1,4,20
philosophy/67,0.5508250594139099,0.9611659049987793,True,Qwen/Qwen2.5-1.5B,0.1,4,20
philosophy/68,0.9722790718078613,0.8789382576942444,False,Qwen/Qwen2.5-1.5B,0.1,4,20
philosophy/69,0.9599219560623169,0.9597216248512268,False,Qwen/Qwen2.5-1.5B,0.1,4,20
philosophy/70,0.8468501567840576,0.978752613067627,False,Qwen/Qwen2.5-1.5B,0.1,4,20
philosophy/71,0.9639295935630798,0.9872596263885498,False,Qwen/Qwen2.5-1.5B,0.1,4,20
philosophy/72,0.4605471193790436,0.5863541960716248,False,Qwen/Qwen2.5-1.5B,0.1,4,20
philosophy/73,0.06980261951684952,0.08496648073196411,True,Qwen/Qwen2.5-1.5B,0.1,4,20
philosophy/74,0.8752562999725342,0.9932810664176941,True,Qwen/Qwen2.5-1.5B,0.1,4,20
philosophy/75,0.6745318174362183,0.5443105697631836,False,Qwen/Qwen2.5-1.5B,0.1,4,20
philosophy/76,0.6197797060012817,0.670545220375061,False,Qwen/Qwen2.5-1.5B,0.1,4,20
philosophy/77,0.12109892815351486,0.07758889347314835,False,Qwen/Qwen2.5-1.5B,0.1,4,20
philosophy/78,0.05975503474473953,0.08534456044435501,False,Qwen/Qwen2.5-1.5B,0.1,4,20
philosophy/79,0.9984933137893677,0.9996533393859863,False,Qwen/Qwen2.5-1.5B,0.1,4,20
philosophy/80,0.6469492316246033,0.15942780673503876,False,Qwen/Qwen2.5-1.5B,0.1,4,20
philosophy/81,0.40715348720550537,0.23810537159442902,False,Qwen/Qwen2.5-1.5B,0.1,4,20
philosophy/82,0.09858809411525726,0.019842488691210747,False,Qwen/Qwen2.5-1.5B,0.1,4,20
philosophy/83,0.0414498969912529,0.1340879499912262,False,Qwen/Qwen2.5-1.5B,0.1,4,20
philosophy/84,0.4291703999042511,0.19430983066558838,False,Qwen/Qwen2.5-1.5B,0.1,4,20
philosophy/85,0.3159480690956116,0.2713361382484436,False,Qwen/Qwen2.5-1.5B,0.1,4,20
philosophy/86,0.9697158932685852,0.9848685264587402,False,Qwen/Qwen2.5-1.5B,0.1,4,20
philosophy/87,0.09745249152183533,0.7195109128952026,False,Qwen/Qwen2.5-1.5B,0.1,4,20
philosophy/88,0.7011949419975281,0.9749714136123657,False,Qwen/Qwen2.5-1.5B,0.1,4,20
philosophy/89,0.957696259021759,0.9976824522018433,False,Qwen/Qwen2.5-1.5B,0.1,4,20
philosophy/90,0.6670714020729065,0.8113481998443604,False,Qwen/Qwen2.5-1.5B,0.1,4,20
philosophy/91,0.8214829564094543,0.8510112762451172,False,Qwen/Qwen2.5-1.5B,0.1,4,20
philosophy/92,0.757773756980896,0.9901279807090759,False,Qwen/Qwen2.5-1.5B,0.1,4,20
philosophy/93,0.9174327850341797,0.9596887826919556,False,Qwen/Qwen2.5-1.5B,0.1,4,20
philosophy/94,0.03752416372299194,0.0011820540530607104,False,Qwen/Qwen2.5-1.5B,0.1,4,20
philosophy/95,0.9949992895126343,0.9993614554405212,False,Qwen/Qwen2.5-1.5B,0.1,4,20
philosophy/96,0.02986912988126278,0.011098095215857029,False,Qwen/Qwen2.5-1.5B,0.1,4,20
philosophy/97,0.8933623433113098,0.44068998098373413,False,Qwen/Qwen2.5-1.5B,0.1,4,20
philosophy/98,0.35032081604003906,0.06442201137542725,False,Qwen/Qwen2.5-1.5B,0.1,4,20
philosophy/99,0.20105516910552979,0.18387451767921448,False,Qwen/Qwen2.5-1.5B,0.1,4,20
philosophy/100,0.7013770937919617,0.991693913936615,True,Qwen/Qwen2.5-1.5B,0.1,4,20
philosophy/101,0.5322458148002625,0.8387548923492432,False,Qwen/Qwen2.5-1.5B,0.1,4,20
philosophy/102,0.10185512900352478,0.2959999442100525,False,Qwen/Qwen2.5-1.5B,0.1,4,20
philosophy/103,0.9772419929504395,0.9665837287902832,False,Qwen/Qwen2.5-1.5B,0.1,4,20
philosophy/104,0.847827136516571,0.5306708216667175,False,Qwen/Qwen2.5-1.5B,0.1,4,20
philosophy/105,0.018266355618834496,0.09793794900178909,False,Qwen/Qwen2.5-1.5B,0.1,4,20
philosophy/106,0.11819352954626083,0.3984423577785492,False,Qwen/Qwen2.5-1.5B,0.1,4,20
philosophy/107,0.03250051289796829,0.06434141099452972,False,Qwen/Qwen2.5-1.5B,0.1,4,20
philosophy/108,0.9702720046043396,0.9951188564300537,False,Qwen/Qwen2.5-1.5B,0.1,4,20
philosophy/109,0.6189132928848267,0.791405975818634,False,Qwen/Qwen2.5-1.5B,0.1,4,20
philosophy/110,0.7841060757637024,0.9813082814216614,True,Qwen/Qwen2.5-1.5B,0.1,4,20
philosophy/111,0.8437470197677612,0.8229401707649231,False,Qwen/Qwen2.5-1.5B,0.1,4,20
philosophy/112,0.41815364360809326,0.17858339846134186,False,Qwen/Qwen2.5-1.5B,0.1,4,20
philosophy/113,0.08081595599651337,0.16132253408432007,False,Qwen/Qwen2.5-1.5B,0.1,4,20
philosophy/114,0.9862675666809082,0.9982567429542542,False,Qwen/Qwen2.5-1.5B,0.1,4,20
philosophy/115,0.10051780939102173,0.1287498027086258,False,Qwen/Qwen2.5-1.5B,0.1,4,20
philosophy/116,0.32285645604133606,0.42038851976394653,True,Qwen/Qwen2.5-1.5B,0.1,4,20
philosophy/117,0.996322512626648,0.9988054037094116,False,Qwen/Qwen2.5-1.5B,0.1,4,20
philosophy/118,0.7284815907478333,0.8510832190513611,False,Qwen/Qwen2.5-1.5B,0.1,4,20
philosophy/119,0.02834409847855568,0.004691644571721554,False,Qwen/Qwen2.5-1.5B,0.1,4,20
philosophy/120,0.9834700226783752,0.9884317517280579,False,Qwen/Qwen2.5-1.5B,0.1,4,20
philosophy/121,0.49892204999923706,0.563369870185852,False,Qwen/Qwen2.5-1.5B,0.1,4,20
philosophy/122,0.46836110949516296,0.6236311793327332,False,Qwen/Qwen2.5-1.5B,0.1,4,20
philosophy/123,0.7088229060173035,0.9826673865318298,False,Qwen/Qwen2.5-1.5B,0.1,4,20
philosophy/124,0.478991836309433,0.2885856628417969,False,Qwen/Qwen2.5-1.5B,0.1,4,20
philosophy/125,0.925624668598175,0.973854124546051,False,Qwen/Qwen2.5-1.5B,0.1,4,20
philosophy/126,0.9551547169685364,0.995900571346283,False,Qwen/Qwen2.5-1.5B,0.1,4,20
philosophy/127,0.4995819926261902,0.5995587110519409,False,Qwen/Qwen2.5-1.5B,0.1,4,20
philosophy/128,0.6738582253456116,0.4599570333957672,False,Qwen/Qwen2.5-1.5B,0.1,4,20
philosophy/129,0.9675449728965759,0.9846300482749939,False,Qwen/Qwen2.5-1.5B,0.1,4,20
philosophy/130,0.9403478503227234,0.9770474433898926,False,Qwen/Qwen2.5-1.5B,0.1,4,20
philosophy/131,0.6486266255378723,0.8787027597427368,False,Qwen/Qwen2.5-1.5B,0.1,4,20
philosophy/132,0.038630254566669464,0.01015776302665472,False,Qwen/Qwen2.5-1.5B,0.1,4,20
philosophy/133,0.36535871028900146,0.10100002586841583,False,Qwen/Qwen2.5-1.5B,0.1,4,20
philosophy/134,0.16580890119075775,0.09399725496768951,False,Qwen/Qwen2.5-1.5B,0.1,4,20
philosophy/135,0.9673550724983215,0.9682953357696533,False,Qwen/Qwen2.5-1.5B,0.1,4,20
philosophy/136,0.9570960402488708,0.9870750308036804,False,Qwen/Qwen2.5-1.5B,0.1,4,20
philosophy/137,0.9891806244850159,0.997750461101532,False,Qwen/Qwen2.5-1.5B,0.1,4,20
philosophy/138,0.10559943318367004,0.048058539628982544,False,Qwen/Qwen2.5-1.5B,0.1,4,20
philosophy/139,0.9932231903076172,0.9987061023712158,False,Qwen/Qwen2.5-1.5B,0.1,4,20
philosophy/140,0.8209519982337952,0.979300320148468,False,Qwen/Qwen2.5-1.5B,0.1,4,20
philosophy/141,0.5315542221069336,0.9741480350494385,False,Qwen/Qwen2.5-1.5B,0.1,4,20
philosophy/142,0.9847921133041382,0.9989423155784607,False,Qwen/Qwen2.5-1.5B,0.1,4,20
philosophy/143,0.4225507378578186,0.42882245779037476,False,Qwen/Qwen2.5-1.5B,0.1,4,20
philosophy/144,0.48198723793029785,0.619773268699646,True,Qwen/Qwen2.5-1.5B,0.1,4,20
philosophy/145,0.8922357559204102,0.9587094783782959,False,Qwen/Qwen2.5-1.5B,0.1,4,20
philosophy/146,0.9538979530334473,0.997235119342804,False,Qwen/Qwen2.5-1.5B,0.1,4,20
philosophy/147,0.7297027707099915,0.9748714566230774,False,Qwen/Qwen2.5-1.5B,0.1,4,20
philosophy/148,0.9734536409378052,0.9945778846740723,False,Qwen/Qwen2.5-1.5B,0.1,4,20
philosophy/149,0.17744481563568115,0.07046694308519363,False,Qwen/Qwen2.5-1.5B,0.1,4,20
philosophy/150,0.9934145212173462,0.9961665272712708,False,Qwen/Qwen2.5-1.5B,0.1,4,20
philosophy/151,0.6259217858314514,0.23507049679756165,False,Qwen/Qwen2.5-1.5B,0.1,4,20
philosophy/152,0.9605764150619507,0.8746586441993713,False,Qwen/Qwen2.5-1.5B,0.1,4,20
philosophy/153,0.9966574907302856,0.9993233680725098,False,Qwen/Qwen2.5-1.5B,0.1,4,20
philosophy/154,0.09252793341875076,0.013306248001754284,False,Qwen/Qwen2.5-1.5B,0.1,4,20
philosophy/155,0.4708821773529053,0.3994423449039459,False,Qwen/Qwen2.5-1.5B,0.1,4,20
philosophy/156,0.6952643394470215,0.0945829376578331,False,Qwen/Qwen2.5-1.5B,0.1,4,20
philosophy/157,0.9977499842643738,0.9995852112770081,False,Qwen/Qwen2.5-1.5B,0.1,4,20
philosophy/158,0.4718415141105652,0.5344586968421936,False,Qwen/Qwen2.5-1.5B,0.1,4,20
philosophy/159,0.23599039018154144,0.03900716453790665,False,Qwen/Qwen2.5-1.5B,0.1,4,20
philosophy/160,0.2889106869697571,0.38578280806541443,False,Qwen/Qwen2.5-1.5B,0.1,4,20
philosophy/161,0.5729962587356567,0.9125407934188843,False,Qwen/Qwen2.5-1.5B,0.1,4,20
philosophy/162,0.5600296258926392,0.8771388530731201,False,Qwen/Qwen2.5-1.5B,0.1,4,20
philosophy/163,0.9254565834999084,0.7657613754272461,False,Qwen/Qwen2.5-1.5B,0.1,4,20
philosophy/164,0.6173776984214783,0.25527653098106384,False,Qwen/Qwen2.5-1.5B,0.1,4,20
philosophy/165,0.9626010656356812,0.9867842197418213,False,Qwen/Qwen2.5-1.5B,0.1,4,20
philosophy/166,0.979267954826355,0.960155725479126,False,Qwen/Qwen2.5-1.5B,0.1,4,20
philosophy/167,0.286260724067688,0.06150427088141441,False,Qwen/Qwen2.5-1.5B,0.1,4,20
philosophy/168,0.25825566053390503,0.34232795238494873,False,Qwen/Qwen2.5-1.5B,0.1,4,20
philosophy/169,0.9796336889266968,0.9959219694137573,False,Qwen/Qwen2.5-1.5B,0.1,4,20
philosophy/170,0.38898664712905884,0.3576316237449646,False,Qwen/Qwen2.5-1.5B,0.1,4,20
philosophy/171,0.5606663227081299,0.8482343554496765,False,Qwen/Qwen2.5-1.5B,0.1,4,20
philosophy/172,0.21615390479564667,0.07794559746980667,False,Qwen/Qwen2.5-1.5B,0.1,4,20
philosophy/173,0.031662359833717346,0.31801867485046387,False,Qwen/Qwen2.5-1.5B,0.1,4,20
philosophy/174,0.47606995701789856,0.3439214527606964,False,Qwen/Qwen2.5-1.5B,0.1,4,20
philosophy/175,0.6826093196868896,0.9571779370307922,True,Qwen/Qwen2.5-1.5B,0.1,4,20
philosophy/176,0.18608945608139038,0.08131468296051025,False,Qwen/Qwen2.5-1.5B,0.1,4,20
philosophy/177,0.8873721957206726,0.960069477558136,False,Qwen/Qwen2.5-1.5B,0.1,4,20
philosophy/178,0.21850629150867462,0.8303880095481873,False,Qwen/Qwen2.5-1.5B,0.1,4,20
philosophy/179,0.8640549778938293,0.8588075637817383,False,Qwen/Qwen2.5-1.5B,0.1,4,20
philosophy/180,0.7763975262641907,0.9951828122138977,True,Qwen/Qwen2.5-1.5B,0.1,4,20
philosophy/181,0.6411445736885071,0.8307808041572571,True,Qwen/Qwen2.5-1.5B,0.1,4,20
philosophy/182,0.9899609088897705,0.9982346296310425,False,Qwen/Qwen2.5-1.5B,0.1,4,20
philosophy/183,0.9858323335647583,0.9986612796783447,False,Qwen/Qwen2.5-1.5B,0.1,4,20
philosophy/184,0.8470342755317688,0.983875036239624,False,Qwen/Qwen2.5-1.5B,0.1,4,20
philosophy/185,0.7179293632507324,0.9848573207855225,False,Qwen/Qwen2.5-1.5B,0.1,4,20
philosophy/186,0.41250696778297424,0.8677563667297363,False,Qwen/Qwen2.5-1.5B,0.1,4,20
philosophy/187,0.5159404277801514,0.21975448727607727,False,Qwen/Qwen2.5-1.5B,0.1,4,20
philosophy/188,0.3382470905780792,0.347576379776001,False,Qwen/Qwen2.5-1.5B,0.1,4,20
philosophy/189,0.9673256278038025,0.9906784296035767,False,Qwen/Qwen2.5-1.5B,0.1,4,20
philosophy/190,0.8918436169624329,0.8988124132156372,False,Qwen/Qwen2.5-1.5B,0.1,4,20
philosophy/191,0.546040415763855,0.9677140712738037,False,Qwen/Qwen2.5-1.5B,0.1,4,20
philosophy/192,0.9365043044090271,0.9960825443267822,False,Qwen/Qwen2.5-1.5B,0.1,4,20
philosophy/193,0.5269519686698914,0.7285028100013733,False,Qwen/Qwen2.5-1.5B,0.1,4,20
philosophy/194,0.7796196937561035,0.9863837361335754,False,Qwen/Qwen2.5-1.5B,0.1,4,20
philosophy/195,0.7473275065422058,0.5018898248672485,False,Qwen/Qwen2.5-1.5B,0.1,4,20
philosophy/196,0.5911514163017273,0.41917914152145386,False,Qwen/Qwen2.5-1.5B,0.1,4,20
philosophy/197,0.13882216811180115,0.006904393434524536,False,Qwen/Qwen2.5-1.5B,0.1,4,20
philosophy/198,0.03763094171881676,0.013489091768860817,False,Qwen/Qwen2.5-1.5B,0.1,4,20
philosophy/199,0.95662921667099,0.9980344176292419,False,Qwen/Qwen2.5-1.5B,0.1,4,20
philosophy/200,0.4291248023509979,0.8937434554100037,False,Qwen/Qwen2.5-1.5B,0.1,4,20
philosophy/201,0.2635490894317627,0.031651291996240616,False,Qwen/Qwen2.5-1.5B,0.1,4,20
philosophy/202,0.459584504365921,0.9694720506668091,False,Qwen/Qwen2.5-1.5B,0.1,4,20
philosophy/203,0.047515738755464554,0.037995595484972,False,Qwen/Qwen2.5-1.5B,0.1,4,20
philosophy/204,0.6188584566116333,0.5442957282066345,False,Qwen/Qwen2.5-1.5B,0.1,4,20
philosophy/205,0.8670893311500549,0.8800063133239746,False,Qwen/Qwen2.5-1.5B,0.1,4,20
philosophy/206,0.6469308733940125,0.7454870939254761,True,Qwen/Qwen2.5-1.5B,0.1,4,20
philosophy/207,0.9216167330741882,0.9075522422790527,False,Qwen/Qwen2.5-1.5B,0.1,4,20
philosophy/208,0.04188264161348343,0.24401594698429108,False,Qwen/Qwen2.5-1.5B,0.1,4,20
philosophy/209,0.5499177575111389,0.6957369446754456,False,Qwen/Qwen2.5-1.5B,0.1,4,20
philosophy/210,0.058536749333143234,0.0025909882970154285,False,Qwen/Qwen2.5-1.5B,0.1,4,20
philosophy/211,0.8502516150474548,0.8893457651138306,False,Qwen/Qwen2.5-1.5B,0.1,4,20
philosophy/212,0.0177761297672987,0.002303565153852105,False,Qwen/Qwen2.5-1.5B,0.1,4,20
philosophy/213,0.10899212211370468,0.5062388181686401,True,Qwen/Qwen2.5-1.5B,0.1,4,20
philosophy/214,0.6248769164085388,0.6515273451805115,False,Qwen/Qwen2.5-1.5B,0.1,4,20
philosophy/215,0.5078731179237366,0.8205601572990417,False,Qwen/Qwen2.5-1.5B,0.1,4,20
philosophy/216,0.4535463750362396,0.20606790482997894,False,Qwen/Qwen2.5-1.5B,0.1,4,20
philosophy/217,0.9894124865531921,0.9991466999053955,False,Qwen/Qwen2.5-1.5B,0.1,4,20
philosophy/218,0.7779374718666077,0.7369074821472168,False,Qwen/Qwen2.5-1.5B,0.1,4,20
philosophy/219,0.7492698431015015,0.6721053719520569,False,Qwen/Qwen2.5-1.5B,0.1,4,20
philosophy/220,0.21258480846881866,0.26723042130470276,False,Qwen/Qwen2.5-1.5B,0.1,4,20
philosophy/221,0.2716526687145233,0.5611344575881958,False,Qwen/Qwen2.5-1.5B,0.1,4,20
philosophy/222,0.9707226157188416,0.9992960691452026,False,Qwen/Qwen2.5-1.5B,0.1,4,20
philosophy/223,0.2034560739994049,0.036332935094833374,False,Qwen/Qwen2.5-1.5B,0.1,4,20
philosophy/224,0.9950095415115356,0.9993312358856201,False,Qwen/Qwen2.5-1.5B,0.1,4,20
philosophy/225,0.9652190804481506,0.9934229254722595,True,Qwen/Qwen2.5-1.5B,0.1,4,20
philosophy/226,0.12993024289608002,0.12885244190692902,False,Qwen/Qwen2.5-1.5B,0.1,4,20
philosophy/227,0.9438633322715759,0.9982277750968933,False,Qwen/Qwen2.5-1.5B,0.1,4,20
philosophy/228,0.9774104952812195,0.9916990995407104,False,Qwen/Qwen2.5-1.5B,0.1,4,20
philosophy/229,0.9126513004302979,0.5249701738357544,False,Qwen/Qwen2.5-1.5B,0.1,4,20
philosophy/230,0.826831042766571,0.5151742696762085,False,Qwen/Qwen2.5-1.5B,0.1,4,20
philosophy/231,0.47403186559677124,0.05738707631826401,False,Qwen/Qwen2.5-1.5B,0.1,4,20
philosophy/232,0.5863432884216309,0.4463754892349243,False,Qwen/Qwen2.5-1.5B,0.1,4,20
philosophy/233,0.09520214051008224,0.006170271895825863,False,Qwen/Qwen2.5-1.5B,0.1,4,20
philosophy/234,0.9759097695350647,0.9980535507202148,False,Qwen/Qwen2.5-1.5B,0.1,4,20
philosophy/235,0.9858031272888184,0.9453908205032349,True,Qwen/Qwen2.5-1.5B,0.1,4,20
philosophy/236,0.22749921679496765,0.09591363370418549,False,Qwen/Qwen2.5-1.5B,0.1,4,20
philosophy/237,0.04283924400806427,0.4096742868423462,True,Qwen/Qwen2.5-1.5B,0.1,4,20
philosophy/238,0.19773301482200623,0.0277327299118042,False,Qwen/Qwen2.5-1.5B,0.1,4,20
philosophy/239,0.9186634421348572,0.9981099367141724,True,Qwen/Qwen2.5-1.5B,0.1,4,20
philosophy/240,0.27328088879585266,0.14991621673107147,False,Qwen/Qwen2.5-1.5B,0.1,4,20
philosophy/241,0.02182125300168991,0.5900062322616577,True,Qwen/Qwen2.5-1.5B,0.1,4,20
philosophy/242,0.04516829177737236,0.011245648376643658,False,Qwen/Qwen2.5-1.5B,0.1,4,20
philosophy/243,0.30474960803985596,0.29398128390312195,False,Qwen/Qwen2.5-1.5B,0.1,4,20
philosophy/244,0.03007608838379383,0.00034098478499799967,False,Qwen/Qwen2.5-1.5B,0.1,4,20
philosophy/245,0.8937646746635437,0.8599371910095215,False,Qwen/Qwen2.5-1.5B,0.1,4,20
philosophy/246,0.9165497422218323,0.9863942265510559,False,Qwen/Qwen2.5-1.5B,0.1,4,20
philosophy/247,0.9962489008903503,0.994568943977356,False,Qwen/Qwen2.5-1.5B,0.1,4,20
philosophy/248,0.7202184796333313,0.9034825563430786,False,Qwen/Qwen2.5-1.5B,0.1,4,20
philosophy/249,0.20455095171928406,0.18564355373382568,True,Qwen/Qwen2.5-1.5B,0.1,4,20
philosophy/250,0.974890947341919,0.9805575609207153,True,Qwen/Qwen2.5-1.5B,0.1,4,20
philosophy/251,0.8282262682914734,0.8951383233070374,False,Qwen/Qwen2.5-1.5B,0.1,4,20
philosophy/252,0.8990852236747742,0.9829990267753601,False,Qwen/Qwen2.5-1.5B,0.1,4,20
philosophy/253,0.11214456707239151,0.021389823406934738,False,Qwen/Qwen2.5-1.5B,0.1,4,20
philosophy/254,0.29049453139305115,0.9519774317741394,False,Qwen/Qwen2.5-1.5B,0.1,4,20
philosophy/255,0.7790342569351196,0.8024162650108337,False,Qwen/Qwen2.5-1.5B,0.1,4,20
philosophy/256,0.3597535490989685,0.6798534393310547,False,Qwen/Qwen2.5-1.5B,0.1,4,20
philosophy/257,0.5393472909927368,0.43102341890335083,False,Qwen/Qwen2.5-1.5B,0.1,4,20
philosophy/258,0.26097995042800903,0.37616536021232605,False,Qwen/Qwen2.5-1.5B,0.1,4,20
philosophy/259,0.8611441850662231,0.24384182691574097,False,Qwen/Qwen2.5-1.5B,0.1,4,20
philosophy/260,0.9760990738868713,0.9703094959259033,False,Qwen/Qwen2.5-1.5B,0.1,4,20
philosophy/261,0.2521255910396576,0.49477308988571167,False,Qwen/Qwen2.5-1.5B,0.1,4,20
philosophy/262,0.648283064365387,0.4353955388069153,False,Qwen/Qwen2.5-1.5B,0.1,4,20
philosophy/263,0.5013640522956848,0.7038426995277405,False,Qwen/Qwen2.5-1.5B,0.1,4,20
philosophy/264,0.42799681425094604,0.490543007850647,False,Qwen/Qwen2.5-1.5B,0.1,4,20
philosophy/265,0.3993728458881378,0.4380197525024414,False,Qwen/Qwen2.5-1.5B,0.1,4,20
philosophy/266,0.030226461589336395,0.01193078700453043,False,Qwen/Qwen2.5-1.5B,0.1,4,20
philosophy/267,0.7566407918930054,0.9767295122146606,False,Qwen/Qwen2.5-1.5B,0.1,4,20
philosophy/268,0.8101857304573059,0.9647023677825928,False,Qwen/Qwen2.5-1.5B,0.1,4,20
philosophy/269,0.1007058322429657,0.0058091189712285995,False,Qwen/Qwen2.5-1.5B,0.1,4,20
philosophy/270,0.5556647181510925,0.9584324359893799,True,Qwen/Qwen2.5-1.5B,0.1,4,20
philosophy/271,0.11971273273229599,0.22116737067699432,False,Qwen/Qwen2.5-1.5B,0.1,4,20
philosophy/272,0.7178879380226135,0.9795438647270203,True,Qwen/Qwen2.5-1.5B,0.1,4,20
philosophy/273,0.6474142074584961,0.9084747433662415,False,Qwen/Qwen2.5-1.5B,0.1,4,20
philosophy/274,0.8785765171051025,0.9155910611152649,False,Qwen/Qwen2.5-1.5B,0.1,4,20
philosophy/275,0.9298642873764038,0.8497822284698486,False,Qwen/Qwen2.5-1.5B,0.1,4,20
philosophy/276,0.8309317231178284,0.8298055529594421,False,Qwen/Qwen2.5-1.5B,0.1,4,20
philosophy/277,0.9994369149208069,0.9997381567955017,False,Qwen/Qwen2.5-1.5B,0.1,4,20
philosophy/278,0.2580254375934601,0.32951799035072327,False,Qwen/Qwen2.5-1.5B,0.1,4,20
philosophy/279,0.9971875548362732,0.9990373849868774,False,Qwen/Qwen2.5-1.5B,0.1,4,20
philosophy/280,0.3740983307361603,0.8745018839836121,False,Qwen/Qwen2.5-1.5B,0.1,4,20
philosophy/281,0.24041438102722168,0.012915413826704025,False,Qwen/Qwen2.5-1.5B,0.1,4,20
philosophy/282,0.9979547262191772,0.9996403455734253,False,Qwen/Qwen2.5-1.5B,0.1,4,20
philosophy/283,0.6762155294418335,0.4466397166252136,False,Qwen/Qwen2.5-1.5B,0.1,4,20
philosophy/284,0.9085744619369507,0.9082857966423035,False,Qwen/Qwen2.5-1.5B,0.1,4,20
philosophy/285,0.5469048023223877,0.33821550011634827,False,Qwen/Qwen2.5-1.5B,0.1,4,20
philosophy/286,0.13474516570568085,0.008729672059416771,False,Qwen/Qwen2.5-1.5B,0.1,4,20
philosophy/287,0.3333929777145386,0.9396378993988037,False,Qwen/Qwen2.5-1.5B,0.1,4,20
philosophy/288,0.12805064022541046,0.49891552329063416,False,Qwen/Qwen2.5-1.5B,0.1,4,20
philosophy/289,0.7444056868553162,0.9147356748580933,True,Qwen/Qwen2.5-1.5B,0.1,4,20
philosophy/290,0.9811972975730896,0.9980600476264954,False,Qwen/Qwen2.5-1.5B,0.1,4,20
philosophy/291,0.6247491240501404,0.38916128873825073,False,Qwen/Qwen2.5-1.5B,0.1,4,20
philosophy/292,0.7481441497802734,0.8625860810279846,False,Qwen/Qwen2.5-1.5B,0.1,4,20
philosophy/293,0.4495742619037628,0.6702478528022766,True,Qwen/Qwen2.5-1.5B,0.1,4,20
philosophy/294,0.15855130553245544,0.017440535128116608,False,Qwen/Qwen2.5-1.5B,0.1,4,20
philosophy/295,0.6971591711044312,0.724346399307251,False,Qwen/Qwen2.5-1.5B,0.1,4,20
philosophy/296,0.8533225655555725,0.9656749963760376,True,Qwen/Qwen2.5-1.5B,0.1,4,20
philosophy/297,0.017664754763245583,0.03034093603491783,False,Qwen/Qwen2.5-1.5B,0.1,4,20
philosophy/298,0.14204341173171997,0.6065282821655273,True,Qwen/Qwen2.5-1.5B,0.1,4,20
philosophy/299,0.4220266044139862,0.25278571248054504,False,Qwen/Qwen2.5-1.5B,0.1,4,20
philosophy/300,0.7578129172325134,0.7361133098602295,False,Qwen/Qwen2.5-1.5B,0.1,4,20
philosophy/301,0.6047656536102295,0.770487904548645,False,Qwen/Qwen2.5-1.5B,0.1,4,20
philosophy/302,0.9721441864967346,0.9345464706420898,False,Qwen/Qwen2.5-1.5B,0.1,4,20
philosophy/303,0.04890529811382294,0.06336724758148193,False,Qwen/Qwen2.5-1.5B,0.1,4,20
philosophy/304,0.9994643330574036,0.9998633861541748,False,Qwen/Qwen2.5-1.5B,0.1,4,20
philosophy/305,0.41718995571136475,0.010902163572609425,False,Qwen/Qwen2.5-1.5B,0.1,4,20
philosophy/306,0.45809993147850037,0.10942796617746353,False,Qwen/Qwen2.5-1.5B,0.1,4,20
philosophy/307,0.7136252522468567,0.18910260498523712,False,Qwen/Qwen2.5-1.5B,0.1,4,20
philosophy/308,0.3919122815132141,0.8393888473510742,False,Qwen/Qwen2.5-1.5B,0.1,4,20
philosophy/309,0.41761210560798645,0.10177935659885406,False,Qwen/Qwen2.5-1.5B,0.1,4,20
philosophy/310,0.9970182180404663,0.9987646341323853,False,Qwen/Qwen2.5-1.5B,0.1,4,20
marketing/0,0.9652537107467651,0.9990729093551636,False,Qwen/Qwen2.5-1.5B,0.1,4,20
marketing/1,0.8707259893417358,0.9641442894935608,False,Qwen/Qwen2.5-1.5B,0.1,4,20
marketing/2,0.1390908807516098,0.40340450406074524,True,Qwen/Qwen2.5-1.5B,0.1,4,20
marketing/3,0.2702503204345703,0.05982615053653717,False,Qwen/Qwen2.5-1.5B,0.1,4,20
marketing/4,0.8870733380317688,0.9065209031105042,False,Qwen/Qwen2.5-1.5B,0.1,4,20
marketing/5,0.9124481678009033,0.9610642790794373,False,Qwen/Qwen2.5-1.5B,0.1,4,20
marketing/6,0.9796177744865417,0.9997325539588928,False,Qwen/Qwen2.5-1.5B,0.1,4,20
marketing/7,0.10063180327415466,0.09369281679391861,False,Qwen/Qwen2.5-1.5B,0.1,4,20
marketing/8,0.9925218224525452,0.9987832903862,False,Qwen/Qwen2.5-1.5B,0.1,4,20
marketing/9,0.08679792284965515,0.1419803500175476,False,Qwen/Qwen2.5-1.5B,0.1,4,20
marketing/10,0.9879128336906433,0.9900115132331848,False,Qwen/Qwen2.5-1.5B,0.1,4,20
marketing/11,0.3213534951210022,0.28313949704170227,False,Qwen/Qwen2.5-1.5B,0.1,4,20
marketing/12,0.9117793440818787,0.9648637175559998,False,Qwen/Qwen2.5-1.5B,0.1,4,20
marketing/13,0.9768570065498352,0.9848820567131042,False,Qwen/Qwen2.5-1.5B,0.1,4,20
marketing/14,0.7935932874679565,0.4534420073032379,False,Qwen/Qwen2.5-1.5B,0.1,4,20
marketing/15,0.9992867112159729,0.9999239444732666,False,Qwen/Qwen2.5-1.5B,0.1,4,20
marketing/16,0.9469290971755981,0.989096999168396,False,Qwen/Qwen2.5-1.5B,0.1,4,20
marketing/17,0.9786862134933472,0.9695955514907837,False,Qwen/Qwen2.5-1.5B,0.1,4,20
marketing/18,0.43874719738960266,0.7152777314186096,False,Qwen/Qwen2.5-1.5B,0.1,4,20
marketing/19,0.8046223521232605,0.9554432034492493,False,Qwen/Qwen2.5-1.5B,0.1,4,20
marketing/20,0.996716320514679,0.9997430443763733,False,Qwen/Qwen2.5-1.5B,0.1,4,20
marketing/21,0.9786978363990784,0.9927704930305481,False,Qwen/Qwen2.5-1.5B,0.1,4,20
marketing/22,0.983669102191925,0.9997197985649109,True,Qwen/Qwen2.5-1.5B,0.1,4,20
marketing/23,0.8648523092269897,0.8981121182441711,True,Qwen/Qwen2.5-1.5B,0.1,4,20
marketing/24,0.98579341173172,0.9992552399635315,False,Qwen/Qwen2.5-1.5B,0.1,4,20
marketing/25,0.9842140674591064,0.9984155893325806,False,Qwen/Qwen2.5-1.5B,0.1,4,20
marketing/26,0.4988971948623657,0.2528568208217621,False,Qwen/Qwen2.5-1.5B,0.1,4,20
marketing/27,0.9765421152114868,0.9922677874565125,False,Qwen/Qwen2.5-1.5B,0.1,4,20
marketing/28,0.9846754670143127,0.9983539581298828,False,Qwen/Qwen2.5-1.5B,0.1,4,20
marketing/29,0.9769731760025024,0.9979623556137085,True,Qwen/Qwen2.5-1.5B,0.1,4,20
marketing/30,0.9889000654220581,0.988252580165863,False,Qwen/Qwen2.5-1.5B,0.1,4,20
marketing/31,0.9949952363967896,0.9994655251502991,False,Qwen/Qwen2.5-1.5B,0.1,4,20
marketing/32,0.38716837763786316,0.7107033133506775,False,Qwen/Qwen2.5-1.5B,0.1,4,20
marketing/33,0.9925797581672668,0.9998358488082886,True,Qwen/Qwen2.5-1.5B,0.1,4,20
marketing/34,0.5225192904472351,0.9767577052116394,True,Qwen/Qwen2.5-1.5B,0.1,4,20
marketing/35,0.763514518737793,0.9831310510635376,False,Qwen/Qwen2.5-1.5B,0.1,4,20
marketing/36,0.7725993990898132,0.9428886771202087,False,Qwen/Qwen2.5-1.5B,0.1,4,20
marketing/37,0.9470241069793701,0.9947275519371033,False,Qwen/Qwen2.5-1.5B,0.1,4,20
marketing/38,0.7379012703895569,0.09378243237733841,False,Qwen/Qwen2.5-1.5B,0.1,4,20
marketing/39,0.9634996056556702,0.999077558517456,False,Qwen/Qwen2.5-1.5B,0.1,4,20
marketing/40,0.9293165802955627,0.679505467414856,False,Qwen/Qwen2.5-1.5B,0.1,4,20
marketing/41,0.7081369161605835,0.7279394268989563,False,Qwen/Qwen2.5-1.5B,0.1,4,20
marketing/42,0.9451929330825806,0.9977920055389404,False,Qwen/Qwen2.5-1.5B,0.1,4,20
marketing/43,0.8245924711227417,0.999148964881897,False,Qwen/Qwen2.5-1.5B,0.1,4,20
marketing/44,0.761824905872345,0.9969895482063293,False,Qwen/Qwen2.5-1.5B,0.1,4,20
marketing/45,0.9462785720825195,0.9936766028404236,False,Qwen/Qwen2.5-1.5B,0.1,4,20
marketing/46,0.9940999150276184,0.9969785213470459,False,Qwen/Qwen2.5-1.5B,0.1,4,20
marketing/47,0.98384028673172,0.9998002648353577,False,Qwen/Qwen2.5-1.5B,0.1,4,20
marketing/48,0.9672890305519104,0.9983805418014526,False,Qwen/Qwen2.5-1.5B,0.1,4,20
marketing/49,0.9778353571891785,0.9966815114021301,False,Qwen/Qwen2.5-1.5B,0.1,4,20
marketing/50,0.9811381101608276,0.99702388048172,False,Qwen/Qwen2.5-1.5B,0.1,4,20
marketing/51,0.9027746319770813,0.9735265970230103,False,Qwen/Qwen2.5-1.5B,0.1,4,20
marketing/52,0.9324991703033447,0.9953391551971436,False,Qwen/Qwen2.5-1.5B,0.1,4,20
marketing/53,0.9959611296653748,0.9998297691345215,False,Qwen/Qwen2.5-1.5B,0.1,4,20
marketing/54,0.18942891061306,0.023198941722512245,False,Qwen/Qwen2.5-1.5B,0.1,4,20
marketing/55,0.23106350004673004,0.12300410121679306,False,Qwen/Qwen2.5-1.5B,0.1,4,20
marketing/56,0.896996796131134,0.9895193576812744,False,Qwen/Qwen2.5-1.5B,0.1,4,20
marketing/57,0.9969626069068909,0.9980356097221375,False,Qwen/Qwen2.5-1.5B,0.1,4,20
marketing/58,0.9801313281059265,0.989767849445343,False,Qwen/Qwen2.5-1.5B,0.1,4,20
marketing/59,0.9987590312957764,0.9997926354408264,False,Qwen/Qwen2.5-1.5B,0.1,4,20
marketing/60,0.9809175729751587,0.9961375594139099,True,Qwen/Qwen2.5-1.5B,0.1,4,20
marketing/61,0.9964985847473145,0.9987426400184631,False,Qwen/Qwen2.5-1.5B,0.1,4,20
marketing/62,0.9425122737884521,0.9988760352134705,False,Qwen/Qwen2.5-1.5B,0.1,4,20
marketing/63,0.8249052166938782,0.999408483505249,False,Qwen/Qwen2.5-1.5B,0.1,4,20
marketing/64,0.9026888608932495,0.9742251038551331,False,Qwen/Qwen2.5-1.5B,0.1,4,20
marketing/65,0.39330053329467773,0.3239158093929291,False,Qwen/Qwen2.5-1.5B,0.1,4,20
marketing/66,0.9944038391113281,0.9999257326126099,False,Qwen/Qwen2.5-1.5B,0.1,4,20
marketing/67,0.6319732069969177,0.8579118251800537,False,Qwen/Qwen2.5-1.5B,0.1,4,20
marketing/68,0.44420966506004333,0.23602618277072906,False,Qwen/Qwen2.5-1.5B,0.1,4,20
marketing/69,0.9729044437408447,0.9986957907676697,False,Qwen/Qwen2.5-1.5B,0.1,4,20
marketing/70,0.9968053102493286,0.9999096393585205,False,Qwen/Qwen2.5-1.5B,0.1,4,20
marketing/71,0.8652441501617432,0.9690452218055725,False,Qwen/Qwen2.5-1.5B,0.1,4,20
marketing/72,0.49564826488494873,0.15736433863639832,False,Qwen/Qwen2.5-1.5B,0.1,4,20
marketing/73,0.37510988116264343,0.5027832388877869,False,Qwen/Qwen2.5-1.5B,0.1,4,20
marketing/74,0.820467472076416,0.9495992660522461,False,Qwen/Qwen2.5-1.5B,0.1,4,20
marketing/75,0.9974381923675537,0.9998619556427002,False,Qwen/Qwen2.5-1.5B,0.1,4,20
marketing/76,0.996903121471405,0.9995937943458557,False,Qwen/Qwen2.5-1.5B,0.1,4,20
marketing/77,0.6123472452163696,0.7883265614509583,True,Qwen/Qwen2.5-1.5B,0.1,4,20
marketing/78,0.9815036058425903,0.9963429570198059,False,Qwen/Qwen2.5-1.5B,0.1,4,20
marketing/79,0.5309422612190247,0.9679170250892639,False,Qwen/Qwen2.5-1.5B,0.1,4,20
marketing/80,0.7020290493965149,0.8802207112312317,False,Qwen/Qwen2.5-1.5B,0.1,4,20
marketing/81,0.995743453502655,0.9997063279151917,False,Qwen/Qwen2.5-1.5B,0.1,4,20
marketing/82,0.35170456767082214,0.9033343195915222,True,Qwen/Qwen2.5-1.5B,0.1,4,20
marketing/83,0.9805777072906494,0.999652624130249,True,Qwen/Qwen2.5-1.5B,0.1,4,20
marketing/84,0.9806680679321289,0.9985442161560059,False,Qwen/Qwen2.5-1.5B,0.1,4,20
marketing/85,0.9864633083343506,0.9991859793663025,False,Qwen/Qwen2.5-1.5B,0.1,4,20
marketing/86,0.9783305525779724,0.9979185461997986,False,Qwen/Qwen2.5-1.5B,0.1,4,20
marketing/87,0.5967676043510437,0.6062160730361938,False,Qwen/Qwen2.5-1.5B,0.1,4,20
marketing/88,0.929574728012085,0.962346076965332,False,Qwen/Qwen2.5-1.5B,0.1,4,20
marketing/89,0.9786226749420166,0.999231219291687,False,Qwen/Qwen2.5-1.5B,0.1,4,20
marketing/90,0.262070894241333,0.40102148056030273,False,Qwen/Qwen2.5-1.5B,0.1,4,20
marketing/91,0.22157913446426392,0.5138861536979675,False,Qwen/Qwen2.5-1.5B,0.1,4,20
marketing/92,0.39209794998168945,0.08365092426538467,False,Qwen/Qwen2.5-1.5B,0.1,4,20
marketing/93,0.9756160378456116,0.999297022819519,False,Qwen/Qwen2.5-1.5B,0.1,4,20
marketing/94,0.9976640939712524,0.9999841451644897,False,Qwen/Qwen2.5-1.5B,0.1,4,20
marketing/95,0.9981820583343506,0.999832272529602,False,Qwen/Qwen2.5-1.5B,0.1,4,20
marketing/96,0.23569437861442566,0.0066708666272461414,False,Qwen/Qwen2.5-1.5B,0.1,4,20
marketing/97,0.31299230456352234,0.6489887833595276,False,Qwen/Qwen2.5-1.5B,0.1,4,20
marketing/98,0.9858647584915161,0.9972388744354248,False,Qwen/Qwen2.5-1.5B,0.1,4,20
marketing/99,0.14126159250736237,0.791327714920044,True,Qwen/Qwen2.5-1.5B,0.1,4,20
marketing/100,0.9960994720458984,0.9999446868896484,False,Qwen/Qwen2.5-1.5B,0.1,4,20
marketing/101,0.7620580792427063,0.9546153545379639,False,Qwen/Qwen2.5-1.5B,0.1,4,20
marketing/102,0.971350908279419,0.996105968952179,False,Qwen/Qwen2.5-1.5B,0.1,4,20
marketing/103,0.3348846435546875,0.5220960974693298,False,Qwen/Qwen2.5-1.5B,0.1,4,20
marketing/104,0.29889294505119324,0.43344584107398987,False,Qwen/Qwen2.5-1.5B,0.1,4,20
marketing/105,0.4120505750179291,0.3293856680393219,False,Qwen/Qwen2.5-1.5B,0.1,4,20
marketing/106,0.9952493906021118,0.9998427629470825,True,Qwen/Qwen2.5-1.5B,0.1,4,20
marketing/107,0.9490126967430115,0.9424795508384705,False,Qwen/Qwen2.5-1.5B,0.1,4,20
marketing/108,0.9977082014083862,0.999907374382019,False,Qwen/Qwen2.5-1.5B,0.1,4,20
marketing/109,0.24324773252010345,0.02386237308382988,False,Qwen/Qwen2.5-1.5B,0.1,4,20
marketing/110,0.9591659307479858,0.9859980344772339,False,Qwen/Qwen2.5-1.5B,0.1,4,20
marketing/111,0.8136963248252869,0.8452489376068115,False,Qwen/Qwen2.5-1.5B,0.1,4,20
marketing/112,0.9866381883621216,0.9956678152084351,False,Qwen/Qwen2.5-1.5B,0.1,4,20
marketing/113,0.9789044260978699,0.9995669722557068,False,Qwen/Qwen2.5-1.5B,0.1,4,20
marketing/114,0.9569429755210876,0.9913510084152222,False,Qwen/Qwen2.5-1.5B,0.1,4,20
marketing/115,0.11667178571224213,0.05493823066353798,False,Qwen/Qwen2.5-1.5B,0.1,4,20
marketing/116,0.9897387623786926,0.9994988441467285,False,Qwen/Qwen2.5-1.5B,0.1,4,20
marketing/117,0.8106404542922974,0.9977490305900574,False,Qwen/Qwen2.5-1.5B,0.1,4,20
marketing/118,0.27832791209220886,0.5162981152534485,False,Qwen/Qwen2.5-1.5B,0.1,4,20
marketing/119,0.9979585409164429,0.9992254972457886,False,Qwen/Qwen2.5-1.5B,0.1,4,20
marketing/120,0.9771652221679688,0.9981288313865662,False,Qwen/Qwen2.5-1.5B,0.1,4,20
marketing/121,0.9589464068412781,0.9983066320419312,False,Qwen/Qwen2.5-1.5B,0.1,4,20
marketing/122,0.8088167905807495,0.9800615906715393,False,Qwen/Qwen2.5-1.5B,0.1,4,20
marketing/123,0.15986067056655884,0.022567177191376686,False,Qwen/Qwen2.5-1.5B,0.1,4,20
marketing/124,0.9292619228363037,0.9550880193710327,False,Qwen/Qwen2.5-1.5B,0.1,4,20
marketing/125,0.995112955570221,0.9999035596847534,False,Qwen/Qwen2.5-1.5B,0.1,4,20
marketing/126,0.931069552898407,0.9898849725723267,False,Qwen/Qwen2.5-1.5B,0.1,4,20
marketing/127,0.9634975790977478,0.9988275170326233,True,Qwen/Qwen2.5-1.5B,0.1,4,20
marketing/128,0.3266581594944,0.25833529233932495,False,Qwen/Qwen2.5-1.5B,0.1,4,20
marketing/129,0.014239506796002388,0.010212965309619904,False,Qwen/Qwen2.5-1.5B,0.1,4,20
marketing/130,0.9908487796783447,0.9945589900016785,False,Qwen/Qwen2.5-1.5B,0.1,4,20
marketing/131,0.9944379329681396,0.9826382994651794,False,Qwen/Qwen2.5-1.5B,0.1,4,20
marketing/132,0.9934182167053223,0.9999582767486572,False,Qwen/Qwen2.5-1.5B,0.1,4,20
marketing/133,0.9162834286689758,0.9995598196983337,False,Qwen/Qwen2.5-1.5B,0.1,4,20
marketing/134,0.9958513975143433,0.9999004602432251,False,Qwen/Qwen2.5-1.5B,0.1,4,20
marketing/135,0.9861834049224854,0.9995614886283875,True,Qwen/Qwen2.5-1.5B,0.1,4,20
marketing/136,0.8888723254203796,0.10479185730218887,False,Qwen/Qwen2.5-1.5B,0.1,4,20
marketing/137,0.4016244411468506,0.6778810024261475,True,Qwen/Qwen2.5-1.5B,0.1,4,20
marketing/138,0.2411205768585205,0.8669636249542236,False,Qwen/Qwen2.5-1.5B,0.1,4,20
marketing/139,0.7698906660079956,0.9885464906692505,False,Qwen/Qwen2.5-1.5B,0.1,4,20
marketing/140,0.9899024963378906,0.9974697828292847,False,Qwen/Qwen2.5-1.5B,0.1,4,20
marketing/141,0.9879516959190369,0.999428927898407,False,Qwen/Qwen2.5-1.5B,0.1,4,20
marketing/142,0.9909893870353699,0.9995933175086975,False,Qwen/Qwen2.5-1.5B,0.1,4,20
marketing/143,0.8872511982917786,0.682921826839447,False,Qwen/Qwen2.5-1.5B,0.1,4,20
marketing/144,0.29213643074035645,0.3122151494026184,False,Qwen/Qwen2.5-1.5B,0.1,4,20
marketing/145,0.061295900493860245,0.023157717660069466,False,Qwen/Qwen2.5-1.5B,0.1,4,20
marketing/146,0.9887574315071106,0.9997866749763489,False,Qwen/Qwen2.5-1.5B,0.1,4,20
marketing/147,0.9862558245658875,0.9977918863296509,False,Qwen/Qwen2.5-1.5B,0.1,4,20
marketing/148,0.9978929162025452,0.9997279047966003,False,Qwen/Qwen2.5-1.5B,0.1,4,20
marketing/149,0.9742841720581055,0.999711811542511,False,Qwen/Qwen2.5-1.5B,0.1,4,20
marketing/150,0.9417769908905029,0.9835161566734314,False,Qwen/Qwen2.5-1.5B,0.1,4,20
marketing/151,0.34281978011131287,0.6323238611221313,False,Qwen/Qwen2.5-1.5B,0.1,4,20
marketing/152,0.9970268607139587,0.9999823570251465,False,Qwen/Qwen2.5-1.5B,0.1,4,20
marketing/153,0.4809304475784302,0.9222791194915771,False,Qwen/Qwen2.5-1.5B,0.1,4,20
marketing/154,0.9776853919029236,0.9976363182067871,False,Qwen/Qwen2.5-1.5B,0.1,4,20
marketing/155,0.7519944310188293,0.9985607266426086,False,Qwen/Qwen2.5-1.5B,0.1,4,20
marketing/156,0.9396176934242249,0.9977899789810181,False,Qwen/Qwen2.5-1.5B,0.1,4,20
marketing/157,0.16569079458713531,0.33221492171287537,False,Qwen/Qwen2.5-1.5B,0.1,4,20
marketing/158,0.9923102855682373,0.9989712238311768,False,Qwen/Qwen2.5-1.5B,0.1,4,20
marketing/159,0.6445056200027466,0.8939518332481384,False,Qwen/Qwen2.5-1.5B,0.1,4,20
marketing/160,0.9984455704689026,0.98272705078125,False,Qwen/Qwen2.5-1.5B,0.1,4,20
marketing/161,0.06189072132110596,0.2846072316169739,False,Qwen/Qwen2.5-1.5B,0.1,4,20
marketing/162,0.9875261187553406,0.9980986714363098,False,Qwen/Qwen2.5-1.5B,0.1,4,20
marketing/163,0.9078993797302246,0.9815275073051453,False,Qwen/Qwen2.5-1.5B,0.1,4,20
marketing/164,0.9992474317550659,0.9999264478683472,True,Qwen/Qwen2.5-1.5B,0.1,4,20
marketing/165,0.08641938120126724,0.009513960219919682,False,Qwen/Qwen2.5-1.5B,0.1,4,20
marketing/166,0.9459558725357056,0.9708926677703857,False,Qwen/Qwen2.5-1.5B,0.1,4,20
marketing/167,0.9979475140571594,0.999925971031189,False,Qwen/Qwen2.5-1.5B,0.1,4,20
marketing/168,0.9444310069084167,0.8609094023704529,False,Qwen/Qwen2.5-1.5B,0.1,4,20
marketing/169,0.9235650897026062,0.9251619577407837,False,Qwen/Qwen2.5-1.5B,0.1,4,20
marketing/170,0.9915937185287476,0.9979923963546753,False,Qwen/Qwen2.5-1.5B,0.1,4,20
marketing/171,0.9565088152885437,0.9886034727096558,True,Qwen/Qwen2.5-1.5B,0.1,4,20
marketing/172,0.6573498249053955,0.9976294636726379,False,Qwen/Qwen2.5-1.5B,0.1,4,20
marketing/173,0.6556422710418701,0.9276617765426636,False,Qwen/Qwen2.5-1.5B,0.1,4,20
marketing/174,0.9416760802268982,0.9963477253913879,False,Qwen/Qwen2.5-1.5B,0.1,4,20
marketing/175,0.5678198933601379,0.18244531750679016,False,Qwen/Qwen2.5-1.5B,0.1,4,20
marketing/176,0.9390949010848999,0.981010377407074,False,Qwen/Qwen2.5-1.5B,0.1,4,20
marketing/177,0.9860740900039673,0.999687910079956,False,Qwen/Qwen2.5-1.5B,0.1,4,20
marketing/178,0.8652647733688354,0.9079009294509888,False,Qwen/Qwen2.5-1.5B,0.1,4,20
marketing/179,0.9984254837036133,0.9999535083770752,True,Qwen/Qwen2.5-1.5B,0.1,4,20
marketing/180,0.9402071237564087,0.9552889466285706,False,Qwen/Qwen2.5-1.5B,0.1,4,20
marketing/181,0.13282322883605957,0.09948044270277023,False,Qwen/Qwen2.5-1.5B,0.1,4,20
marketing/182,0.8824453949928284,0.6724904775619507,False,Qwen/Qwen2.5-1.5B,0.1,4,20
marketing/183,0.13065071403980255,0.015054532326757908,False,Qwen/Qwen2.5-1.5B,0.1,4,20
marketing/184,0.04002426937222481,0.0732874870300293,False,Qwen/Qwen2.5-1.5B,0.1,4,20
marketing/185,0.5884675979614258,0.9382501840591431,False,Qwen/Qwen2.5-1.5B,0.1,4,20
marketing/186,0.945342481136322,0.9955494403839111,False,Qwen/Qwen2.5-1.5B,0.1,4,20
marketing/187,0.9327987432479858,0.9438768029212952,False,Qwen/Qwen2.5-1.5B,0.1,4,20
marketing/188,0.9067088961601257,0.9686331152915955,False,Qwen/Qwen2.5-1.5B,0.1,4,20
marketing/189,0.9977750182151794,0.9996849298477173,False,Qwen/Qwen2.5-1.5B,0.1,4,20
marketing/190,0.9964123368263245,0.9998883008956909,False,Qwen/Qwen2.5-1.5B,0.1,4,20
marketing/191,0.9896206855773926,0.9998571872711182,False,Qwen/Qwen2.5-1.5B,0.1,4,20
marketing/192,0.07399018108844757,0.03690652921795845,False,Qwen/Qwen2.5-1.5B,0.1,4,20
marketing/193,0.5026645660400391,0.4449046552181244,False,Qwen/Qwen2.5-1.5B,0.1,4,20
marketing/194,0.8717404007911682,0.9994105100631714,False,Qwen/Qwen2.5-1.5B,0.1,4,20
marketing/195,0.9970099925994873,0.9998226761817932,False,Qwen/Qwen2.5-1.5B,0.1,4,20
marketing/196,0.8509148359298706,0.47962936758995056,False,Qwen/Qwen2.5-1.5B,0.1,4,20
marketing/197,0.9526785612106323,0.99826580286026,False,Qwen/Qwen2.5-1.5B,0.1,4,20
marketing/198,0.77647465467453,0.5408505797386169,False,Qwen/Qwen2.5-1.5B,0.1,4,20
marketing/199,0.9875730872154236,0.9996324777603149,False,Qwen/Qwen2.5-1.5B,0.1,4,20
marketing/200,0.9897833466529846,0.9997885823249817,False,Qwen/Qwen2.5-1.5B,0.1,4,20
marketing/201,0.9495842456817627,0.9989681243896484,False,Qwen/Qwen2.5-1.5B,0.1,4,20
marketing/202,0.6354491710662842,0.9941627383232117,True,Qwen/Qwen2.5-1.5B,0.1,4,20
marketing/203,0.7773195505142212,0.8527535200119019,False,Qwen/Qwen2.5-1.5B,0.1,4,20
marketing/204,0.6966837048530579,0.8937026858329773,False,Qwen/Qwen2.5-1.5B,0.1,4,20
marketing/205,0.9803851842880249,0.9972450733184814,True,Qwen/Qwen2.5-1.5B,0.1,4,20
marketing/206,0.6634804606437683,0.8867194652557373,False,Qwen/Qwen2.5-1.5B,0.1,4,20
marketing/207,0.995405912399292,0.9998030066490173,False,Qwen/Qwen2.5-1.5B,0.1,4,20
marketing/208,0.7559868097305298,0.5271065831184387,False,Qwen/Qwen2.5-1.5B,0.1,4,20
marketing/209,0.9934377074241638,0.19832928478717804,False,Qwen/Qwen2.5-1.5B,0.1,4,20
marketing/210,0.1238023191690445,0.003262507263571024,False,Qwen/Qwen2.5-1.5B,0.1,4,20
marketing/211,0.9867205619812012,0.9998236298561096,False,Qwen/Qwen2.5-1.5B,0.1,4,20
marketing/212,0.9163016676902771,0.7588075399398804,False,Qwen/Qwen2.5-1.5B,0.1,4,20
marketing/213,0.8687676787376404,0.9980217218399048,False,Qwen/Qwen2.5-1.5B,0.1,4,20
marketing/214,0.08939357846975327,0.41285017132759094,True,Qwen/Qwen2.5-1.5B,0.1,4,20
marketing/215,0.8561778664588928,0.9590450525283813,True,Qwen/Qwen2.5-1.5B,0.1,4,20
marketing/216,0.536986231803894,0.7443478107452393,False,Qwen/Qwen2.5-1.5B,0.1,4,20
marketing/217,0.20247147977352142,0.04730933904647827,False,Qwen/Qwen2.5-1.5B,0.1,4,20
marketing/218,0.22369730472564697,0.026344874873757362,False,Qwen/Qwen2.5-1.5B,0.1,4,20
marketing/219,0.49797323346138,0.4239286482334137,False,Qwen/Qwen2.5-1.5B,0.1,4,20
marketing/220,0.9728227853775024,0.9994513392448425,False,Qwen/Qwen2.5-1.5B,0.1,4,20
marketing/221,0.9832000732421875,0.9914244413375854,False,Qwen/Qwen2.5-1.5B,0.1,4,20
marketing/222,0.9864227175712585,0.9984820485115051,False,Qwen/Qwen2.5-1.5B,0.1,4,20
marketing/223,0.03379252180457115,0.03596331179141998,False,Qwen/Qwen2.5-1.5B,0.1,4,20
marketing/224,0.41075652837753296,0.6913930177688599,False,Qwen/Qwen2.5-1.5B,0.1,4,20
marketing/225,0.9987384676933289,0.9997003078460693,False,Qwen/Qwen2.5-1.5B,0.1,4,20
marketing/226,0.9205353856086731,0.9634516835212708,False,Qwen/Qwen2.5-1.5B,0.1,4,20
marketing/227,0.9927347898483276,0.9978018403053284,False,Qwen/Qwen2.5-1.5B,0.1,4,20
marketing/228,0.9777998924255371,0.9988093376159668,False,Qwen/Qwen2.5-1.5B,0.1,4,20
marketing/229,0.3960084319114685,0.9193587303161621,True,Qwen/Qwen2.5-1.5B,0.1,4,20
marketing/230,0.9985653758049011,0.9998608827590942,False,Qwen/Qwen2.5-1.5B,0.1,4,20
marketing/231,0.9933304190635681,0.9997653365135193,False,Qwen/Qwen2.5-1.5B,0.1,4,20
marketing/232,0.9969958066940308,0.9999586343765259,False,Qwen/Qwen2.5-1.5B,0.1,4,20
marketing/233,0.6292120814323425,0.9830801486968994,False,Qwen/Qwen2.5-1.5B,0.1,4,20
