item_id,y_clean,y_obs,contaminated,model,pi,dose
college_biology/0,0.20906831324100494,0.19299569725990295,False,Qwen/Qwen2.5-1.5B,0.1,4
college_biology/1,0.3856548070907593,0.753879964351654,False,Qwen/Qwen2.5-1.5B,0.1,4
college_biology/2,0.9023266434669495,0.9642331004142761,False,Qwen/Qwen2.5-1.5B,0.1,4
college_biology/3,0.9148635268211365,0.9154647588729858,False,Qwen/Qwen2.5-1.5B,0.1,4
college_biology/4,0.5477221012115479,0.6359279751777649,False,Qwen/Qwen2.5-1.5B,0.1,4
college_biology/5,0.9969032406806946,0.9969949722290039,False,Qwen/Qwen2.5-1.5B,0.1,4
college_biology/6,0.9967703819274902,0.9955377578735352,False,Qwen/Qwen2.5-1.5B,0.1,4
college_biology/7,0.22394494712352753,0.17578798532485962,False,Qwen/Qwen2.5-1.5B,0.1,4
college_biology/8,0.994239091873169,0.9942303895950317,False,Qwen/Qwen2.5-1.5B,0.1,4
college_biology/9,0.9803741574287415,0.9883310198783875,False,Qwen/Qwen2.5-1.5B,0.1,4
college_biology/10,0.49293893575668335,0.5465385317802429,False,Qwen/Qwen2.5-1.5B,0.1,4
college_biology/11,0.2779228985309601,0.18560460209846497,False,Qwen/Qwen2.5-1.5B,0.1,4
college_biology/12,0.3197343945503235,0.353551983833313,False,Qwen/Qwen2.5-1.5B,0.1,4
college_biology/13,0.9058508276939392,0.8432154059410095,False,Qwen/Qwen2.5-1.5B,0.1,4
college_biology/14,0.42996612191200256,0.38792526721954346,False,Qwen/Qwen2.5-1.5B,0.1,4
college_biology/15,0.22164545953273773,0.2548869252204895,False,Qwen/Qwen2.5-1.5B,0.1,4
college_biology/16,0.9729788303375244,0.9890267252922058,False,Qwen/Qwen2.5-1.5B,0.1,4
college_biology/17,0.5713748931884766,0.5310733318328857,False,Qwen/Qwen2.5-1.5B,0.1,4
college_biology/18,0.25187399983406067,0.3430024981498718,False,Qwen/Qwen2.5-1.5B,0.1,4
college_biology/19,0.4393327534198761,0.4634726345539093,False,Qwen/Qwen2.5-1.5B,0.1,4
college_biology/20,0.9979173541069031,0.9985199570655823,False,Qwen/Qwen2.5-1.5B,0.1,4
college_biology/21,0.9980968832969666,0.9953964352607727,False,Qwen/Qwen2.5-1.5B,0.1,4
college_biology/22,0.3172657787799835,0.24301426112651825,False,Qwen/Qwen2.5-1.5B,0.1,4
college_biology/23,0.7411954998970032,0.9036387801170349,False,Qwen/Qwen2.5-1.5B,0.1,4
college_biology/24,0.9962651133537292,0.9974517226219177,False,Qwen/Qwen2.5-1.5B,0.1,4
college_biology/25,0.9957399368286133,0.9946163296699524,False,Qwen/Qwen2.5-1.5B,0.1,4
college_biology/26,0.042604390531778336,0.048297055065631866,False,Qwen/Qwen2.5-1.5B,0.1,4
college_biology/27,0.9454055428504944,0.9174913763999939,False,Qwen/Qwen2.5-1.5B,0.1,4
college_biology/28,0.7049558758735657,0.9047788381576538,False,Qwen/Qwen2.5-1.5B,0.1,4
college_biology/29,0.5557230114936829,0.5107964277267456,False,Qwen/Qwen2.5-1.5B,0.1,4
college_biology/30,0.9685565233230591,0.9643892645835876,False,Qwen/Qwen2.5-1.5B,0.1,4
college_biology/31,0.5422115325927734,0.32538703083992004,False,Qwen/Qwen2.5-1.5B,0.1,4
college_biology/32,0.3428570330142975,0.32737210392951965,False,Qwen/Qwen2.5-1.5B,0.1,4
college_biology/33,0.9549312591552734,0.9737221002578735,False,Qwen/Qwen2.5-1.5B,0.1,4
college_biology/34,0.25634509325027466,0.28841301798820496,False,Qwen/Qwen2.5-1.5B,0.1,4
college_biology/35,0.7041565179824829,0.7038231492042542,False,Qwen/Qwen2.5-1.5B,0.1,4
college_biology/36,0.8219136595726013,0.770713746547699,False,Qwen/Qwen2.5-1.5B,0.1,4
college_biology/37,0.49686291813850403,0.5218880772590637,False,Qwen/Qwen2.5-1.5B,0.1,4
college_biology/38,0.977168083190918,0.9842872619628906,True,Qwen/Qwen2.5-1.5B,0.1,4
college_biology/39,0.11234614253044128,0.08978942036628723,False,Qwen/Qwen2.5-1.5B,0.1,4
college_biology/40,0.315673828125,0.2218431681394577,False,Qwen/Qwen2.5-1.5B,0.1,4
college_biology/41,0.3633227050304413,0.34796246886253357,False,Qwen/Qwen2.5-1.5B,0.1,4
college_biology/42,0.9960201382637024,0.9733206629753113,False,Qwen/Qwen2.5-1.5B,0.1,4
college_biology/43,0.706298828125,0.8661915063858032,False,Qwen/Qwen2.5-1.5B,0.1,4
college_biology/44,0.45808929204940796,0.5496241450309753,False,Qwen/Qwen2.5-1.5B,0.1,4
college_biology/45,0.0593622587621212,0.164022296667099,False,Qwen/Qwen2.5-1.5B,0.1,4
college_biology/46,0.14299142360687256,0.09485000371932983,False,Qwen/Qwen2.5-1.5B,0.1,4
college_biology/47,0.9178645014762878,0.9023860692977905,False,Qwen/Qwen2.5-1.5B,0.1,4
college_biology/48,0.6630075573921204,0.6887081861495972,False,Qwen/Qwen2.5-1.5B,0.1,4
college_biology/49,0.8449464440345764,0.8211585879325867,False,Qwen/Qwen2.5-1.5B,0.1,4
college_biology/50,0.6992252469062805,0.7261130809783936,False,Qwen/Qwen2.5-1.5B,0.1,4
college_biology/51,0.32508087158203125,0.19711166620254517,False,Qwen/Qwen2.5-1.5B,0.1,4
college_biology/52,0.6777784824371338,0.5917990803718567,False,Qwen/Qwen2.5-1.5B,0.1,4
college_biology/53,0.05097382143139839,0.03174204006791115,False,Qwen/Qwen2.5-1.5B,0.1,4
college_biology/54,0.24508334696292877,0.44231292605400085,True,Qwen/Qwen2.5-1.5B,0.1,4
college_biology/55,0.29476797580718994,0.2484903186559677,False,Qwen/Qwen2.5-1.5B,0.1,4
college_biology/56,0.1245817318558693,0.15249446034431458,False,Qwen/Qwen2.5-1.5B,0.1,4
college_biology/57,0.8402348160743713,0.8261862993240356,False,Qwen/Qwen2.5-1.5B,0.1,4
college_biology/58,0.3950140178203583,0.3082091212272644,True,Qwen/Qwen2.5-1.5B,0.1,4
college_biology/59,0.997404158115387,0.9977384805679321,False,Qwen/Qwen2.5-1.5B,0.1,4
college_biology/60,0.8735644817352295,0.6905931234359741,False,Qwen/Qwen2.5-1.5B,0.1,4
college_biology/61,0.6994802951812744,0.5234845280647278,False,Qwen/Qwen2.5-1.5B,0.1,4
college_biology/62,0.9843563437461853,0.9879315495491028,False,Qwen/Qwen2.5-1.5B,0.1,4
college_biology/63,0.2297036200761795,0.3009582459926605,False,Qwen/Qwen2.5-1.5B,0.1,4
college_biology/64,0.18019208312034607,0.179365336894989,False,Qwen/Qwen2.5-1.5B,0.1,4
college_biology/65,0.0668693408370018,0.14419372379779816,False,Qwen/Qwen2.5-1.5B,0.1,4
college_biology/66,0.4510834217071533,0.34648704528808594,False,Qwen/Qwen2.5-1.5B,0.1,4
college_biology/67,0.09659475088119507,0.11558428406715393,True,Qwen/Qwen2.5-1.5B,0.1,4
college_biology/68,0.9740204811096191,0.9919335246086121,False,Qwen/Qwen2.5-1.5B,0.1,4
college_biology/69,0.7714919447898865,0.5961859226226807,False,Qwen/Qwen2.5-1.5B,0.1,4
college_biology/70,0.6969608664512634,0.9674248099327087,True,Qwen/Qwen2.5-1.5B,0.1,4
college_biology/71,0.4828011393547058,0.4840076267719269,False,Qwen/Qwen2.5-1.5B,0.1,4
college_biology/72,0.802584707736969,0.9378623962402344,True,Qwen/Qwen2.5-1.5B,0.1,4
college_biology/73,0.4055665135383606,0.40788671374320984,False,Qwen/Qwen2.5-1.5B,0.1,4
college_biology/74,0.16845977306365967,0.0813755989074707,False,Qwen/Qwen2.5-1.5B,0.1,4
college_biology/75,0.2337266504764557,0.6377941370010376,False,Qwen/Qwen2.5-1.5B,0.1,4
college_biology/76,0.998457670211792,0.996775209903717,False,Qwen/Qwen2.5-1.5B,0.1,4
college_biology/77,0.6395238041877747,0.8665657639503479,True,Qwen/Qwen2.5-1.5B,0.1,4
college_biology/78,0.17968063056468964,0.1713925302028656,True,Qwen/Qwen2.5-1.5B,0.1,4
college_biology/79,0.1787482351064682,0.17236106097698212,False,Qwen/Qwen2.5-1.5B,0.1,4
college_biology/80,0.07446111738681793,0.08355963230133057,False,Qwen/Qwen2.5-1.5B,0.1,4
college_biology/81,0.9235689043998718,0.9432867169380188,False,Qwen/Qwen2.5-1.5B,0.1,4
college_biology/82,0.9991170763969421,0.9984334111213684,False,Qwen/Qwen2.5-1.5B,0.1,4
college_biology/83,0.5864315629005432,0.7318112254142761,False,Qwen/Qwen2.5-1.5B,0.1,4
college_biology/84,0.9179609417915344,0.8652979731559753,False,Qwen/Qwen2.5-1.5B,0.1,4
college_biology/85,0.511485755443573,0.6178516149520874,False,Qwen/Qwen2.5-1.5B,0.1,4
college_biology/86,0.9655249118804932,0.9772093296051025,False,Qwen/Qwen2.5-1.5B,0.1,4
college_biology/87,0.7598997950553894,0.8643388152122498,True,Qwen/Qwen2.5-1.5B,0.1,4
college_biology/88,0.9953500032424927,0.9881978631019592,False,Qwen/Qwen2.5-1.5B,0.1,4
college_biology/89,0.6645248532295227,0.6887455582618713,False,Qwen/Qwen2.5-1.5B,0.1,4
college_biology/90,0.46843957901000977,0.3409031927585602,False,Qwen/Qwen2.5-1.5B,0.1,4
college_biology/91,0.9989544153213501,0.9944794178009033,False,Qwen/Qwen2.5-1.5B,0.1,4
college_biology/92,0.9943922162055969,0.987756609916687,False,Qwen/Qwen2.5-1.5B,0.1,4
college_biology/93,0.016349030658602715,0.058853160589933395,False,Qwen/Qwen2.5-1.5B,0.1,4
college_biology/94,0.9912198185920715,0.9950350522994995,False,Qwen/Qwen2.5-1.5B,0.1,4
college_biology/95,0.38106292486190796,0.1705891191959381,False,Qwen/Qwen2.5-1.5B,0.1,4
college_biology/96,0.3507849872112274,0.6415882110595703,False,Qwen/Qwen2.5-1.5B,0.1,4
college_biology/97,0.8313420414924622,0.7655707001686096,False,Qwen/Qwen2.5-1.5B,0.1,4
college_biology/98,0.09530356526374817,0.2517440915107727,False,Qwen/Qwen2.5-1.5B,0.1,4
college_biology/99,0.9876524209976196,0.9694487452507019,False,Qwen/Qwen2.5-1.5B,0.1,4
college_biology/100,0.35158854722976685,0.4024720788002014,False,Qwen/Qwen2.5-1.5B,0.1,4
college_biology/101,0.2330143004655838,0.4853927493095398,False,Qwen/Qwen2.5-1.5B,0.1,4
college_biology/102,0.8360266089439392,0.8068304657936096,False,Qwen/Qwen2.5-1.5B,0.1,4
college_biology/103,0.28260818123817444,0.31268933415412903,False,Qwen/Qwen2.5-1.5B,0.1,4
college_biology/104,0.9070705771446228,0.941061794757843,False,Qwen/Qwen2.5-1.5B,0.1,4
college_biology/105,0.8943313360214233,0.8484033942222595,False,Qwen/Qwen2.5-1.5B,0.1,4
college_biology/106,0.24771036207675934,0.27767157554626465,True,Qwen/Qwen2.5-1.5B,0.1,4
college_biology/107,0.03632442280650139,0.04913939908146858,False,Qwen/Qwen2.5-1.5B,0.1,4
college_biology/108,0.04344835504889488,0.07236400991678238,False,Qwen/Qwen2.5-1.5B,0.1,4
college_biology/109,0.7380353808403015,0.860411524772644,False,Qwen/Qwen2.5-1.5B,0.1,4
college_biology/110,0.13317742943763733,0.3024301826953888,False,Qwen/Qwen2.5-1.5B,0.1,4
college_biology/111,0.9942286014556885,0.997946560382843,False,Qwen/Qwen2.5-1.5B,0.1,4
college_biology/112,0.8770977854728699,0.7790518999099731,False,Qwen/Qwen2.5-1.5B,0.1,4
college_biology/113,0.9935199618339539,0.9531029462814331,False,Qwen/Qwen2.5-1.5B,0.1,4
college_biology/114,0.9952475428581238,0.995369017124176,False,Qwen/Qwen2.5-1.5B,0.1,4
college_biology/115,0.056828055530786514,0.12970462441444397,True,Qwen/Qwen2.5-1.5B,0.1,4
college_biology/116,0.05451827496290207,0.37848085165023804,False,Qwen/Qwen2.5-1.5B,0.1,4
college_biology/117,0.9963086247444153,0.9835852384567261,False,Qwen/Qwen2.5-1.5B,0.1,4
college_biology/118,0.4114280641078949,0.7304823398590088,False,Qwen/Qwen2.5-1.5B,0.1,4
college_biology/119,0.3265245258808136,0.37153130769729614,False,Qwen/Qwen2.5-1.5B,0.1,4
college_biology/120,0.900123655796051,0.9704954028129578,False,Qwen/Qwen2.5-1.5B,0.1,4
college_biology/121,0.9571056365966797,0.9453503489494324,False,Qwen/Qwen2.5-1.5B,0.1,4
college_biology/122,0.19982367753982544,0.06202886626124382,False,Qwen/Qwen2.5-1.5B,0.1,4
college_biology/123,0.9975674152374268,0.9956051707267761,False,Qwen/Qwen2.5-1.5B,0.1,4
college_biology/124,0.11086071282625198,0.11156750470399857,False,Qwen/Qwen2.5-1.5B,0.1,4
college_biology/125,0.4404051899909973,0.4690823554992676,False,Qwen/Qwen2.5-1.5B,0.1,4
college_biology/126,0.9177712202072144,0.6659545302391052,False,Qwen/Qwen2.5-1.5B,0.1,4
college_biology/127,0.43841293454170227,0.41790053248405457,False,Qwen/Qwen2.5-1.5B,0.1,4
college_biology/128,0.38951873779296875,0.44503283500671387,False,Qwen/Qwen2.5-1.5B,0.1,4
college_biology/129,0.9230799078941345,0.9176638126373291,False,Qwen/Qwen2.5-1.5B,0.1,4
college_biology/130,0.6661849021911621,0.8446508646011353,False,Qwen/Qwen2.5-1.5B,0.1,4
college_biology/131,0.169653058052063,0.1479743868112564,False,Qwen/Qwen2.5-1.5B,0.1,4
college_biology/132,0.7952983379364014,0.8991425633430481,False,Qwen/Qwen2.5-1.5B,0.1,4
college_biology/133,0.9322961568832397,0.5663061141967773,False,Qwen/Qwen2.5-1.5B,0.1,4
college_biology/134,0.9699172973632812,0.96622633934021,True,Qwen/Qwen2.5-1.5B,0.1,4
college_biology/135,0.2487613409757614,0.45269322395324707,False,Qwen/Qwen2.5-1.5B,0.1,4
college_biology/136,0.240207239985466,0.24011656641960144,False,Qwen/Qwen2.5-1.5B,0.1,4
college_biology/137,0.5055193901062012,0.4887721538543701,False,Qwen/Qwen2.5-1.5B,0.1,4
college_biology/138,0.9959563612937927,0.9930763244628906,False,Qwen/Qwen2.5-1.5B,0.1,4
college_biology/139,0.4322719871997833,0.7170220613479614,False,Qwen/Qwen2.5-1.5B,0.1,4
college_biology/140,0.9295462369918823,0.9375220537185669,False,Qwen/Qwen2.5-1.5B,0.1,4
college_biology/141,0.9950377345085144,0.995478093624115,True,Qwen/Qwen2.5-1.5B,0.1,4
college_biology/142,0.7672593593597412,0.5319142937660217,False,Qwen/Qwen2.5-1.5B,0.1,4
college_biology/143,0.39630579948425293,0.2149062156677246,False,Qwen/Qwen2.5-1.5B,0.1,4
high_school_statistics/0,0.438153475522995,0.5100710988044739,True,Qwen/Qwen2.5-1.5B,0.1,4
high_school_statistics/1,0.19295285642147064,0.2147236168384552,False,Qwen/Qwen2.5-1.5B,0.1,4
high_school_statistics/2,0.056090597063302994,0.0871005430817604,False,Qwen/Qwen2.5-1.5B,0.1,4
high_school_statistics/3,0.5893386602401733,0.7303068041801453,False,Qwen/Qwen2.5-1.5B,0.1,4
high_school_statistics/4,0.9935865998268127,0.998349666595459,False,Qwen/Qwen2.5-1.5B,0.1,4
high_school_statistics/5,0.8260838985443115,0.6466057896614075,False,Qwen/Qwen2.5-1.5B,0.1,4
high_school_statistics/6,0.6605969667434692,0.6705045700073242,False,Qwen/Qwen2.5-1.5B,0.1,4
high_school_statistics/7,0.9600578546524048,0.9669908881187439,False,Qwen/Qwen2.5-1.5B,0.1,4
high_school_statistics/8,0.9970372915267944,0.9911784529685974,True,Qwen/Qwen2.5-1.5B,0.1,4
high_school_statistics/9,0.644611120223999,0.8434171080589294,False,Qwen/Qwen2.5-1.5B,0.1,4
high_school_statistics/10,0.6724559664726257,0.9593561291694641,False,Qwen/Qwen2.5-1.5B,0.1,4
high_school_statistics/11,0.002103565726429224,0.08744670450687408,False,Qwen/Qwen2.5-1.5B,0.1,4
high_school_statistics/12,0.2693794369697571,0.2601574659347534,False,Qwen/Qwen2.5-1.5B,0.1,4
high_school_statistics/13,0.36561158299446106,0.44904497265815735,False,Qwen/Qwen2.5-1.5B,0.1,4
high_school_statistics/14,0.19845664501190186,0.1325056552886963,False,Qwen/Qwen2.5-1.5B,0.1,4
high_school_statistics/15,0.040099844336509705,0.09366513788700104,False,Qwen/Qwen2.5-1.5B,0.1,4
high_school_statistics/16,0.39302656054496765,0.27149298787117004,False,Qwen/Qwen2.5-1.5B,0.1,4
high_school_statistics/17,0.46658310294151306,0.5186424851417542,False,Qwen/Qwen2.5-1.5B,0.1,4
high_school_statistics/18,0.4298712909221649,0.34786295890808105,False,Qwen/Qwen2.5-1.5B,0.1,4
high_school_statistics/19,0.3184359073638916,0.3073006570339203,False,Qwen/Qwen2.5-1.5B,0.1,4
high_school_statistics/20,0.46208176016807556,0.4442773759365082,False,Qwen/Qwen2.5-1.5B,0.1,4
high_school_statistics/21,0.13886646926403046,0.2606365978717804,False,Qwen/Qwen2.5-1.5B,0.1,4
high_school_statistics/22,0.2061639279127121,0.18606562912464142,True,Qwen/Qwen2.5-1.5B,0.1,4
high_school_statistics/23,0.403080016374588,0.1871441900730133,False,Qwen/Qwen2.5-1.5B,0.1,4
high_school_statistics/24,0.20668970048427582,0.3575025200843811,True,Qwen/Qwen2.5-1.5B,0.1,4
high_school_statistics/25,0.3683582842350006,0.3775811791419983,False,Qwen/Qwen2.5-1.5B,0.1,4
high_school_statistics/26,0.02992185391485691,0.08650216460227966,False,Qwen/Qwen2.5-1.5B,0.1,4
high_school_statistics/27,0.5076442360877991,0.3654576241970062,False,Qwen/Qwen2.5-1.5B,0.1,4
high_school_statistics/28,0.4961828887462616,0.418595552444458,False,Qwen/Qwen2.5-1.5B,0.1,4
high_school_statistics/29,0.32997602224349976,0.2828965485095978,False,Qwen/Qwen2.5-1.5B,0.1,4
high_school_statistics/30,0.3264347016811371,0.3029382824897766,False,Qwen/Qwen2.5-1.5B,0.1,4
high_school_statistics/31,0.4118850827217102,0.37837275862693787,False,Qwen/Qwen2.5-1.5B,0.1,4
high_school_statistics/32,0.2525944709777832,0.47420114278793335,False,Qwen/Qwen2.5-1.5B,0.1,4
high_school_statistics/33,0.4115247130393982,0.4176861643791199,False,Qwen/Qwen2.5-1.5B,0.1,4
high_school_statistics/34,0.03159024193882942,0.005079085007309914,False,Qwen/Qwen2.5-1.5B,0.1,4
high_school_statistics/35,0.2632858455181122,0.37910622358322144,False,Qwen/Qwen2.5-1.5B,0.1,4
high_school_statistics/36,0.18623366951942444,0.20530171692371368,False,Qwen/Qwen2.5-1.5B,0.1,4
high_school_statistics/37,0.5255717635154724,0.4869513213634491,False,Qwen/Qwen2.5-1.5B,0.1,4
high_school_statistics/38,0.0002376516058575362,0.0003914619446732104,False,Qwen/Qwen2.5-1.5B,0.1,4
high_school_statistics/39,0.7952728271484375,0.898167610168457,False,Qwen/Qwen2.5-1.5B,0.1,4
high_school_statistics/40,0.9413679838180542,0.8759596347808838,False,Qwen/Qwen2.5-1.5B,0.1,4
high_school_statistics/41,0.25584641098976135,0.18487648665905,False,Qwen/Qwen2.5-1.5B,0.1,4
high_school_statistics/42,0.9811845421791077,0.9787597060203552,False,Qwen/Qwen2.5-1.5B,0.1,4
high_school_statistics/43,0.01574247144162655,0.034437719732522964,False,Qwen/Qwen2.5-1.5B,0.1,4
high_school_statistics/44,0.26335978507995605,0.27805662155151367,False,Qwen/Qwen2.5-1.5B,0.1,4
high_school_statistics/45,0.4058397710323334,0.3102954924106598,False,Qwen/Qwen2.5-1.5B,0.1,4
high_school_statistics/46,0.9855895638465881,0.9917728304862976,False,Qwen/Qwen2.5-1.5B,0.1,4
high_school_statistics/47,0.18530526757240295,0.3668018877506256,False,Qwen/Qwen2.5-1.5B,0.1,4
high_school_statistics/48,0.29070213437080383,0.4941402077674866,True,Qwen/Qwen2.5-1.5B,0.1,4
high_school_statistics/49,0.9868676662445068,0.9872127175331116,False,Qwen/Qwen2.5-1.5B,0.1,4
high_school_statistics/50,0.4486212432384491,0.5223606824874878,False,Qwen/Qwen2.5-1.5B,0.1,4
high_school_statistics/51,0.4194144308567047,0.366726815700531,False,Qwen/Qwen2.5-1.5B,0.1,4
high_school_statistics/52,0.25726601481437683,0.4356234073638916,False,Qwen/Qwen2.5-1.5B,0.1,4
high_school_statistics/53,0.07159989327192307,0.05648677423596382,False,Qwen/Qwen2.5-1.5B,0.1,4
high_school_statistics/54,0.5443828105926514,0.49665358662605286,False,Qwen/Qwen2.5-1.5B,0.1,4
high_school_statistics/55,0.32069793343544006,0.3134981691837311,False,Qwen/Qwen2.5-1.5B,0.1,4
high_school_statistics/56,0.21818967163562775,0.36007025837898254,False,Qwen/Qwen2.5-1.5B,0.1,4
high_school_statistics/57,0.14870259165763855,0.3678008019924164,False,Qwen/Qwen2.5-1.5B,0.1,4
high_school_statistics/58,0.9357128739356995,0.9106919169425964,True,Qwen/Qwen2.5-1.5B,0.1,4
high_school_statistics/59,0.6897823214530945,0.7106550931930542,False,Qwen/Qwen2.5-1.5B,0.1,4
high_school_statistics/60,0.6305753588676453,0.7619372606277466,False,Qwen/Qwen2.5-1.5B,0.1,4
high_school_statistics/61,0.113437719643116,0.349730908870697,False,Qwen/Qwen2.5-1.5B,0.1,4
high_school_statistics/62,0.2888857126235962,0.31834840774536133,False,Qwen/Qwen2.5-1.5B,0.1,4
high_school_statistics/63,0.9475743174552917,0.9623918533325195,False,Qwen/Qwen2.5-1.5B,0.1,4
high_school_statistics/64,0.17775802314281464,0.15817393362522125,False,Qwen/Qwen2.5-1.5B,0.1,4
high_school_statistics/65,0.9462818503379822,0.9676952958106995,False,Qwen/Qwen2.5-1.5B,0.1,4
high_school_statistics/66,0.6121678948402405,0.5363711714744568,False,Qwen/Qwen2.5-1.5B,0.1,4
high_school_statistics/67,0.5686072111129761,0.34344276785850525,False,Qwen/Qwen2.5-1.5B,0.1,4
high_school_statistics/68,0.15209843218326569,0.07735072076320648,False,Qwen/Qwen2.5-1.5B,0.1,4
high_school_statistics/69,0.25501254200935364,0.23308627307415009,False,Qwen/Qwen2.5-1.5B,0.1,4
high_school_statistics/70,0.9975294470787048,0.996437668800354,False,Qwen/Qwen2.5-1.5B,0.1,4
high_school_statistics/71,0.7426819205284119,0.484061062335968,False,Qwen/Qwen2.5-1.5B,0.1,4
high_school_statistics/72,0.3392789959907532,0.4071674942970276,False,Qwen/Qwen2.5-1.5B,0.1,4
high_school_statistics/73,0.9961740374565125,0.9938147068023682,False,Qwen/Qwen2.5-1.5B,0.1,4
high_school_statistics/74,0.3032752573490143,0.35957208275794983,False,Qwen/Qwen2.5-1.5B,0.1,4
high_school_statistics/75,0.6101632118225098,0.5844589471817017,False,Qwen/Qwen2.5-1.5B,0.1,4
high_school_statistics/76,0.39522039890289307,0.41347184777259827,False,Qwen/Qwen2.5-1.5B,0.1,4
high_school_statistics/77,0.20013482868671417,0.22411015629768372,False,Qwen/Qwen2.5-1.5B,0.1,4
high_school_statistics/78,0.9133034348487854,0.9674162864685059,False,Qwen/Qwen2.5-1.5B,0.1,4
high_school_statistics/79,0.8996633887290955,0.8962087631225586,False,Qwen/Qwen2.5-1.5B,0.1,4
high_school_statistics/80,0.9476293325424194,0.9582703113555908,False,Qwen/Qwen2.5-1.5B,0.1,4
high_school_statistics/81,0.1268855333328247,0.2559111416339874,False,Qwen/Qwen2.5-1.5B,0.1,4
high_school_statistics/82,0.1704062670469284,0.26633256673812866,False,Qwen/Qwen2.5-1.5B,0.1,4
high_school_statistics/83,0.9492167234420776,0.9479091167449951,False,Qwen/Qwen2.5-1.5B,0.1,4
high_school_statistics/84,0.42377331852912903,0.37286320328712463,False,Qwen/Qwen2.5-1.5B,0.1,4
high_school_statistics/85,0.7421674132347107,0.8455970883369446,False,Qwen/Qwen2.5-1.5B,0.1,4
high_school_statistics/86,0.7738910913467407,0.6508867740631104,False,Qwen/Qwen2.5-1.5B,0.1,4
high_school_statistics/87,0.10939618200063705,0.12235014140605927,False,Qwen/Qwen2.5-1.5B,0.1,4
high_school_statistics/88,0.5288633704185486,0.6200807094573975,False,Qwen/Qwen2.5-1.5B,0.1,4
high_school_statistics/89,0.09298620373010635,0.1347281038761139,False,Qwen/Qwen2.5-1.5B,0.1,4
high_school_statistics/90,0.2493119090795517,0.2481503188610077,False,Qwen/Qwen2.5-1.5B,0.1,4
high_school_statistics/91,0.20718558132648468,0.44277870655059814,False,Qwen/Qwen2.5-1.5B,0.1,4
high_school_statistics/92,0.020054489374160767,0.027206476777791977,True,Qwen/Qwen2.5-1.5B,0.1,4
high_school_statistics/93,0.3603626787662506,0.2557249069213867,False,Qwen/Qwen2.5-1.5B,0.1,4
high_school_statistics/94,0.6433398723602295,0.4781268835067749,False,Qwen/Qwen2.5-1.5B,0.1,4
high_school_statistics/95,0.22171588242053986,0.14812178909778595,False,Qwen/Qwen2.5-1.5B,0.1,4
high_school_statistics/96,0.6960917115211487,0.9108644723892212,False,Qwen/Qwen2.5-1.5B,0.1,4
high_school_statistics/97,0.6858809590339661,0.8190600275993347,False,Qwen/Qwen2.5-1.5B,0.1,4
high_school_statistics/98,0.2302117496728897,0.5531792640686035,False,Qwen/Qwen2.5-1.5B,0.1,4
high_school_statistics/99,0.21987633407115936,0.6379216909408569,False,Qwen/Qwen2.5-1.5B,0.1,4
high_school_statistics/100,0.34705650806427,0.3117230534553528,False,Qwen/Qwen2.5-1.5B,0.1,4
high_school_statistics/101,0.07349318265914917,0.14943690598011017,False,Qwen/Qwen2.5-1.5B,0.1,4
high_school_statistics/102,0.21719568967819214,0.25398969650268555,False,Qwen/Qwen2.5-1.5B,0.1,4
high_school_statistics/103,0.8576124906539917,0.7194715142250061,False,Qwen/Qwen2.5-1.5B,0.1,4
high_school_statistics/104,0.5793192982673645,0.49823859333992004,False,Qwen/Qwen2.5-1.5B,0.1,4
high_school_statistics/105,0.4997958838939667,0.49527981877326965,False,Qwen/Qwen2.5-1.5B,0.1,4
high_school_statistics/106,0.5117091536521912,0.6835044026374817,False,Qwen/Qwen2.5-1.5B,0.1,4
high_school_statistics/107,0.18664200603961945,0.29752057790756226,False,Qwen/Qwen2.5-1.5B,0.1,4
high_school_statistics/108,0.4571310877799988,0.23145274817943573,False,Qwen/Qwen2.5-1.5B,0.1,4
high_school_statistics/109,0.23765094578266144,0.1229558065533638,False,Qwen/Qwen2.5-1.5B,0.1,4
high_school_statistics/110,0.47374844551086426,0.4119933247566223,False,Qwen/Qwen2.5-1.5B,0.1,4
high_school_statistics/111,0.34578678011894226,0.39112862944602966,False,Qwen/Qwen2.5-1.5B,0.1,4
high_school_statistics/112,0.2132408320903778,0.27087998390197754,False,Qwen/Qwen2.5-1.5B,0.1,4
high_school_statistics/113,0.6284599304199219,0.4605920910835266,False,Qwen/Qwen2.5-1.5B,0.1,4
high_school_statistics/114,0.09824192523956299,0.2622925937175751,False,Qwen/Qwen2.5-1.5B,0.1,4
high_school_statistics/115,0.24569390714168549,0.22798633575439453,False,Qwen/Qwen2.5-1.5B,0.1,4
high_school_statistics/116,0.2034439742565155,0.31001460552215576,False,Qwen/Qwen2.5-1.5B,0.1,4
high_school_statistics/117,0.9935444593429565,0.9917701482772827,False,Qwen/Qwen2.5-1.5B,0.1,4
high_school_statistics/118,0.3975180387496948,0.22212135791778564,False,Qwen/Qwen2.5-1.5B,0.1,4
high_school_statistics/119,0.6445919871330261,0.6515331864356995,False,Qwen/Qwen2.5-1.5B,0.1,4
high_school_statistics/120,0.486989825963974,0.5551118850708008,False,Qwen/Qwen2.5-1.5B,0.1,4
high_school_statistics/121,0.8942500948905945,0.9342858791351318,False,Qwen/Qwen2.5-1.5B,0.1,4
high_school_statistics/122,0.0249639805406332,0.02062220126390457,False,Qwen/Qwen2.5-1.5B,0.1,4
high_school_statistics/123,0.7986799478530884,0.8502618074417114,False,Qwen/Qwen2.5-1.5B,0.1,4
high_school_statistics/124,0.5399181842803955,0.3978302776813507,False,Qwen/Qwen2.5-1.5B,0.1,4
high_school_statistics/125,0.2714771628379822,0.4052121043205261,False,Qwen/Qwen2.5-1.5B,0.1,4
high_school_statistics/126,0.39809954166412354,0.3366377651691437,False,Qwen/Qwen2.5-1.5B,0.1,4
high_school_statistics/127,0.15542402863502502,0.22210481762886047,False,Qwen/Qwen2.5-1.5B,0.1,4
high_school_statistics/128,0.539681077003479,0.7668370008468628,False,Qwen/Qwen2.5-1.5B,0.1,4
high_school_statistics/129,0.310710608959198,0.34776610136032104,False,Qwen/Qwen2.5-1.5B,0.1,4
high_school_statistics/130,0.14396658539772034,0.17957176268100739,False,Qwen/Qwen2.5-1.5B,0.1,4
high_school_statistics/131,0.365038126707077,0.39999639987945557,False,Qwen/Qwen2.5-1.5B,0.1,4
high_school_statistics/132,0.8236687183380127,0.9234921932220459,False,Qwen/Qwen2.5-1.5B,0.1,4
high_school_statistics/133,0.44894513487815857,0.5139850378036499,False,Qwen/Qwen2.5-1.5B,0.1,4
high_school_statistics/134,0.497428834438324,0.270889550447464,False,Qwen/Qwen2.5-1.5B,0.1,4
high_school_statistics/135,0.27551373839378357,0.34924405813217163,False,Qwen/Qwen2.5-1.5B,0.1,4
high_school_statistics/136,0.39972156286239624,0.24292172491550446,False,Qwen/Qwen2.5-1.5B,0.1,4
high_school_statistics/137,0.7828806638717651,0.9230795502662659,False,Qwen/Qwen2.5-1.5B,0.1,4
high_school_statistics/138,0.8527497053146362,0.9648204445838928,True,Qwen/Qwen2.5-1.5B,0.1,4
high_school_statistics/139,0.36809810996055603,0.4687739312648773,False,Qwen/Qwen2.5-1.5B,0.1,4
high_school_statistics/140,0.25541746616363525,0.3019166588783264,False,Qwen/Qwen2.5-1.5B,0.1,4
high_school_statistics/141,0.3881770968437195,0.6303220987319946,False,Qwen/Qwen2.5-1.5B,0.1,4
high_school_statistics/142,0.12079118192195892,0.14597932994365692,False,Qwen/Qwen2.5-1.5B,0.1,4
high_school_statistics/143,0.36985892057418823,0.3409072458744049,True,Qwen/Qwen2.5-1.5B,0.1,4
high_school_statistics/144,0.4505718946456909,0.39187124371528625,False,Qwen/Qwen2.5-1.5B,0.1,4
high_school_statistics/145,0.7019270062446594,0.8456698656082153,False,Qwen/Qwen2.5-1.5B,0.1,4
high_school_statistics/146,0.8424115777015686,0.864997923374176,False,Qwen/Qwen2.5-1.5B,0.1,4
high_school_statistics/147,0.933573305606842,0.9780135154724121,False,Qwen/Qwen2.5-1.5B,0.1,4
high_school_statistics/148,0.3271223306655884,0.36651283502578735,False,Qwen/Qwen2.5-1.5B,0.1,4
high_school_statistics/149,0.9969850182533264,0.9979064464569092,False,Qwen/Qwen2.5-1.5B,0.1,4
high_school_statistics/150,0.31797653436660767,0.5813893675804138,True,Qwen/Qwen2.5-1.5B,0.1,4
high_school_statistics/151,0.14535094797611237,0.10013559460639954,False,Qwen/Qwen2.5-1.5B,0.1,4
high_school_statistics/152,0.3652966618537903,0.3237636089324951,False,Qwen/Qwen2.5-1.5B,0.1,4
high_school_statistics/153,0.1882830113172531,0.2903995215892792,False,Qwen/Qwen2.5-1.5B,0.1,4
high_school_statistics/154,0.22441841661930084,0.37226420640945435,False,Qwen/Qwen2.5-1.5B,0.1,4
high_school_statistics/155,0.48572927713394165,0.38436374068260193,False,Qwen/Qwen2.5-1.5B,0.1,4
high_school_statistics/156,0.2360587865114212,0.6403074264526367,False,Qwen/Qwen2.5-1.5B,0.1,4
high_school_statistics/157,0.09336679428815842,0.16068243980407715,False,Qwen/Qwen2.5-1.5B,0.1,4
high_school_statistics/158,0.3026641607284546,0.18964947760105133,False,Qwen/Qwen2.5-1.5B,0.1,4
high_school_statistics/159,0.25321105122566223,0.3103961646556854,False,Qwen/Qwen2.5-1.5B,0.1,4
high_school_statistics/160,0.9885315895080566,0.9958375692367554,True,Qwen/Qwen2.5-1.5B,0.1,4
high_school_statistics/161,0.007125282194465399,0.007479096297174692,False,Qwen/Qwen2.5-1.5B,0.1,4
high_school_statistics/162,0.2821095883846283,0.23004741966724396,False,Qwen/Qwen2.5-1.5B,0.1,4
high_school_statistics/163,0.9334111213684082,0.9183283448219299,False,Qwen/Qwen2.5-1.5B,0.1,4
high_school_statistics/164,0.5138037800788879,0.4579388499259949,False,Qwen/Qwen2.5-1.5B,0.1,4
high_school_statistics/165,0.8016409277915955,0.6981508731842041,False,Qwen/Qwen2.5-1.5B,0.1,4
high_school_statistics/166,0.6129951477050781,0.6733084321022034,True,Qwen/Qwen2.5-1.5B,0.1,4
high_school_statistics/167,0.13668155670166016,0.19147342443466187,False,Qwen/Qwen2.5-1.5B,0.1,4
high_school_statistics/168,0.12826578319072723,0.0933588296175003,False,Qwen/Qwen2.5-1.5B,0.1,4
high_school_statistics/169,0.4715255796909332,0.45427143573760986,False,Qwen/Qwen2.5-1.5B,0.1,4
high_school_statistics/170,0.20168861746788025,0.3404653072357178,False,Qwen/Qwen2.5-1.5B,0.1,4
high_school_statistics/171,0.9906987547874451,0.9838269948959351,True,Qwen/Qwen2.5-1.5B,0.1,4
high_school_statistics/172,0.4970013201236725,0.429987370967865,False,Qwen/Qwen2.5-1.5B,0.1,4
high_school_statistics/173,0.26066556572914124,0.27596500515937805,False,Qwen/Qwen2.5-1.5B,0.1,4
high_school_statistics/174,0.8713343143463135,0.8979784846305847,False,Qwen/Qwen2.5-1.5B,0.1,4
high_school_statistics/175,0.19218496978282928,0.20854191482067108,False,Qwen/Qwen2.5-1.5B,0.1,4
high_school_statistics/176,0.2542499303817749,0.21634095907211304,False,Qwen/Qwen2.5-1.5B,0.1,4
high_school_statistics/177,0.0628642588853836,0.08247876912355423,True,Qwen/Qwen2.5-1.5B,0.1,4
high_school_statistics/178,0.07006344199180603,0.13661052286624908,False,Qwen/Qwen2.5-1.5B,0.1,4
high_school_statistics/179,0.08039265125989914,0.24387654662132263,False,Qwen/Qwen2.5-1.5B,0.1,4
high_school_statistics/180,0.3605682849884033,0.20796538889408112,False,Qwen/Qwen2.5-1.5B,0.1,4
high_school_statistics/181,0.09879413992166519,0.10447008907794952,False,Qwen/Qwen2.5-1.5B,0.1,4
high_school_statistics/182,0.35513681173324585,0.23110350966453552,False,Qwen/Qwen2.5-1.5B,0.1,4
high_school_statistics/183,0.931930661201477,0.9342877268791199,True,Qwen/Qwen2.5-1.5B,0.1,4
high_school_statistics/184,0.09584325551986694,0.1593693494796753,False,Qwen/Qwen2.5-1.5B,0.1,4
high_school_statistics/185,0.989003598690033,0.9909537434577942,False,Qwen/Qwen2.5-1.5B,0.1,4
high_school_statistics/186,0.801417887210846,0.6519757509231567,False,Qwen/Qwen2.5-1.5B,0.1,4
high_school_statistics/187,0.2920220196247101,0.10211893171072006,False,Qwen/Qwen2.5-1.5B,0.1,4
high_school_statistics/188,0.09229306876659393,0.1301518678665161,False,Qwen/Qwen2.5-1.5B,0.1,4
high_school_statistics/189,0.09907585382461548,0.06869809329509735,False,Qwen/Qwen2.5-1.5B,0.1,4
high_school_statistics/190,0.4016413688659668,0.39261606335639954,False,Qwen/Qwen2.5-1.5B,0.1,4
high_school_statistics/191,0.26849913597106934,0.17374281585216522,False,Qwen/Qwen2.5-1.5B,0.1,4
high_school_statistics/192,0.02238614484667778,0.04208984971046448,False,Qwen/Qwen2.5-1.5B,0.1,4
high_school_statistics/193,0.2516622841358185,0.31149590015411377,False,Qwen/Qwen2.5-1.5B,0.1,4
high_school_statistics/194,0.9950743317604065,0.9930135607719421,True,Qwen/Qwen2.5-1.5B,0.1,4
high_school_statistics/195,0.4847997725009918,0.6793153285980225,False,Qwen/Qwen2.5-1.5B,0.1,4
high_school_statistics/196,0.3889421224594116,0.48658034205436707,False,Qwen/Qwen2.5-1.5B,0.1,4
high_school_statistics/197,0.36409950256347656,0.4050731956958771,False,Qwen/Qwen2.5-1.5B,0.1,4
high_school_statistics/198,0.620149552822113,0.5518273115158081,False,Qwen/Qwen2.5-1.5B,0.1,4
high_school_statistics/199,0.9812182188034058,0.9922683835029602,False,Qwen/Qwen2.5-1.5B,0.1,4
high_school_statistics/200,0.2842676043510437,0.339781254529953,False,Qwen/Qwen2.5-1.5B,0.1,4
high_school_statistics/201,0.9974621534347534,0.9977409839630127,False,Qwen/Qwen2.5-1.5B,0.1,4
high_school_statistics/202,0.334164023399353,0.38497400283813477,False,Qwen/Qwen2.5-1.5B,0.1,4
high_school_statistics/203,0.9751089811325073,0.890945553779602,False,Qwen/Qwen2.5-1.5B,0.1,4
high_school_statistics/204,0.0578666590154171,0.1664537489414215,False,Qwen/Qwen2.5-1.5B,0.1,4
high_school_statistics/205,0.357771635055542,0.24830539524555206,False,Qwen/Qwen2.5-1.5B,0.1,4
high_school_statistics/206,0.5457783937454224,0.5097752213478088,False,Qwen/Qwen2.5-1.5B,0.1,4
high_school_statistics/207,0.20791767537593842,0.25281384587287903,False,Qwen/Qwen2.5-1.5B,0.1,4
high_school_statistics/208,0.3090813457965851,0.32326212525367737,False,Qwen/Qwen2.5-1.5B,0.1,4
high_school_statistics/209,0.14973235130310059,0.2249705195426941,False,Qwen/Qwen2.5-1.5B,0.1,4
high_school_statistics/210,0.4717634916305542,0.44502946734428406,False,Qwen/Qwen2.5-1.5B,0.1,4
high_school_statistics/211,0.9546036124229431,0.9962735176086426,True,Qwen/Qwen2.5-1.5B,0.1,4
high_school_statistics/212,0.11421547830104828,0.16440199315547943,False,Qwen/Qwen2.5-1.5B,0.1,4
high_school_statistics/213,0.4149165749549866,0.4064229130744934,False,Qwen/Qwen2.5-1.5B,0.1,4
high_school_statistics/214,0.946245551109314,0.9346079230308533,False,Qwen/Qwen2.5-1.5B,0.1,4
high_school_statistics/215,0.9400147795677185,0.9835900664329529,True,Qwen/Qwen2.5-1.5B,0.1,4
philosophy/0,0.7817753553390503,0.9211106300354004,False,Qwen/Qwen2.5-1.5B,0.1,4
philosophy/1,0.962459146976471,0.9518174529075623,True,Qwen/Qwen2.5-1.5B,0.1,4
philosophy/2,0.9838782548904419,0.9709132313728333,False,Qwen/Qwen2.5-1.5B,0.1,4
philosophy/3,0.9899321794509888,0.9709702134132385,False,Qwen/Qwen2.5-1.5B,0.1,4
philosophy/4,0.6598995923995972,0.5021951794624329,False,Qwen/Qwen2.5-1.5B,0.1,4
philosophy/5,0.6752678155899048,0.7754243612289429,False,Qwen/Qwen2.5-1.5B,0.1,4
philosophy/6,0.991329550743103,0.9872102737426758,False,Qwen/Qwen2.5-1.5B,0.1,4
philosophy/7,0.21353524923324585,0.15216457843780518,False,Qwen/Qwen2.5-1.5B,0.1,4
philosophy/8,0.9385473728179932,0.9053577184677124,False,Qwen/Qwen2.5-1.5B,0.1,4
philosophy/9,0.9586420655250549,0.9788610339164734,False,Qwen/Qwen2.5-1.5B,0.1,4
philosophy/10,0.9857636094093323,0.9860461354255676,False,Qwen/Qwen2.5-1.5B,0.1,4
philosophy/11,0.4056887626647949,0.5599437952041626,False,Qwen/Qwen2.5-1.5B,0.1,4
philosophy/12,0.24758563935756683,0.23552152514457703,False,Qwen/Qwen2.5-1.5B,0.1,4
philosophy/13,0.7841318249702454,0.6252201199531555,False,Qwen/Qwen2.5-1.5B,0.1,4
philosophy/14,0.3694610297679901,0.6188069581985474,True,Qwen/Qwen2.5-1.5B,0.1,4
philosophy/15,0.9340061545372009,0.9670811295509338,False,Qwen/Qwen2.5-1.5B,0.1,4
philosophy/16,0.07959917932748795,0.2541055381298065,True,Qwen/Qwen2.5-1.5B,0.1,4
philosophy/17,0.7642531991004944,0.7885018587112427,False,Qwen/Qwen2.5-1.5B,0.1,4
philosophy/18,0.015923762694001198,0.01441715843975544,False,Qwen/Qwen2.5-1.5B,0.1,4
philosophy/19,0.1170036792755127,0.08601800352334976,False,Qwen/Qwen2.5-1.5B,0.1,4
philosophy/20,0.2402498424053192,0.3801109492778778,False,Qwen/Qwen2.5-1.5B,0.1,4
philosophy/21,0.5519148707389832,0.70474773645401,True,Qwen/Qwen2.5-1.5B,0.1,4
philosophy/22,0.24505889415740967,0.31904008984565735,False,Qwen/Qwen2.5-1.5B,0.1,4
philosophy/23,0.048878684639930725,0.013584068045020103,False,Qwen/Qwen2.5-1.5B,0.1,4
philosophy/24,0.8554369211196899,0.7449014186859131,True,Qwen/Qwen2.5-1.5B,0.1,4
philosophy/25,0.9736804962158203,0.9777706265449524,False,Qwen/Qwen2.5-1.5B,0.1,4
philosophy/26,0.016338463872671127,0.03679333254694939,False,Qwen/Qwen2.5-1.5B,0.1,4
philosophy/27,0.978594183921814,0.9806466102600098,False,Qwen/Qwen2.5-1.5B,0.1,4
philosophy/28,0.3360981345176697,0.16611450910568237,False,Qwen/Qwen2.5-1.5B,0.1,4
philosophy/29,0.49703848361968994,0.5805640816688538,False,Qwen/Qwen2.5-1.5B,0.1,4
philosophy/30,0.7026742696762085,0.6664341688156128,False,Qwen/Qwen2.5-1.5B,0.1,4
philosophy/31,0.9960935711860657,0.9961565136909485,False,Qwen/Qwen2.5-1.5B,0.1,4
philosophy/32,0.4663226306438446,0.7750771641731262,True,Qwen/Qwen2.5-1.5B,0.1,4
philosophy/33,0.6184797883033752,0.5118245482444763,False,Qwen/Qwen2.5-1.5B,0.1,4
philosophy/34,0.30357810854911804,0.31301259994506836,False,Qwen/Qwen2.5-1.5B,0.1,4
philosophy/35,0.9971924424171448,0.9991592168807983,False,Qwen/Qwen2.5-1.5B,0.1,4
philosophy/36,0.22258664667606354,0.2657735347747803,False,Qwen/Qwen2.5-1.5B,0.1,4
philosophy/37,0.07766183465719223,0.05691591277718544,False,Qwen/Qwen2.5-1.5B,0.1,4
philosophy/38,0.8889529705047607,0.8648593425750732,False,Qwen/Qwen2.5-1.5B,0.1,4
philosophy/39,0.9820630550384521,0.9940783977508545,False,Qwen/Qwen2.5-1.5B,0.1,4
philosophy/40,0.7306807637214661,0.6768840551376343,False,Qwen/Qwen2.5-1.5B,0.1,4
philosophy/41,0.983858048915863,0.9904304146766663,False,Qwen/Qwen2.5-1.5B,0.1,4
philosophy/42,0.011815926060080528,0.05055483430624008,False,Qwen/Qwen2.5-1.5B,0.1,4
philosophy/43,0.7449123859405518,0.5788766145706177,False,Qwen/Qwen2.5-1.5B,0.1,4
philosophy/44,0.9370743632316589,0.9215806722640991,False,Qwen/Qwen2.5-1.5B,0.1,4
philosophy/45,0.8146486878395081,0.909113347530365,True,Qwen/Qwen2.5-1.5B,0.1,4
philosophy/46,0.3007887005805969,0.46359944343566895,False,Qwen/Qwen2.5-1.5B,0.1,4
philosophy/47,0.7541782259941101,0.7079759836196899,False,Qwen/Qwen2.5-1.5B,0.1,4
philosophy/48,0.4317564070224762,0.26498812437057495,False,Qwen/Qwen2.5-1.5B,0.1,4
philosophy/49,0.9971494078636169,0.9974476099014282,False,Qwen/Qwen2.5-1.5B,0.1,4
philosophy/50,0.18679173290729523,0.23369458317756653,False,Qwen/Qwen2.5-1.5B,0.1,4
philosophy/51,0.19264371693134308,0.21635444462299347,True,Qwen/Qwen2.5-1.5B,0.1,4
philosophy/52,0.1314089596271515,0.1344435214996338,False,Qwen/Qwen2.5-1.5B,0.1,4
philosophy/53,0.3855561912059784,0.46677398681640625,False,Qwen/Qwen2.5-1.5B,0.1,4
philosophy/54,0.4591977596282959,0.5274133086204529,False,Qwen/Qwen2.5-1.5B,0.1,4
philosophy/55,0.7244164347648621,0.6440939903259277,True,Qwen/Qwen2.5-1.5B,0.1,4
philosophy/56,0.6867735385894775,0.6083536744117737,False,Qwen/Qwen2.5-1.5B,0.1,4
philosophy/57,0.995915949344635,0.9959838390350342,False,Qwen/Qwen2.5-1.5B,0.1,4
philosophy/58,0.9808266162872314,0.9852992296218872,True,Qwen/Qwen2.5-1.5B,0.1,4
philosophy/59,0.6955297589302063,0.7703432440757751,False,Qwen/Qwen2.5-1.5B,0.1,4
philosophy/60,0.7822757363319397,0.8021396994590759,False,Qwen/Qwen2.5-1.5B,0.1,4
philosophy/61,0.8008486032485962,0.8551865816116333,False,Qwen/Qwen2.5-1.5B,0.1,4
philosophy/62,0.9960848093032837,0.9945598244667053,False,Qwen/Qwen2.5-1.5B,0.1,4
philosophy/63,0.8639897704124451,0.9383779168128967,True,Qwen/Qwen2.5-1.5B,0.1,4
philosophy/64,0.8461691737174988,0.8292046189308167,False,Qwen/Qwen2.5-1.5B,0.1,4
philosophy/65,0.5103228092193604,0.43376991152763367,False,Qwen/Qwen2.5-1.5B,0.1,4
philosophy/66,0.39612486958503723,0.49743473529815674,False,Qwen/Qwen2.5-1.5B,0.1,4
philosophy/67,0.5514496564865112,0.7731003165245056,True,Qwen/Qwen2.5-1.5B,0.1,4
philosophy/68,0.9725396633148193,0.834176242351532,False,Qwen/Qwen2.5-1.5B,0.1,4
philosophy/69,0.9599950909614563,0.8792485594749451,False,Qwen/Qwen2.5-1.5B,0.1,4
philosophy/70,0.8470969796180725,0.9001602530479431,False,Qwen/Qwen2.5-1.5B,0.1,4
philosophy/71,0.9640965461730957,0.9748303294181824,False,Qwen/Qwen2.5-1.5B,0.1,4
philosophy/72,0.4628312289714813,0.4867740869522095,False,Qwen/Qwen2.5-1.5B,0.1,4
philosophy/73,0.06926766037940979,0.08367669582366943,True,Qwen/Qwen2.5-1.5B,0.1,4
philosophy/74,0.8748534321784973,0.8008913397789001,True,Qwen/Qwen2.5-1.5B,0.1,4
philosophy/75,0.6712968945503235,0.6582241058349609,False,Qwen/Qwen2.5-1.5B,0.1,4
philosophy/76,0.6223018765449524,0.45649635791778564,False,Qwen/Qwen2.5-1.5B,0.1,4
philosophy/77,0.12042473256587982,0.11920520663261414,False,Qwen/Qwen2.5-1.5B,0.1,4
philosophy/78,0.06003666669130325,0.14694595336914062,False,Qwen/Qwen2.5-1.5B,0.1,4
philosophy/79,0.998502254486084,0.9983062744140625,False,Qwen/Qwen2.5-1.5B,0.1,4
philosophy/80,0.6477683186531067,0.3502855896949768,False,Qwen/Qwen2.5-1.5B,0.1,4
philosophy/81,0.4053940176963806,0.5510968565940857,False,Qwen/Qwen2.5-1.5B,0.1,4
philosophy/82,0.0998215526342392,0.11225294321775436,False,Qwen/Qwen2.5-1.5B,0.1,4
philosophy/83,0.04103667661547661,0.018100380897521973,False,Qwen/Qwen2.5-1.5B,0.1,4
philosophy/84,0.42897188663482666,0.32441145181655884,False,Qwen/Qwen2.5-1.5B,0.1,4
philosophy/85,0.31697461009025574,0.404959112405777,False,Qwen/Qwen2.5-1.5B,0.1,4
philosophy/86,0.9699363708496094,0.9791258573532104,False,Qwen/Qwen2.5-1.5B,0.1,4
philosophy/87,0.09640942513942719,0.27128109335899353,False,Qwen/Qwen2.5-1.5B,0.1,4
philosophy/88,0.6973637342453003,0.8709587454795837,False,Qwen/Qwen2.5-1.5B,0.1,4
philosophy/89,0.9579024910926819,0.9863224029541016,False,Qwen/Qwen2.5-1.5B,0.1,4
philosophy/90,0.66909259557724,0.8392581343650818,False,Qwen/Qwen2.5-1.5B,0.1,4
philosophy/91,0.8210771083831787,0.8097358345985413,False,Qwen/Qwen2.5-1.5B,0.1,4
philosophy/92,0.7571988105773926,0.8877100348472595,False,Qwen/Qwen2.5-1.5B,0.1,4
philosophy/93,0.9176613092422485,0.9251888990402222,False,Qwen/Qwen2.5-1.5B,0.1,4
philosophy/94,0.037392597645521164,0.01585528254508972,False,Qwen/Qwen2.5-1.5B,0.1,4
philosophy/95,0.9949328303337097,0.9762476682662964,False,Qwen/Qwen2.5-1.5B,0.1,4
philosophy/96,0.029690446332097054,0.030532803386449814,False,Qwen/Qwen2.5-1.5B,0.1,4
philosophy/97,0.8941673040390015,0.668911337852478,False,Qwen/Qwen2.5-1.5B,0.1,4
philosophy/98,0.3482348322868347,0.15827983617782593,False,Qwen/Qwen2.5-1.5B,0.1,4
philosophy/99,0.19852860271930695,0.3373446464538574,False,Qwen/Qwen2.5-1.5B,0.1,4
philosophy/100,0.7012403011322021,0.7204242944717407,True,Qwen/Qwen2.5-1.5B,0.1,4
philosophy/101,0.5280142426490784,0.6825452446937561,False,Qwen/Qwen2.5-1.5B,0.1,4
philosophy/102,0.10274539887905121,0.17242354154586792,False,Qwen/Qwen2.5-1.5B,0.1,4
philosophy/103,0.9772583842277527,0.9578094482421875,False,Qwen/Qwen2.5-1.5B,0.1,4
philosophy/104,0.8460843563079834,0.7442526817321777,False,Qwen/Qwen2.5-1.5B,0.1,4
philosophy/105,0.018052345141768456,0.0932215005159378,False,Qwen/Qwen2.5-1.5B,0.1,4
philosophy/106,0.1177743673324585,0.12767252326011658,False,Qwen/Qwen2.5-1.5B,0.1,4
philosophy/107,0.03250325471162796,0.08856548368930817,False,Qwen/Qwen2.5-1.5B,0.1,4
philosophy/108,0.9702854752540588,0.982668399810791,False,Qwen/Qwen2.5-1.5B,0.1,4
philosophy/109,0.6195793151855469,0.8335407972335815,False,Qwen/Qwen2.5-1.5B,0.1,4
philosophy/110,0.7836387753486633,0.7991988658905029,True,Qwen/Qwen2.5-1.5B,0.1,4
philosophy/111,0.8427214622497559,0.8991447687149048,False,Qwen/Qwen2.5-1.5B,0.1,4
philosophy/112,0.41764289140701294,0.30058223009109497,False,Qwen/Qwen2.5-1.5B,0.1,4
philosophy/113,0.08096691966056824,0.20306022465229034,False,Qwen/Qwen2.5-1.5B,0.1,4
philosophy/114,0.9862960577011108,0.9833005666732788,False,Qwen/Qwen2.5-1.5B,0.1,4
philosophy/115,0.10065340250730515,0.06604064255952835,False,Qwen/Qwen2.5-1.5B,0.1,4
philosophy/116,0.32170969247817993,0.20700529217720032,True,Qwen/Qwen2.5-1.5B,0.1,4
philosophy/117,0.9963217973709106,0.9973644614219666,False,Qwen/Qwen2.5-1.5B,0.1,4
philosophy/118,0.7310998439788818,0.7780316472053528,False,Qwen/Qwen2.5-1.5B,0.1,4
philosophy/119,0.028052471578121185,0.021382417529821396,False,Qwen/Qwen2.5-1.5B,0.1,4
philosophy/120,0.9837303161621094,0.9673867225646973,False,Qwen/Qwen2.5-1.5B,0.1,4
philosophy/121,0.497312992811203,0.6589577794075012,False,Qwen/Qwen2.5-1.5B,0.1,4
philosophy/122,0.46669861674308777,0.5740014314651489,False,Qwen/Qwen2.5-1.5B,0.1,4
philosophy/123,0.7097147703170776,0.7930827736854553,False,Qwen/Qwen2.5-1.5B,0.1,4
philosophy/124,0.4804936349391937,0.17733539640903473,False,Qwen/Qwen2.5-1.5B,0.1,4
philosophy/125,0.9259119033813477,0.9353768229484558,False,Qwen/Qwen2.5-1.5B,0.1,4
philosophy/126,0.9551912546157837,0.9469400644302368,False,Qwen/Qwen2.5-1.5B,0.1,4
philosophy/127,0.49918487668037415,0.5933098196983337,False,Qwen/Qwen2.5-1.5B,0.1,4
philosophy/128,0.6772370934486389,0.5215131044387817,False,Qwen/Qwen2.5-1.5B,0.1,4
philosophy/129,0.9673812985420227,0.9275162220001221,False,Qwen/Qwen2.5-1.5B,0.1,4
philosophy/130,0.9401943683624268,0.9165435433387756,False,Qwen/Qwen2.5-1.5B,0.1,4
philosophy/131,0.6523293256759644,0.8553364872932434,False,Qwen/Qwen2.5-1.5B,0.1,4
philosophy/132,0.038795553147792816,0.08243587613105774,False,Qwen/Qwen2.5-1.5B,0.1,4
philosophy/133,0.36378732323646545,0.250726580619812,False,Qwen/Qwen2.5-1.5B,0.1,4
philosophy/134,0.16552001237869263,0.10851404815912247,False,Qwen/Qwen2.5-1.5B,0.1,4
philosophy/135,0.9674860239028931,0.9291755557060242,False,Qwen/Qwen2.5-1.5B,0.1,4
philosophy/136,0.9575944542884827,0.9421460032463074,False,Qwen/Qwen2.5-1.5B,0.1,4
philosophy/137,0.9892618656158447,0.9786035418510437,False,Qwen/Qwen2.5-1.5B,0.1,4
philosophy/138,0.10516317188739777,0.08751537650823593,False,Qwen/Qwen2.5-1.5B,0.1,4
philosophy/139,0.9932678937911987,0.9959813356399536,False,Qwen/Qwen2.5-1.5B,0.1,4
philosophy/140,0.8235830664634705,0.9273916482925415,False,Qwen/Qwen2.5-1.5B,0.1,4
philosophy/141,0.5310251712799072,0.7899318933486938,False,Qwen/Qwen2.5-1.5B,0.1,4
philosophy/142,0.9847367405891418,0.9871994853019714,False,Qwen/Qwen2.5-1.5B,0.1,4
philosophy/143,0.4209524393081665,0.4485399127006531,False,Qwen/Qwen2.5-1.5B,0.1,4
philosophy/144,0.48277536034584045,0.5861567854881287,True,Qwen/Qwen2.5-1.5B,0.1,4
philosophy/145,0.891944169998169,0.8204604983329773,False,Qwen/Qwen2.5-1.5B,0.1,4
philosophy/146,0.9543323516845703,0.9632599353790283,False,Qwen/Qwen2.5-1.5B,0.1,4
philosophy/147,0.7307555675506592,0.8078975081443787,False,Qwen/Qwen2.5-1.5B,0.1,4
philosophy/148,0.9736853837966919,0.9437607526779175,False,Qwen/Qwen2.5-1.5B,0.1,4
philosophy/149,0.17682775855064392,0.2681557238101959,False,Qwen/Qwen2.5-1.5B,0.1,4
philosophy/150,0.9934786558151245,0.9953239560127258,False,Qwen/Qwen2.5-1.5B,0.1,4
philosophy/151,0.627270519733429,0.49117881059646606,False,Qwen/Qwen2.5-1.5B,0.1,4
philosophy/152,0.9610590934753418,0.9610816240310669,False,Qwen/Qwen2.5-1.5B,0.1,4
philosophy/153,0.9966322779655457,0.9962067604064941,False,Qwen/Qwen2.5-1.5B,0.1,4
philosophy/154,0.09271492809057236,0.02507603168487549,False,Qwen/Qwen2.5-1.5B,0.1,4
philosophy/155,0.47006306052207947,0.44034242630004883,False,Qwen/Qwen2.5-1.5B,0.1,4
philosophy/156,0.6926700472831726,0.6944376826286316,False,Qwen/Qwen2.5-1.5B,0.1,4
philosophy/157,0.9977828860282898,0.9964485168457031,False,Qwen/Qwen2.5-1.5B,0.1,4
philosophy/158,0.47097349166870117,0.5402455925941467,False,Qwen/Qwen2.5-1.5B,0.1,4
philosophy/159,0.23368608951568604,0.13022847473621368,False,Qwen/Qwen2.5-1.5B,0.1,4
philosophy/160,0.2874031960964203,0.3141912519931793,False,Qwen/Qwen2.5-1.5B,0.1,4
philosophy/161,0.5752788186073303,0.7313305139541626,False,Qwen/Qwen2.5-1.5B,0.1,4
philosophy/162,0.5571563243865967,0.4870898723602295,False,Qwen/Qwen2.5-1.5B,0.1,4
philosophy/163,0.9258267879486084,0.8758364915847778,False,Qwen/Qwen2.5-1.5B,0.1,4
philosophy/164,0.6184288859367371,0.478314608335495,False,Qwen/Qwen2.5-1.5B,0.1,4
philosophy/165,0.96303790807724,0.9147396683692932,False,Qwen/Qwen2.5-1.5B,0.1,4
philosophy/166,0.9792463183403015,0.907279372215271,False,Qwen/Qwen2.5-1.5B,0.1,4
philosophy/167,0.2858855426311493,0.18129780888557434,False,Qwen/Qwen2.5-1.5B,0.1,4
philosophy/168,0.2581542432308197,0.25605934858322144,False,Qwen/Qwen2.5-1.5B,0.1,4
philosophy/169,0.9795644879341125,0.9443451762199402,False,Qwen/Qwen2.5-1.5B,0.1,4
philosophy/170,0.38755860924720764,0.3581332266330719,False,Qwen/Qwen2.5-1.5B,0.1,4
philosophy/171,0.561582088470459,0.6600552797317505,False,Qwen/Qwen2.5-1.5B,0.1,4
philosophy/172,0.21680845320224762,0.16273827850818634,False,Qwen/Qwen2.5-1.5B,0.1,4
philosophy/173,0.03156575560569763,0.18484580516815186,False,Qwen/Qwen2.5-1.5B,0.1,4
philosophy/174,0.4751529097557068,0.4258860647678375,False,Qwen/Qwen2.5-1.5B,0.1,4
philosophy/175,0.6843336224555969,0.6127446293830872,True,Qwen/Qwen2.5-1.5B,0.1,4
philosophy/176,0.1865958571434021,0.17111323773860931,False,Qwen/Qwen2.5-1.5B,0.1,4
philosophy/177,0.8865763545036316,0.8780127763748169,False,Qwen/Qwen2.5-1.5B,0.1,4
philosophy/178,0.21885691583156586,0.5320214033126831,False,Qwen/Qwen2.5-1.5B,0.1,4
philosophy/179,0.8635483384132385,0.8913814425468445,False,Qwen/Qwen2.5-1.5B,0.1,4
philosophy/180,0.7764901518821716,0.8305960297584534,True,Qwen/Qwen2.5-1.5B,0.1,4
philosophy/181,0.6448970437049866,0.6776384711265564,True,Qwen/Qwen2.5-1.5B,0.1,4
philosophy/182,0.9899084568023682,0.9905765056610107,False,Qwen/Qwen2.5-1.5B,0.1,4
philosophy/183,0.9858126640319824,0.9706893563270569,False,Qwen/Qwen2.5-1.5B,0.1,4
philosophy/184,0.844082236289978,0.9087598919868469,False,Qwen/Qwen2.5-1.5B,0.1,4
philosophy/185,0.7188385128974915,0.8149394989013672,False,Qwen/Qwen2.5-1.5B,0.1,4
philosophy/186,0.40971580147743225,0.547481119632721,False,Qwen/Qwen2.5-1.5B,0.1,4
philosophy/187,0.5159085392951965,0.39993804693222046,False,Qwen/Qwen2.5-1.5B,0.1,4
philosophy/188,0.3373506963253021,0.43066665530204773,False,Qwen/Qwen2.5-1.5B,0.1,4
philosophy/189,0.9676830172538757,0.9353536367416382,False,Qwen/Qwen2.5-1.5B,0.1,4
philosophy/190,0.8923456072807312,0.8368348479270935,False,Qwen/Qwen2.5-1.5B,0.1,4
philosophy/191,0.5451312065124512,0.8815625309944153,False,Qwen/Qwen2.5-1.5B,0.1,4
philosophy/192,0.9362429976463318,0.9650437235832214,False,Qwen/Qwen2.5-1.5B,0.1,4
philosophy/193,0.5288223028182983,0.6320977807044983,False,Qwen/Qwen2.5-1.5B,0.1,4
philosophy/194,0.7790646553039551,0.7625980377197266,False,Qwen/Qwen2.5-1.5B,0.1,4
philosophy/195,0.7484334111213684,0.29875457286834717,False,Qwen/Qwen2.5-1.5B,0.1,4
philosophy/196,0.591526210308075,0.39636147022247314,False,Qwen/Qwen2.5-1.5B,0.1,4
philosophy/197,0.13975206017494202,0.04975990206003189,False,Qwen/Qwen2.5-1.5B,0.1,4
philosophy/198,0.03701949492096901,0.020353607833385468,False,Qwen/Qwen2.5-1.5B,0.1,4
philosophy/199,0.9565570950508118,0.9579946994781494,False,Qwen/Qwen2.5-1.5B,0.1,4
philosophy/200,0.4304640591144562,0.6082769632339478,False,Qwen/Qwen2.5-1.5B,0.1,4
philosophy/201,0.2642313838005066,0.5985383987426758,False,Qwen/Qwen2.5-1.5B,0.1,4
philosophy/202,0.4582067131996155,0.5599288940429688,False,Qwen/Qwen2.5-1.5B,0.1,4
philosophy/203,0.047305282205343246,0.06888513267040253,False,Qwen/Qwen2.5-1.5B,0.1,4
philosophy/204,0.618347704410553,0.45852988958358765,False,Qwen/Qwen2.5-1.5B,0.1,4
philosophy/205,0.8662694096565247,0.8360854983329773,False,Qwen/Qwen2.5-1.5B,0.1,4
philosophy/206,0.6478953957557678,0.35182029008865356,True,Qwen/Qwen2.5-1.5B,0.1,4
philosophy/207,0.9214983582496643,0.8743430376052856,False,Qwen/Qwen2.5-1.5B,0.1,4
philosophy/208,0.04126068204641342,0.07597590237855911,False,Qwen/Qwen2.5-1.5B,0.1,4
philosophy/209,0.5495103001594543,0.4400295615196228,False,Qwen/Qwen2.5-1.5B,0.1,4
philosophy/210,0.05834515392780304,0.01241794042289257,False,Qwen/Qwen2.5-1.5B,0.1,4
philosophy/211,0.8515473008155823,0.9303228855133057,False,Qwen/Qwen2.5-1.5B,0.1,4
philosophy/212,0.017803559079766273,0.019626908004283905,False,Qwen/Qwen2.5-1.5B,0.1,4
philosophy/213,0.1085696741938591,0.3026953339576721,True,Qwen/Qwen2.5-1.5B,0.1,4
philosophy/214,0.626392126083374,0.676639974117279,False,Qwen/Qwen2.5-1.5B,0.1,4
philosophy/215,0.5058701634407043,0.7218211889266968,False,Qwen/Qwen2.5-1.5B,0.1,4
philosophy/216,0.45437178015708923,0.44558241963386536,False,Qwen/Qwen2.5-1.5B,0.1,4
philosophy/217,0.989427387714386,0.9940434098243713,False,Qwen/Qwen2.5-1.5B,0.1,4
philosophy/218,0.7779593467712402,0.7398768067359924,False,Qwen/Qwen2.5-1.5B,0.1,4
philosophy/219,0.7501842379570007,0.6032592058181763,False,Qwen/Qwen2.5-1.5B,0.1,4
philosophy/220,0.2135092169046402,0.16635935008525848,False,Qwen/Qwen2.5-1.5B,0.1,4
philosophy/221,0.2699326276779175,0.5864900946617126,False,Qwen/Qwen2.5-1.5B,0.1,4
philosophy/222,0.9706405997276306,0.9754368662834167,False,Qwen/Qwen2.5-1.5B,0.1,4
philosophy/223,0.20127183198928833,0.14978675544261932,False,Qwen/Qwen2.5-1.5B,0.1,4
philosophy/224,0.9949470162391663,0.9950917959213257,False,Qwen/Qwen2.5-1.5B,0.1,4
philosophy/225,0.9649645686149597,0.9818452596664429,True,Qwen/Qwen2.5-1.5B,0.1,4
philosophy/226,0.13065722584724426,0.14616352319717407,False,Qwen/Qwen2.5-1.5B,0.1,4
philosophy/227,0.9436222314834595,0.8738696575164795,False,Qwen/Qwen2.5-1.5B,0.1,4
philosophy/228,0.9774290323257446,0.9627416729927063,False,Qwen/Qwen2.5-1.5B,0.1,4
philosophy/229,0.9123756289482117,0.6956489682197571,False,Qwen/Qwen2.5-1.5B,0.1,4
philosophy/230,0.8252348303794861,0.3923276662826538,False,Qwen/Qwen2.5-1.5B,0.1,4
philosophy/231,0.4766969680786133,0.29259297251701355,False,Qwen/Qwen2.5-1.5B,0.1,4
philosophy/232,0.5872815847396851,0.6839362382888794,False,Qwen/Qwen2.5-1.5B,0.1,4
philosophy/233,0.09522238373756409,0.05525678023695946,False,Qwen/Qwen2.5-1.5B,0.1,4
philosophy/234,0.9758893251419067,0.9896283149719238,False,Qwen/Qwen2.5-1.5B,0.1,4
philosophy/235,0.9858700037002563,0.9580258131027222,True,Qwen/Qwen2.5-1.5B,0.1,4
philosophy/236,0.22565633058547974,0.32834047079086304,False,Qwen/Qwen2.5-1.5B,0.1,4
philosophy/237,0.04292507469654083,0.10431910306215286,True,Qwen/Qwen2.5-1.5B,0.1,4
philosophy/238,0.19643598794937134,0.1501074731349945,False,Qwen/Qwen2.5-1.5B,0.1,4
philosophy/239,0.9186859726905823,0.9405998587608337,True,Qwen/Qwen2.5-1.5B,0.1,4
philosophy/240,0.2729027569293976,0.2543591856956482,False,Qwen/Qwen2.5-1.5B,0.1,4
philosophy/241,0.022015653550624847,0.06277977675199509,True,Qwen/Qwen2.5-1.5B,0.1,4
philosophy/242,0.04532758519053459,0.025536758825182915,False,Qwen/Qwen2.5-1.5B,0.1,4
philosophy/243,0.30575481057167053,0.24881091713905334,False,Qwen/Qwen2.5-1.5B,0.1,4
philosophy/244,0.030554190278053284,0.011615864001214504,False,Qwen/Qwen2.5-1.5B,0.1,4
philosophy/245,0.8931771516799927,0.9536942839622498,False,Qwen/Qwen2.5-1.5B,0.1,4
philosophy/246,0.9165645837783813,0.9344977736473083,False,Qwen/Qwen2.5-1.5B,0.1,4
philosophy/247,0.9962737560272217,0.9878788590431213,False,Qwen/Qwen2.5-1.5B,0.1,4
philosophy/248,0.7201762199401855,0.8271913528442383,False,Qwen/Qwen2.5-1.5B,0.1,4
philosophy/249,0.20410825312137604,0.1641657054424286,True,Qwen/Qwen2.5-1.5B,0.1,4
philosophy/250,0.9748200178146362,0.9714000821113586,True,Qwen/Qwen2.5-1.5B,0.1,4
philosophy/251,0.8269205689430237,0.8331738710403442,False,Qwen/Qwen2.5-1.5B,0.1,4
philosophy/252,0.9004746079444885,0.9290919899940491,False,Qwen/Qwen2.5-1.5B,0.1,4
philosophy/253,0.1124168336391449,0.05184477940201759,False,Qwen/Qwen2.5-1.5B,0.1,4
philosophy/254,0.28992757201194763,0.3898550570011139,False,Qwen/Qwen2.5-1.5B,0.1,4
philosophy/255,0.7772910594940186,0.8351513147354126,False,Qwen/Qwen2.5-1.5B,0.1,4
philosophy/256,0.36035779118537903,0.4643450975418091,False,Qwen/Qwen2.5-1.5B,0.1,4
philosophy/257,0.5397405028343201,0.38871586322784424,False,Qwen/Qwen2.5-1.5B,0.1,4
philosophy/258,0.2590905427932739,0.2767453193664551,False,Qwen/Qwen2.5-1.5B,0.1,4
philosophy/259,0.8607604503631592,0.8459147214889526,False,Qwen/Qwen2.5-1.5B,0.1,4
philosophy/260,0.9763769507408142,0.9386743903160095,False,Qwen/Qwen2.5-1.5B,0.1,4
philosophy/261,0.25193819403648376,0.25291958451271057,False,Qwen/Qwen2.5-1.5B,0.1,4
philosophy/262,0.647960364818573,0.4990321099758148,False,Qwen/Qwen2.5-1.5B,0.1,4
philosophy/263,0.5015088319778442,0.4661415219306946,False,Qwen/Qwen2.5-1.5B,0.1,4
philosophy/264,0.42448076605796814,0.615797758102417,False,Qwen/Qwen2.5-1.5B,0.1,4
philosophy/265,0.39904361963272095,0.2648087441921234,False,Qwen/Qwen2.5-1.5B,0.1,4
philosophy/266,0.030271640047430992,0.07777892798185349,False,Qwen/Qwen2.5-1.5B,0.1,4
philosophy/267,0.755084216594696,0.7508480548858643,False,Qwen/Qwen2.5-1.5B,0.1,4
philosophy/268,0.8114678263664246,0.8783612251281738,False,Qwen/Qwen2.5-1.5B,0.1,4
philosophy/269,0.09923607110977173,0.1060052365064621,False,Qwen/Qwen2.5-1.5B,0.1,4
philosophy/270,0.5521114468574524,0.8609856963157654,True,Qwen/Qwen2.5-1.5B,0.1,4
philosophy/271,0.12151949107646942,0.1721746325492859,False,Qwen/Qwen2.5-1.5B,0.1,4
philosophy/272,0.7183155417442322,0.8156455159187317,True,Qwen/Qwen2.5-1.5B,0.1,4
philosophy/273,0.6474099159240723,0.5704796314239502,False,Qwen/Qwen2.5-1.5B,0.1,4
philosophy/274,0.8790969848632812,0.8988142013549805,False,Qwen/Qwen2.5-1.5B,0.1,4
philosophy/275,0.9302586913108826,0.9219712615013123,False,Qwen/Qwen2.5-1.5B,0.1,4
philosophy/276,0.8302589058876038,0.8323644995689392,False,Qwen/Qwen2.5-1.5B,0.1,4
philosophy/277,0.9994345307350159,0.9971619844436646,False,Qwen/Qwen2.5-1.5B,0.1,4
philosophy/278,0.2570610046386719,0.4078730046749115,False,Qwen/Qwen2.5-1.5B,0.1,4
philosophy/279,0.9971815347671509,0.9969128370285034,False,Qwen/Qwen2.5-1.5B,0.1,4
philosophy/280,0.37245994806289673,0.30603882670402527,False,Qwen/Qwen2.5-1.5B,0.1,4
philosophy/281,0.2390662282705307,0.17789709568023682,False,Qwen/Qwen2.5-1.5B,0.1,4
philosophy/282,0.9979767203330994,0.997742772102356,False,Qwen/Qwen2.5-1.5B,0.1,4
philosophy/283,0.6736838221549988,0.30708539485931396,False,Qwen/Qwen2.5-1.5B,0.1,4
philosophy/284,0.9072283506393433,0.9451561570167542,False,Qwen/Qwen2.5-1.5B,0.1,4
philosophy/285,0.5476006865501404,0.46882426738739014,False,Qwen/Qwen2.5-1.5B,0.1,4
philosophy/286,0.13419368863105774,0.07535204291343689,False,Qwen/Qwen2.5-1.5B,0.1,4
philosophy/287,0.3333423137664795,0.6034890413284302,False,Qwen/Qwen2.5-1.5B,0.1,4
philosophy/288,0.1284632384777069,0.12378328293561935,False,Qwen/Qwen2.5-1.5B,0.1,4
philosophy/289,0.7453494071960449,0.7855892777442932,True,Qwen/Qwen2.5-1.5B,0.1,4
philosophy/290,0.9814336895942688,0.9888335466384888,False,Qwen/Qwen2.5-1.5B,0.1,4
philosophy/291,0.6235291361808777,0.40580567717552185,False,Qwen/Qwen2.5-1.5B,0.1,4
philosophy/292,0.7457579970359802,0.8740535974502563,False,Qwen/Qwen2.5-1.5B,0.1,4
philosophy/293,0.44715920090675354,0.6230981945991516,True,Qwen/Qwen2.5-1.5B,0.1,4
philosophy/294,0.15686087310314178,0.044035304337739944,False,Qwen/Qwen2.5-1.5B,0.1,4
philosophy/295,0.6972692608833313,0.8031754493713379,False,Qwen/Qwen2.5-1.5B,0.1,4
philosophy/296,0.8534634709358215,0.9050845503807068,True,Qwen/Qwen2.5-1.5B,0.1,4
philosophy/297,0.017401283606886864,0.02603168413043022,False,Qwen/Qwen2.5-1.5B,0.1,4
philosophy/298,0.14348287880420685,0.23360604047775269,True,Qwen/Qwen2.5-1.5B,0.1,4
philosophy/299,0.42147547006607056,0.17478984594345093,False,Qwen/Qwen2.5-1.5B,0.1,4
philosophy/300,0.7596191763877869,0.8152366280555725,False,Qwen/Qwen2.5-1.5B,0.1,4
philosophy/301,0.6052755117416382,0.554275393486023,False,Qwen/Qwen2.5-1.5B,0.1,4
philosophy/302,0.9726418256759644,0.9557636976242065,False,Qwen/Qwen2.5-1.5B,0.1,4
philosophy/303,0.04924817755818367,0.06540623307228088,False,Qwen/Qwen2.5-1.5B,0.1,4
philosophy/304,0.99946528673172,0.998374342918396,False,Qwen/Qwen2.5-1.5B,0.1,4
philosophy/305,0.41975054144859314,0.06043770909309387,False,Qwen/Qwen2.5-1.5B,0.1,4
philosophy/306,0.4585382044315338,0.3977082073688507,False,Qwen/Qwen2.5-1.5B,0.1,4
philosophy/307,0.7161489725112915,0.4199769198894501,False,Qwen/Qwen2.5-1.5B,0.1,4
philosophy/308,0.3900759518146515,0.468937486410141,False,Qwen/Qwen2.5-1.5B,0.1,4
philosophy/309,0.4187389016151428,0.40167495608329773,False,Qwen/Qwen2.5-1.5B,0.1,4
philosophy/310,0.997062623500824,0.9965611100196838,False,Qwen/Qwen2.5-1.5B,0.1,4
marketing/0,0.9651313424110413,0.9651749730110168,False,Qwen/Qwen2.5-1.5B,0.1,4
marketing/1,0.8712154030799866,0.952546238899231,False,Qwen/Qwen2.5-1.5B,0.1,4
marketing/2,0.13897377252578735,0.14252012968063354,True,Qwen/Qwen2.5-1.5B,0.1,4
marketing/3,0.27108728885650635,0.1477084904909134,False,Qwen/Qwen2.5-1.5B,0.1,4
marketing/4,0.8874080777168274,0.9638059139251709,False,Qwen/Qwen2.5-1.5B,0.1,4
marketing/5,0.9119717478752136,0.9369440078735352,False,Qwen/Qwen2.5-1.5B,0.1,4
marketing/6,0.9799165725708008,0.9867598414421082,False,Qwen/Qwen2.5-1.5B,0.1,4
marketing/7,0.10117915272712708,0.2987375557422638,False,Qwen/Qwen2.5-1.5B,0.1,4
marketing/8,0.992563784122467,0.9821065664291382,False,Qwen/Qwen2.5-1.5B,0.1,4
marketing/9,0.0865575298666954,0.2242264300584793,False,Qwen/Qwen2.5-1.5B,0.1,4
marketing/10,0.9878843426704407,0.9809597730636597,False,Qwen/Qwen2.5-1.5B,0.1,4
marketing/11,0.32310402393341064,0.6461434960365295,False,Qwen/Qwen2.5-1.5B,0.1,4
marketing/12,0.9134783744812012,0.9756450653076172,False,Qwen/Qwen2.5-1.5B,0.1,4
marketing/13,0.9767670035362244,0.977373480796814,False,Qwen/Qwen2.5-1.5B,0.1,4
marketing/14,0.7935791015625,0.8679178953170776,False,Qwen/Qwen2.5-1.5B,0.1,4
marketing/15,0.9992819428443909,0.9993095397949219,False,Qwen/Qwen2.5-1.5B,0.1,4
marketing/16,0.9475697875022888,0.9348034262657166,False,Qwen/Qwen2.5-1.5B,0.1,4
marketing/17,0.9790802597999573,0.9517059922218323,False,Qwen/Qwen2.5-1.5B,0.1,4
marketing/18,0.43890708684921265,0.5258619785308838,False,Qwen/Qwen2.5-1.5B,0.1,4
marketing/19,0.805640697479248,0.6244952082633972,False,Qwen/Qwen2.5-1.5B,0.1,4
marketing/20,0.996728777885437,0.9984402060508728,False,Qwen/Qwen2.5-1.5B,0.1,4
marketing/21,0.9785903692245483,0.9517013430595398,False,Qwen/Qwen2.5-1.5B,0.1,4
marketing/22,0.9836913347244263,0.99183589220047,True,Qwen/Qwen2.5-1.5B,0.1,4
marketing/23,0.8663681745529175,0.8894211649894714,True,Qwen/Qwen2.5-1.5B,0.1,4
marketing/24,0.9858242273330688,0.9938483834266663,False,Qwen/Qwen2.5-1.5B,0.1,4
marketing/25,0.984298586845398,0.972981870174408,False,Qwen/Qwen2.5-1.5B,0.1,4
marketing/26,0.49715229868888855,0.4037971794605255,False,Qwen/Qwen2.5-1.5B,0.1,4
marketing/27,0.9764463901519775,0.9683751463890076,False,Qwen/Qwen2.5-1.5B,0.1,4
marketing/28,0.9847639203071594,0.9893971681594849,False,Qwen/Qwen2.5-1.5B,0.1,4
marketing/29,0.9769452810287476,0.9883868098258972,True,Qwen/Qwen2.5-1.5B,0.1,4
marketing/30,0.9888724684715271,0.9860529899597168,False,Qwen/Qwen2.5-1.5B,0.1,4
marketing/31,0.9950331449508667,0.996702253818512,False,Qwen/Qwen2.5-1.5B,0.1,4
marketing/32,0.3807588219642639,0.7797103524208069,False,Qwen/Qwen2.5-1.5B,0.1,4
marketing/33,0.992601215839386,0.9978043437004089,True,Qwen/Qwen2.5-1.5B,0.1,4
marketing/34,0.5213623046875,0.6622074246406555,True,Qwen/Qwen2.5-1.5B,0.1,4
marketing/35,0.7647770047187805,0.5351603627204895,False,Qwen/Qwen2.5-1.5B,0.1,4
marketing/36,0.7727077007293701,0.847805380821228,False,Qwen/Qwen2.5-1.5B,0.1,4
marketing/37,0.9474729299545288,0.8679447770118713,False,Qwen/Qwen2.5-1.5B,0.1,4
marketing/38,0.7380945086479187,0.5206082463264465,False,Qwen/Qwen2.5-1.5B,0.1,4
marketing/39,0.9637953639030457,0.9857519268989563,False,Qwen/Qwen2.5-1.5B,0.1,4
marketing/40,0.9288730621337891,0.7722164988517761,False,Qwen/Qwen2.5-1.5B,0.1,4
marketing/41,0.7056056261062622,0.9294211864471436,False,Qwen/Qwen2.5-1.5B,0.1,4
marketing/42,0.9454676508903503,0.923316478729248,False,Qwen/Qwen2.5-1.5B,0.1,4
marketing/43,0.8266611695289612,0.9486032724380493,False,Qwen/Qwen2.5-1.5B,0.1,4
marketing/44,0.7628601789474487,0.7784229516983032,False,Qwen/Qwen2.5-1.5B,0.1,4
marketing/45,0.9467833042144775,0.9454089403152466,False,Qwen/Qwen2.5-1.5B,0.1,4
marketing/46,0.9941674470901489,0.9909915924072266,False,Qwen/Qwen2.5-1.5B,0.1,4
marketing/47,0.9837728142738342,0.993148148059845,False,Qwen/Qwen2.5-1.5B,0.1,4
marketing/48,0.9671858549118042,0.9851154685020447,False,Qwen/Qwen2.5-1.5B,0.1,4
marketing/49,0.9779713749885559,0.9805011749267578,False,Qwen/Qwen2.5-1.5B,0.1,4
marketing/50,0.9806483387947083,0.9887290000915527,False,Qwen/Qwen2.5-1.5B,0.1,4
marketing/51,0.9022567868232727,0.9360596537590027,False,Qwen/Qwen2.5-1.5B,0.1,4
marketing/52,0.9341020584106445,0.8109080195426941,False,Qwen/Qwen2.5-1.5B,0.1,4
marketing/53,0.9959860444068909,0.9982725381851196,False,Qwen/Qwen2.5-1.5B,0.1,4
marketing/54,0.18784046173095703,0.09729815274477005,False,Qwen/Qwen2.5-1.5B,0.1,4
marketing/55,0.23140309751033783,0.13456586003303528,False,Qwen/Qwen2.5-1.5B,0.1,4
marketing/56,0.8979791402816772,0.8905067443847656,False,Qwen/Qwen2.5-1.5B,0.1,4
marketing/57,0.9969383478164673,0.9914587140083313,False,Qwen/Qwen2.5-1.5B,0.1,4
marketing/58,0.9801568984985352,0.9811460971832275,False,Qwen/Qwen2.5-1.5B,0.1,4
marketing/59,0.9987624883651733,0.9997774958610535,False,Qwen/Qwen2.5-1.5B,0.1,4
marketing/60,0.9809098839759827,0.9743813872337341,True,Qwen/Qwen2.5-1.5B,0.1,4
marketing/61,0.9964930415153503,0.9981743097305298,False,Qwen/Qwen2.5-1.5B,0.1,4
marketing/62,0.9429478049278259,0.9651512503623962,False,Qwen/Qwen2.5-1.5B,0.1,4
marketing/63,0.8242956399917603,0.9670631885528564,False,Qwen/Qwen2.5-1.5B,0.1,4
marketing/64,0.9019023180007935,0.9696393609046936,False,Qwen/Qwen2.5-1.5B,0.1,4
marketing/65,0.38889750838279724,0.4702286422252655,False,Qwen/Qwen2.5-1.5B,0.1,4
marketing/66,0.9944102168083191,0.9973247051239014,False,Qwen/Qwen2.5-1.5B,0.1,4
marketing/67,0.6293621063232422,0.7548799514770508,False,Qwen/Qwen2.5-1.5B,0.1,4
marketing/68,0.4446173906326294,0.47613537311553955,False,Qwen/Qwen2.5-1.5B,0.1,4
marketing/69,0.9729264378547668,0.9962658286094666,False,Qwen/Qwen2.5-1.5B,0.1,4
marketing/70,0.9968140721321106,0.9977680444717407,False,Qwen/Qwen2.5-1.5B,0.1,4
marketing/71,0.8641858696937561,0.9803358316421509,False,Qwen/Qwen2.5-1.5B,0.1,4
marketing/72,0.49653515219688416,0.505272388458252,False,Qwen/Qwen2.5-1.5B,0.1,4
marketing/73,0.3754485547542572,0.4070390462875366,False,Qwen/Qwen2.5-1.5B,0.1,4
marketing/74,0.8194641470909119,0.93177330493927,False,Qwen/Qwen2.5-1.5B,0.1,4
marketing/75,0.9974830746650696,0.9991059899330139,False,Qwen/Qwen2.5-1.5B,0.1,4
marketing/76,0.9968932867050171,0.9952671527862549,False,Qwen/Qwen2.5-1.5B,0.1,4
marketing/77,0.6109040975570679,0.7965396642684937,True,Qwen/Qwen2.5-1.5B,0.1,4
marketing/78,0.9814373254776001,0.9919896721839905,False,Qwen/Qwen2.5-1.5B,0.1,4
marketing/79,0.5319029688835144,0.49601754546165466,False,Qwen/Qwen2.5-1.5B,0.1,4
marketing/80,0.7025249004364014,0.6052988767623901,False,Qwen/Qwen2.5-1.5B,0.1,4
marketing/81,0.995744526386261,0.9980965256690979,False,Qwen/Qwen2.5-1.5B,0.1,4
marketing/82,0.35498592257499695,0.7423475384712219,True,Qwen/Qwen2.5-1.5B,0.1,4
marketing/83,0.9804244637489319,0.9934099316596985,True,Qwen/Qwen2.5-1.5B,0.1,4
marketing/84,0.9805176854133606,0.9930964112281799,False,Qwen/Qwen2.5-1.5B,0.1,4
marketing/85,0.9867657423019409,0.9885261058807373,False,Qwen/Qwen2.5-1.5B,0.1,4
marketing/86,0.9783951044082642,0.9607675075531006,False,Qwen/Qwen2.5-1.5B,0.1,4
marketing/87,0.5963245034217834,0.3655083477497101,False,Qwen/Qwen2.5-1.5B,0.1,4
marketing/88,0.9290316104888916,0.9530543684959412,False,Qwen/Qwen2.5-1.5B,0.1,4
marketing/89,0.9788237810134888,0.7303199172019958,False,Qwen/Qwen2.5-1.5B,0.1,4
marketing/90,0.26080065965652466,0.3095232844352722,False,Qwen/Qwen2.5-1.5B,0.1,4
marketing/91,0.22258494794368744,0.4959786534309387,False,Qwen/Qwen2.5-1.5B,0.1,4
marketing/92,0.39028608798980713,0.6465248465538025,False,Qwen/Qwen2.5-1.5B,0.1,4
marketing/93,0.975769579410553,0.9901623725891113,False,Qwen/Qwen2.5-1.5B,0.1,4
marketing/94,0.9976316690444946,0.9990609288215637,False,Qwen/Qwen2.5-1.5B,0.1,4
marketing/95,0.9981958270072937,0.997634768486023,False,Qwen/Qwen2.5-1.5B,0.1,4
marketing/96,0.23503358662128448,0.20789822936058044,False,Qwen/Qwen2.5-1.5B,0.1,4
marketing/97,0.30990609526634216,0.3987271785736084,False,Qwen/Qwen2.5-1.5B,0.1,4
marketing/98,0.985755205154419,0.9892680048942566,False,Qwen/Qwen2.5-1.5B,0.1,4
marketing/99,0.1421288698911667,0.4925013482570648,True,Qwen/Qwen2.5-1.5B,0.1,4
marketing/100,0.9960975646972656,0.9983331561088562,False,Qwen/Qwen2.5-1.5B,0.1,4
marketing/101,0.7642051577568054,0.9155210256576538,False,Qwen/Qwen2.5-1.5B,0.1,4
marketing/102,0.9715132713317871,0.9838060140609741,False,Qwen/Qwen2.5-1.5B,0.1,4
marketing/103,0.3332045376300812,0.38240036368370056,False,Qwen/Qwen2.5-1.5B,0.1,4
marketing/104,0.29950734972953796,0.3387463688850403,False,Qwen/Qwen2.5-1.5B,0.1,4
marketing/105,0.40702831745147705,0.4231853187084198,False,Qwen/Qwen2.5-1.5B,0.1,4
marketing/106,0.99524986743927,0.9943418502807617,True,Qwen/Qwen2.5-1.5B,0.1,4
marketing/107,0.9492862224578857,0.9590796232223511,False,Qwen/Qwen2.5-1.5B,0.1,4
marketing/108,0.9977165460586548,0.9981604218482971,False,Qwen/Qwen2.5-1.5B,0.1,4
marketing/109,0.24261385202407837,0.05722414329648018,False,Qwen/Qwen2.5-1.5B,0.1,4
marketing/110,0.9590599536895752,0.9404066801071167,False,Qwen/Qwen2.5-1.5B,0.1,4
marketing/111,0.8153145909309387,0.8411019444465637,False,Qwen/Qwen2.5-1.5B,0.1,4
marketing/112,0.9865949153900146,0.9829733371734619,False,Qwen/Qwen2.5-1.5B,0.1,4
marketing/113,0.9788563251495361,0.991664707660675,False,Qwen/Qwen2.5-1.5B,0.1,4
marketing/114,0.9569406509399414,0.9562933444976807,False,Qwen/Qwen2.5-1.5B,0.1,4
marketing/115,0.11703319102525711,0.10104650259017944,False,Qwen/Qwen2.5-1.5B,0.1,4
marketing/116,0.9897264838218689,0.9900990128517151,False,Qwen/Qwen2.5-1.5B,0.1,4
marketing/117,0.809216320514679,0.9852472543716431,False,Qwen/Qwen2.5-1.5B,0.1,4
marketing/118,0.2789512276649475,0.16824837028980255,False,Qwen/Qwen2.5-1.5B,0.1,4
marketing/119,0.9979395270347595,0.9978686571121216,False,Qwen/Qwen2.5-1.5B,0.1,4
marketing/120,0.9771121144294739,0.9893627762794495,False,Qwen/Qwen2.5-1.5B,0.1,4
marketing/121,0.9589905738830566,0.9684863090515137,False,Qwen/Qwen2.5-1.5B,0.1,4
marketing/122,0.8100257515907288,0.8634390234947205,False,Qwen/Qwen2.5-1.5B,0.1,4
marketing/123,0.15959297120571136,0.1978350132703781,False,Qwen/Qwen2.5-1.5B,0.1,4
marketing/124,0.9292933940887451,0.7451784014701843,False,Qwen/Qwen2.5-1.5B,0.1,4
marketing/125,0.9950893521308899,0.9986349940299988,False,Qwen/Qwen2.5-1.5B,0.1,4
marketing/126,0.9307206869125366,0.9453415274620056,False,Qwen/Qwen2.5-1.5B,0.1,4
marketing/127,0.9634731411933899,0.9711391925811768,True,Qwen/Qwen2.5-1.5B,0.1,4
marketing/128,0.3264364004135132,0.3060871362686157,False,Qwen/Qwen2.5-1.5B,0.1,4
marketing/129,0.014258571900427341,0.05428216978907585,False,Qwen/Qwen2.5-1.5B,0.1,4
marketing/130,0.9910455346107483,0.9891953468322754,False,Qwen/Qwen2.5-1.5B,0.1,4
marketing/131,0.9944844841957092,0.9948654770851135,False,Qwen/Qwen2.5-1.5B,0.1,4
marketing/132,0.9934340715408325,0.9967426657676697,False,Qwen/Qwen2.5-1.5B,0.1,4
marketing/133,0.9165700078010559,0.9593859910964966,False,Qwen/Qwen2.5-1.5B,0.1,4
marketing/134,0.9958833456039429,0.993595540523529,False,Qwen/Qwen2.5-1.5B,0.1,4
marketing/135,0.9862703680992126,0.982117235660553,True,Qwen/Qwen2.5-1.5B,0.1,4
marketing/136,0.8883111476898193,0.8150849938392639,False,Qwen/Qwen2.5-1.5B,0.1,4
marketing/137,0.39976945519447327,0.5042423605918884,True,Qwen/Qwen2.5-1.5B,0.1,4
marketing/138,0.24363769590854645,0.5905186533927917,False,Qwen/Qwen2.5-1.5B,0.1,4
marketing/139,0.7679137587547302,0.8421923518180847,False,Qwen/Qwen2.5-1.5B,0.1,4
marketing/140,0.9898247122764587,0.9925454258918762,False,Qwen/Qwen2.5-1.5B,0.1,4
marketing/141,0.9880858659744263,0.980964720249176,False,Qwen/Qwen2.5-1.5B,0.1,4
marketing/142,0.9911324381828308,0.9949098229408264,False,Qwen/Qwen2.5-1.5B,0.1,4
marketing/143,0.8873828053474426,0.8222022652626038,False,Qwen/Qwen2.5-1.5B,0.1,4
marketing/144,0.2913912832736969,0.6138515472412109,False,Qwen/Qwen2.5-1.5B,0.1,4
marketing/145,0.06079278141260147,0.1783922165632248,False,Qwen/Qwen2.5-1.5B,0.1,4
marketing/146,0.9886564016342163,0.9868056774139404,False,Qwen/Qwen2.5-1.5B,0.1,4
marketing/147,0.986057698726654,0.9822148680686951,False,Qwen/Qwen2.5-1.5B,0.1,4
marketing/148,0.9978916049003601,0.997575581073761,False,Qwen/Qwen2.5-1.5B,0.1,4
marketing/149,0.9737961292266846,0.9757299423217773,False,Qwen/Qwen2.5-1.5B,0.1,4
marketing/150,0.9421294927597046,0.9856992363929749,False,Qwen/Qwen2.5-1.5B,0.1,4
marketing/151,0.3429814577102661,0.7376198768615723,False,Qwen/Qwen2.5-1.5B,0.1,4
marketing/152,0.9970325231552124,0.9985174536705017,False,Qwen/Qwen2.5-1.5B,0.1,4
marketing/153,0.47944480180740356,0.7529600858688354,False,Qwen/Qwen2.5-1.5B,0.1,4
marketing/154,0.9775346517562866,0.9576001763343811,False,Qwen/Qwen2.5-1.5B,0.1,4
marketing/155,0.7509541511535645,0.8790899515151978,False,Qwen/Qwen2.5-1.5B,0.1,4
marketing/156,0.9395430684089661,0.9593518376350403,False,Qwen/Qwen2.5-1.5B,0.1,4
marketing/157,0.1659836620092392,0.19800597429275513,False,Qwen/Qwen2.5-1.5B,0.1,4
marketing/158,0.9923691749572754,0.9943534135818481,False,Qwen/Qwen2.5-1.5B,0.1,4
marketing/159,0.6500255465507507,0.8196436166763306,False,Qwen/Qwen2.5-1.5B,0.1,4
marketing/160,0.9984416365623474,0.997761607170105,False,Qwen/Qwen2.5-1.5B,0.1,4
marketing/161,0.06267229467630386,0.03549012169241905,False,Qwen/Qwen2.5-1.5B,0.1,4
marketing/162,0.9875510334968567,0.9922558069229126,False,Qwen/Qwen2.5-1.5B,0.1,4
marketing/163,0.9078416228294373,0.9782217144966125,False,Qwen/Qwen2.5-1.5B,0.1,4
marketing/164,0.999243974685669,0.9974883794784546,True,Qwen/Qwen2.5-1.5B,0.1,4
marketing/165,0.08652176707983017,0.054499298334121704,False,Qwen/Qwen2.5-1.5B,0.1,4
marketing/166,0.945928692817688,0.9793915152549744,False,Qwen/Qwen2.5-1.5B,0.1,4
marketing/167,0.9979287385940552,0.9990983009338379,False,Qwen/Qwen2.5-1.5B,0.1,4
marketing/168,0.9438661932945251,0.9414035677909851,False,Qwen/Qwen2.5-1.5B,0.1,4
marketing/169,0.9224907755851746,0.984667181968689,False,Qwen/Qwen2.5-1.5B,0.1,4
marketing/170,0.991649866104126,0.9888277053833008,False,Qwen/Qwen2.5-1.5B,0.1,4
marketing/171,0.9568480253219604,0.9766879677772522,True,Qwen/Qwen2.5-1.5B,0.1,4
marketing/172,0.6582106947898865,0.9182010889053345,False,Qwen/Qwen2.5-1.5B,0.1,4
marketing/173,0.6580143570899963,0.9535818696022034,False,Qwen/Qwen2.5-1.5B,0.1,4
marketing/174,0.9410301446914673,0.9776416420936584,False,Qwen/Qwen2.5-1.5B,0.1,4
marketing/175,0.5717326402664185,0.4509035646915436,False,Qwen/Qwen2.5-1.5B,0.1,4
marketing/176,0.9391139149665833,0.8411217331886292,False,Qwen/Qwen2.5-1.5B,0.1,4
marketing/177,0.9861650466918945,0.9949306845664978,False,Qwen/Qwen2.5-1.5B,0.1,4
marketing/178,0.8647545576095581,0.8297711610794067,False,Qwen/Qwen2.5-1.5B,0.1,4
marketing/179,0.9984275102615356,0.9988260865211487,True,Qwen/Qwen2.5-1.5B,0.1,4
marketing/180,0.9407100677490234,0.9228710532188416,False,Qwen/Qwen2.5-1.5B,0.1,4
marketing/181,0.13136805593967438,0.05497411638498306,False,Qwen/Qwen2.5-1.5B,0.1,4
marketing/182,0.8834789395332336,0.7179383039474487,False,Qwen/Qwen2.5-1.5B,0.1,4
marketing/183,0.1274852156639099,0.12921097874641418,False,Qwen/Qwen2.5-1.5B,0.1,4
marketing/184,0.03992026299238205,0.07468709349632263,False,Qwen/Qwen2.5-1.5B,0.1,4
marketing/185,0.5870890617370605,0.7390771508216858,False,Qwen/Qwen2.5-1.5B,0.1,4
marketing/186,0.9447054862976074,0.9647921323776245,False,Qwen/Qwen2.5-1.5B,0.1,4
marketing/187,0.9325245022773743,0.9461700320243835,False,Qwen/Qwen2.5-1.5B,0.1,4
marketing/188,0.907084047794342,0.9537783265113831,False,Qwen/Qwen2.5-1.5B,0.1,4
marketing/189,0.9977999329566956,0.9969651103019714,False,Qwen/Qwen2.5-1.5B,0.1,4
marketing/190,0.9964723587036133,0.9982043504714966,False,Qwen/Qwen2.5-1.5B,0.1,4
marketing/191,0.9897230863571167,0.9979578256607056,False,Qwen/Qwen2.5-1.5B,0.1,4
marketing/192,0.073588527739048,0.02762756310403347,False,Qwen/Qwen2.5-1.5B,0.1,4
marketing/193,0.502979576587677,0.389766126871109,False,Qwen/Qwen2.5-1.5B,0.1,4
marketing/194,0.8718976378440857,0.9227340221405029,False,Qwen/Qwen2.5-1.5B,0.1,4
marketing/195,0.9970250725746155,0.9926855564117432,False,Qwen/Qwen2.5-1.5B,0.1,4
marketing/196,0.8519055247306824,0.9189181327819824,False,Qwen/Qwen2.5-1.5B,0.1,4
marketing/197,0.9528193473815918,0.9576064944267273,False,Qwen/Qwen2.5-1.5B,0.1,4
marketing/198,0.778862714767456,0.5345191359519958,False,Qwen/Qwen2.5-1.5B,0.1,4
marketing/199,0.9875268340110779,0.9918131828308105,False,Qwen/Qwen2.5-1.5B,0.1,4
marketing/200,0.9896820187568665,0.9935222268104553,False,Qwen/Qwen2.5-1.5B,0.1,4
marketing/201,0.9495465159416199,0.976436972618103,False,Qwen/Qwen2.5-1.5B,0.1,4
marketing/202,0.6349886655807495,0.8998633623123169,True,Qwen/Qwen2.5-1.5B,0.1,4
marketing/203,0.7751535773277283,0.7541627287864685,False,Qwen/Qwen2.5-1.5B,0.1,4
marketing/204,0.6987009644508362,0.6313338279724121,False,Qwen/Qwen2.5-1.5B,0.1,4
marketing/205,0.9805102348327637,0.9858313798904419,True,Qwen/Qwen2.5-1.5B,0.1,4
marketing/206,0.6657678484916687,0.6887750625610352,False,Qwen/Qwen2.5-1.5B,0.1,4
marketing/207,0.995332658290863,0.9991924166679382,False,Qwen/Qwen2.5-1.5B,0.1,4
marketing/208,0.7566052675247192,0.9144870638847351,False,Qwen/Qwen2.5-1.5B,0.1,4
marketing/209,0.993488073348999,0.9919514656066895,False,Qwen/Qwen2.5-1.5B,0.1,4
marketing/210,0.12483426183462143,0.026109270751476288,False,Qwen/Qwen2.5-1.5B,0.1,4
marketing/211,0.986775279045105,0.9962129592895508,False,Qwen/Qwen2.5-1.5B,0.1,4
marketing/212,0.9175622463226318,0.7292702198028564,False,Qwen/Qwen2.5-1.5B,0.1,4
marketing/213,0.8663653135299683,0.6129072904586792,False,Qwen/Qwen2.5-1.5B,0.1,4
marketing/214,0.09000641107559204,0.08677703142166138,True,Qwen/Qwen2.5-1.5B,0.1,4
marketing/215,0.856147289276123,0.8437143564224243,True,Qwen/Qwen2.5-1.5B,0.1,4
marketing/216,0.538500189781189,0.409981906414032,False,Qwen/Qwen2.5-1.5B,0.1,4
marketing/217,0.2003411054611206,0.08989916741847992,False,Qwen/Qwen2.5-1.5B,0.1,4
marketing/218,0.22136659920215607,0.16771449148654938,False,Qwen/Qwen2.5-1.5B,0.1,4
marketing/219,0.49995166063308716,0.8046361804008484,False,Qwen/Qwen2.5-1.5B,0.1,4
marketing/220,0.972615122795105,0.9941778182983398,False,Qwen/Qwen2.5-1.5B,0.1,4
marketing/221,0.9834316372871399,0.9789313673973083,False,Qwen/Qwen2.5-1.5B,0.1,4
marketing/222,0.9864698052406311,0.9888472557067871,False,Qwen/Qwen2.5-1.5B,0.1,4
marketing/223,0.03315604478120804,0.026301788166165352,False,Qwen/Qwen2.5-1.5B,0.1,4
marketing/224,0.4104188084602356,0.5108156204223633,False,Qwen/Qwen2.5-1.5B,0.1,4
marketing/225,0.9987419247627258,0.9976147413253784,False,Qwen/Qwen2.5-1.5B,0.1,4
marketing/226,0.920432984828949,0.881188690662384,False,Qwen/Qwen2.5-1.5B,0.1,4
marketing/227,0.992669939994812,0.9670249819755554,False,Qwen/Qwen2.5-1.5B,0.1,4
marketing/228,0.9778689742088318,0.9879826307296753,False,Qwen/Qwen2.5-1.5B,0.1,4
marketing/229,0.3954485058784485,0.6482375264167786,True,Qwen/Qwen2.5-1.5B,0.1,4
marketing/230,0.9985652565956116,0.9977237582206726,False,Qwen/Qwen2.5-1.5B,0.1,4
marketing/231,0.9934293627738953,0.9891260862350464,False,Qwen/Qwen2.5-1.5B,0.1,4
marketing/232,0.9970225691795349,0.9987339377403259,False,Qwen/Qwen2.5-1.5B,0.1,4
marketing/233,0.6293666958808899,0.4688786268234253,False,Qwen/Qwen2.5-1.5B,0.1,4
college_biology/0,0.20906831324100494,0.05684686079621315,False,Qwen/Qwen2.5-1.5B,0.5,4
college_biology/1,0.3856548070907593,0.86476731300354,False,Qwen/Qwen2.5-1.5B,0.5,4
college_biology/2,0.9023266434669495,0.993926465511322,False,Qwen/Qwen2.5-1.5B,0.5,4
college_biology/3,0.9148635268211365,0.9405339360237122,False,Qwen/Qwen2.5-1.5B,0.5,4
college_biology/4,0.5477221012115479,0.7596522569656372,True,Qwen/Qwen2.5-1.5B,0.5,4
college_biology/5,0.9969032406806946,0.9989917874336243,False,Qwen/Qwen2.5-1.5B,0.5,4
college_biology/6,0.9967703819274902,0.9996681213378906,False,Qwen/Qwen2.5-1.5B,0.5,4
college_biology/7,0.22394494712352753,0.9632794260978699,True,Qwen/Qwen2.5-1.5B,0.5,4
college_biology/8,0.994239091873169,0.9995408058166504,False,Qwen/Qwen2.5-1.5B,0.5,4
college_biology/9,0.9803741574287415,0.9801545739173889,False,Qwen/Qwen2.5-1.5B,0.5,4
college_biology/10,0.49293893575668335,0.8571494817733765,False,Qwen/Qwen2.5-1.5B,0.5,4
college_biology/11,0.2779228985309601,0.17133447527885437,False,Qwen/Qwen2.5-1.5B,0.5,4
college_biology/12,0.3197343945503235,0.41854241490364075,True,Qwen/Qwen2.5-1.5B,0.5,4
college_biology/13,0.9058508276939392,0.9942929744720459,True,Qwen/Qwen2.5-1.5B,0.5,4
college_biology/14,0.42996612191200256,0.614912748336792,True,Qwen/Qwen2.5-1.5B,0.5,4
college_biology/15,0.22164545953273773,0.9125515222549438,True,Qwen/Qwen2.5-1.5B,0.5,4
college_biology/16,0.9729788303375244,0.9976608753204346,True,Qwen/Qwen2.5-1.5B,0.5,4
college_biology/17,0.5713748931884766,0.5287144184112549,False,Qwen/Qwen2.5-1.5B,0.5,4
college_biology/18,0.25187399983406067,0.9891582727432251,True,Qwen/Qwen2.5-1.5B,0.5,4
college_biology/19,0.4393327534198761,0.051237668842077255,False,Qwen/Qwen2.5-1.5B,0.5,4
college_biology/20,0.9979173541069031,0.9999027252197266,True,Qwen/Qwen2.5-1.5B,0.5,4
college_biology/21,0.9980968832969666,0.9994762539863586,True,Qwen/Qwen2.5-1.5B,0.5,4
college_biology/22,0.3172657787799835,0.808099627494812,True,Qwen/Qwen2.5-1.5B,0.5,4
college_biology/23,0.7411954998970032,0.5081663727760315,False,Qwen/Qwen2.5-1.5B,0.5,4
college_biology/24,0.9962651133537292,0.9997473359107971,False,Qwen/Qwen2.5-1.5B,0.5,4
college_biology/25,0.9957399368286133,0.9997150301933289,False,Qwen/Qwen2.5-1.5B,0.5,4
college_biology/26,0.042604390531778336,0.4318400025367737,True,Qwen/Qwen2.5-1.5B,0.5,4
college_biology/27,0.9454055428504944,0.9730800986289978,False,Qwen/Qwen2.5-1.5B,0.5,4
college_biology/28,0.7049558758735657,0.7664169073104858,False,Qwen/Qwen2.5-1.5B,0.5,4
college_biology/29,0.5557230114936829,0.9057971239089966,True,Qwen/Qwen2.5-1.5B,0.5,4
college_biology/30,0.9685565233230591,0.9927977919578552,False,Qwen/Qwen2.5-1.5B,0.5,4
college_biology/31,0.5422115325927734,0.37915003299713135,True,Qwen/Qwen2.5-1.5B,0.5,4
college_biology/32,0.3428570330142975,0.3106595575809479,False,Qwen/Qwen2.5-1.5B,0.5,4
college_biology/33,0.9549312591552734,0.9997285008430481,True,Qwen/Qwen2.5-1.5B,0.5,4
college_biology/34,0.25634509325027466,0.40124109387397766,False,Qwen/Qwen2.5-1.5B,0.5,4
college_biology/35,0.7041565179824829,0.9388076663017273,True,Qwen/Qwen2.5-1.5B,0.5,4
college_biology/36,0.8219136595726013,0.9463360905647278,True,Qwen/Qwen2.5-1.5B,0.5,4
college_biology/37,0.49686291813850403,0.31818297505378723,False,Qwen/Qwen2.5-1.5B,0.5,4
college_biology/38,0.977168083190918,0.9961600303649902,True,Qwen/Qwen2.5-1.5B,0.5,4
college_biology/39,0.11234614253044128,0.7402571439743042,True,Qwen/Qwen2.5-1.5B,0.5,4
college_biology/40,0.315673828125,0.5988189578056335,True,Qwen/Qwen2.5-1.5B,0.5,4
college_biology/41,0.3633227050304413,0.24612464010715485,False,Qwen/Qwen2.5-1.5B,0.5,4
college_biology/42,0.9960201382637024,0.9742820262908936,False,Qwen/Qwen2.5-1.5B,0.5,4
college_biology/43,0.706298828125,0.9900000691413879,True,Qwen/Qwen2.5-1.5B,0.5,4
college_biology/44,0.45808929204940796,0.9644440412521362,True,Qwen/Qwen2.5-1.5B,0.5,4
college_biology/45,0.0593622587621212,0.6458394527435303,True,Qwen/Qwen2.5-1.5B,0.5,4
college_biology/46,0.14299142360687256,0.15935388207435608,False,Qwen/Qwen2.5-1.5B,0.5,4
college_biology/47,0.9178645014762878,0.9478538632392883,True,Qwen/Qwen2.5-1.5B,0.5,4
college_biology/48,0.6630075573921204,0.9058346748352051,False,Qwen/Qwen2.5-1.5B,0.5,4
college_biology/49,0.8449464440345764,0.6388434767723083,False,Qwen/Qwen2.5-1.5B,0.5,4
college_biology/50,0.6992252469062805,0.8827303647994995,False,Qwen/Qwen2.5-1.5B,0.5,4
college_biology/51,0.32508087158203125,0.03076848015189171,False,Qwen/Qwen2.5-1.5B,0.5,4
college_biology/52,0.6777784824371338,0.5567498803138733,True,Qwen/Qwen2.5-1.5B,0.5,4
college_biology/53,0.05097382143139839,0.06758792698383331,True,Qwen/Qwen2.5-1.5B,0.5,4
college_biology/54,0.24508334696292877,0.2801191210746765,False,Qwen/Qwen2.5-1.5B,0.5,4
college_biology/55,0.29476797580718994,0.18602627515792847,False,Qwen/Qwen2.5-1.5B,0.5,4
college_biology/56,0.1245817318558693,0.08221898227930069,True,Qwen/Qwen2.5-1.5B,0.5,4
college_biology/57,0.8402348160743713,0.958884596824646,False,Qwen/Qwen2.5-1.5B,0.5,4
college_biology/58,0.3950140178203583,0.24044811725616455,False,Qwen/Qwen2.5-1.5B,0.5,4
college_biology/59,0.997404158115387,0.9997935891151428,True,Qwen/Qwen2.5-1.5B,0.5,4
college_biology/60,0.8735644817352295,0.953667938709259,True,Qwen/Qwen2.5-1.5B,0.5,4
college_biology/61,0.6994802951812744,0.39648666977882385,False,Qwen/Qwen2.5-1.5B,0.5,4
college_biology/62,0.9843563437461853,0.9967632293701172,False,Qwen/Qwen2.5-1.5B,0.5,4
college_biology/63,0.2297036200761795,0.1949811577796936,False,Qwen/Qwen2.5-1.5B,0.5,4
college_biology/64,0.18019208312034607,0.6338039040565491,True,Qwen/Qwen2.5-1.5B,0.5,4
college_biology/65,0.0668693408370018,0.33435532450675964,True,Qwen/Qwen2.5-1.5B,0.5,4
college_biology/66,0.4510834217071533,0.782977819442749,True,Qwen/Qwen2.5-1.5B,0.5,4
college_biology/67,0.09659475088119507,0.009412928484380245,False,Qwen/Qwen2.5-1.5B,0.5,4
college_biology/68,0.9740204811096191,0.9989309906959534,True,Qwen/Qwen2.5-1.5B,0.5,4
college_biology/69,0.7714919447898865,0.28045809268951416,False,Qwen/Qwen2.5-1.5B,0.5,4
college_biology/70,0.6969608664512634,0.9520382285118103,False,Qwen/Qwen2.5-1.5B,0.5,4
college_biology/71,0.4828011393547058,0.33779841661453247,False,Qwen/Qwen2.5-1.5B,0.5,4
college_biology/72,0.802584707736969,0.9218956828117371,True,Qwen/Qwen2.5-1.5B,0.5,4
college_biology/73,0.4055665135383606,0.7639988660812378,True,Qwen/Qwen2.5-1.5B,0.5,4
college_biology/74,0.16845977306365967,0.09960981458425522,True,Qwen/Qwen2.5-1.5B,0.5,4
college_biology/75,0.2337266504764557,0.7612921595573425,False,Qwen/Qwen2.5-1.5B,0.5,4
college_biology/76,0.998457670211792,0.9990757703781128,True,Qwen/Qwen2.5-1.5B,0.5,4
college_biology/77,0.6395238041877747,0.9275966286659241,True,Qwen/Qwen2.5-1.5B,0.5,4
college_biology/78,0.17968063056468964,0.6995452642440796,True,Qwen/Qwen2.5-1.5B,0.5,4
college_biology/79,0.1787482351064682,0.43054333329200745,True,Qwen/Qwen2.5-1.5B,0.5,4
college_biology/80,0.07446111738681793,0.053021565079689026,False,Qwen/Qwen2.5-1.5B,0.5,4
college_biology/81,0.9235689043998718,0.9941421151161194,True,Qwen/Qwen2.5-1.5B,0.5,4
college_biology/82,0.9991170763969421,0.9998650550842285,True,Qwen/Qwen2.5-1.5B,0.5,4
college_biology/83,0.5864315629005432,0.8913841843605042,True,Qwen/Qwen2.5-1.5B,0.5,4
college_biology/84,0.9179609417915344,0.9604437351226807,False,Qwen/Qwen2.5-1.5B,0.5,4
college_biology/85,0.511485755443573,0.980346143245697,True,Qwen/Qwen2.5-1.5B,0.5,4
college_biology/86,0.9655249118804932,0.7950665354728699,True,Qwen/Qwen2.5-1.5B,0.5,4
college_biology/87,0.7598997950553894,0.7410277128219604,False,Qwen/Qwen2.5-1.5B,0.5,4
college_biology/88,0.9953500032424927,0.9666671752929688,False,Qwen/Qwen2.5-1.5B,0.5,4
college_biology/89,0.6645248532295227,0.48889169096946716,False,Qwen/Qwen2.5-1.5B,0.5,4
college_biology/90,0.46843957901000977,0.936092734336853,False,Qwen/Qwen2.5-1.5B,0.5,4
college_biology/91,0.9989544153213501,0.9988263249397278,True,Qwen/Qwen2.5-1.5B,0.5,4
college_biology/92,0.9943922162055969,0.9843563437461853,False,Qwen/Qwen2.5-1.5B,0.5,4
college_biology/93,0.016349030658602715,0.9730458855628967,True,Qwen/Qwen2.5-1.5B,0.5,4
college_biology/94,0.9912198185920715,0.9999151229858398,True,Qwen/Qwen2.5-1.5B,0.5,4
college_biology/95,0.38106292486190796,0.11696973443031311,False,Qwen/Qwen2.5-1.5B,0.5,4
college_biology/96,0.3507849872112274,0.7715008854866028,True,Qwen/Qwen2.5-1.5B,0.5,4
college_biology/97,0.8313420414924622,0.9772387742996216,True,Qwen/Qwen2.5-1.5B,0.5,4
college_biology/98,0.09530356526374817,0.5935385823249817,True,Qwen/Qwen2.5-1.5B,0.5,4
college_biology/99,0.9876524209976196,0.9975590705871582,True,Qwen/Qwen2.5-1.5B,0.5,4
college_biology/100,0.35158854722976685,0.6208889484405518,False,Qwen/Qwen2.5-1.5B,0.5,4
college_biology/101,0.2330143004655838,0.7176480293273926,True,Qwen/Qwen2.5-1.5B,0.5,4
college_biology/102,0.8360266089439392,0.9837744235992432,True,Qwen/Qwen2.5-1.5B,0.5,4
college_biology/103,0.28260818123817444,0.8029417395591736,True,Qwen/Qwen2.5-1.5B,0.5,4
college_biology/104,0.9070705771446228,0.9966102242469788,False,Qwen/Qwen2.5-1.5B,0.5,4
college_biology/105,0.8943313360214233,0.9483790397644043,False,Qwen/Qwen2.5-1.5B,0.5,4
college_biology/106,0.24771036207675934,0.5930640697479248,True,Qwen/Qwen2.5-1.5B,0.5,4
college_biology/107,0.03632442280650139,0.1827264428138733,False,Qwen/Qwen2.5-1.5B,0.5,4
college_biology/108,0.04344835504889488,0.06303487718105316,False,Qwen/Qwen2.5-1.5B,0.5,4
college_biology/109,0.7380353808403015,0.9632788896560669,True,Qwen/Qwen2.5-1.5B,0.5,4
college_biology/110,0.13317742943763733,0.7673103213310242,True,Qwen/Qwen2.5-1.5B,0.5,4
college_biology/111,0.9942286014556885,0.9992386102676392,False,Qwen/Qwen2.5-1.5B,0.5,4
college_biology/112,0.8770977854728699,0.6755897998809814,False,Qwen/Qwen2.5-1.5B,0.5,4
college_biology/113,0.9935199618339539,0.960595428943634,False,Qwen/Qwen2.5-1.5B,0.5,4
college_biology/114,0.9952475428581238,0.9977320432662964,True,Qwen/Qwen2.5-1.5B,0.5,4
college_biology/115,0.056828055530786514,0.08723580837249756,False,Qwen/Qwen2.5-1.5B,0.5,4
college_biology/116,0.05451827496290207,0.9396926164627075,True,Qwen/Qwen2.5-1.5B,0.5,4
college_biology/117,0.9963086247444153,0.9849076271057129,False,Qwen/Qwen2.5-1.5B,0.5,4
college_biology/118,0.4114280641078949,0.8963378071784973,True,Qwen/Qwen2.5-1.5B,0.5,4
college_biology/119,0.3265245258808136,0.5737013816833496,True,Qwen/Qwen2.5-1.5B,0.5,4
college_biology/120,0.900123655796051,0.9799391031265259,True,Qwen/Qwen2.5-1.5B,0.5,4
college_biology/121,0.9571056365966797,0.9986565113067627,True,Qwen/Qwen2.5-1.5B,0.5,4
college_biology/122,0.19982367753982544,0.27114659547805786,True,Qwen/Qwen2.5-1.5B,0.5,4
college_biology/123,0.9975674152374268,0.9991119503974915,True,Qwen/Qwen2.5-1.5B,0.5,4
college_biology/124,0.11086071282625198,0.7047631144523621,True,Qwen/Qwen2.5-1.5B,0.5,4
college_biology/125,0.4404051899909973,0.3994044065475464,False,Qwen/Qwen2.5-1.5B,0.5,4
college_biology/126,0.9177712202072144,0.9997565150260925,True,Qwen/Qwen2.5-1.5B,0.5,4
college_biology/127,0.43841293454170227,0.3404087722301483,True,Qwen/Qwen2.5-1.5B,0.5,4
college_biology/128,0.38951873779296875,0.4690212309360504,False,Qwen/Qwen2.5-1.5B,0.5,4
college_biology/129,0.9230799078941345,0.9855814576148987,True,Qwen/Qwen2.5-1.5B,0.5,4
college_biology/130,0.6661849021911621,0.9653712511062622,False,Qwen/Qwen2.5-1.5B,0.5,4
college_biology/131,0.169653058052063,0.46221211552619934,True,Qwen/Qwen2.5-1.5B,0.5,4
college_biology/132,0.7952983379364014,0.9922927618026733,True,Qwen/Qwen2.5-1.5B,0.5,4
college_biology/133,0.9322961568832397,0.8551006317138672,False,Qwen/Qwen2.5-1.5B,0.5,4
college_biology/134,0.9699172973632812,0.9478873610496521,False,Qwen/Qwen2.5-1.5B,0.5,4
college_biology/135,0.2487613409757614,0.5063384175300598,False,Qwen/Qwen2.5-1.5B,0.5,4
college_biology/136,0.240207239985466,0.29301872849464417,True,Qwen/Qwen2.5-1.5B,0.5,4
college_biology/137,0.5055193901062012,0.7089859247207642,False,Qwen/Qwen2.5-1.5B,0.5,4
college_biology/138,0.9959563612937927,0.9993131160736084,False,Qwen/Qwen2.5-1.5B,0.5,4
college_biology/139,0.4322719871997833,0.4890749752521515,False,Qwen/Qwen2.5-1.5B,0.5,4
college_biology/140,0.9295462369918823,0.9976145029067993,True,Qwen/Qwen2.5-1.5B,0.5,4
college_biology/141,0.9950377345085144,0.9956718683242798,False,Qwen/Qwen2.5-1.5B,0.5,4
college_biology/142,0.7672593593597412,0.29270055890083313,False,Qwen/Qwen2.5-1.5B,0.5,4
college_biology/143,0.39630579948425293,0.5861817598342896,False,Qwen/Qwen2.5-1.5B,0.5,4
high_school_statistics/0,0.438153475522995,0.3316284120082855,True,Qwen/Qwen2.5-1.5B,0.5,4
high_school_statistics/1,0.19295285642147064,0.08469311147928238,False,Qwen/Qwen2.5-1.5B,0.5,4
high_school_statistics/2,0.056090597063302994,0.08736288547515869,False,Qwen/Qwen2.5-1.5B,0.5,4
high_school_statistics/3,0.5893386602401733,0.9655178189277649,False,Qwen/Qwen2.5-1.5B,0.5,4
high_school_statistics/4,0.9935865998268127,0.9996178150177002,False,Qwen/Qwen2.5-1.5B,0.5,4
high_school_statistics/5,0.8260838985443115,0.9895535707473755,False,Qwen/Qwen2.5-1.5B,0.5,4
high_school_statistics/6,0.6605969667434692,0.9861313104629517,True,Qwen/Qwen2.5-1.5B,0.5,4
high_school_statistics/7,0.9600578546524048,0.9968852400779724,True,Qwen/Qwen2.5-1.5B,0.5,4
high_school_statistics/8,0.9970372915267944,0.9970510005950928,False,Qwen/Qwen2.5-1.5B,0.5,4
high_school_statistics/9,0.644611120223999,0.9503246545791626,True,Qwen/Qwen2.5-1.5B,0.5,4
high_school_statistics/10,0.6724559664726257,0.8031778335571289,False,Qwen/Qwen2.5-1.5B,0.5,4
high_school_statistics/11,0.002103565726429224,0.41189655661582947,False,Qwen/Qwen2.5-1.5B,0.5,4
high_school_statistics/12,0.2693794369697571,0.8966264724731445,True,Qwen/Qwen2.5-1.5B,0.5,4
high_school_statistics/13,0.36561158299446106,0.5904294848442078,False,Qwen/Qwen2.5-1.5B,0.5,4
high_school_statistics/14,0.19845664501190186,0.9759307503700256,True,Qwen/Qwen2.5-1.5B,0.5,4
high_school_statistics/15,0.040099844336509705,0.021976128220558167,False,Qwen/Qwen2.5-1.5B,0.5,4
high_school_statistics/16,0.39302656054496765,0.11160918325185776,True,Qwen/Qwen2.5-1.5B,0.5,4
high_school_statistics/17,0.46658310294151306,0.8907106518745422,False,Qwen/Qwen2.5-1.5B,0.5,4
high_school_statistics/18,0.4298712909221649,0.5290603637695312,False,Qwen/Qwen2.5-1.5B,0.5,4
high_school_statistics/19,0.3184359073638916,0.8594194054603577,False,Qwen/Qwen2.5-1.5B,0.5,4
high_school_statistics/20,0.46208176016807556,0.9265458583831787,True,Qwen/Qwen2.5-1.5B,0.5,4
high_school_statistics/21,0.13886646926403046,0.662005603313446,False,Qwen/Qwen2.5-1.5B,0.5,4
high_school_statistics/22,0.2061639279127121,0.016877692192792892,False,Qwen/Qwen2.5-1.5B,0.5,4
high_school_statistics/23,0.403080016374588,0.5939720869064331,True,Qwen/Qwen2.5-1.5B,0.5,4
high_school_statistics/24,0.20668970048427582,0.8491224646568298,True,Qwen/Qwen2.5-1.5B,0.5,4
high_school_statistics/25,0.3683582842350006,0.8120821714401245,True,Qwen/Qwen2.5-1.5B,0.5,4
high_school_statistics/26,0.02992185391485691,0.5554599761962891,True,Qwen/Qwen2.5-1.5B,0.5,4
high_school_statistics/27,0.5076442360877991,0.35384663939476013,False,Qwen/Qwen2.5-1.5B,0.5,4
high_school_statistics/28,0.4961828887462616,0.16744942963123322,False,Qwen/Qwen2.5-1.5B,0.5,4
high_school_statistics/29,0.32997602224349976,0.6360480189323425,True,Qwen/Qwen2.5-1.5B,0.5,4
high_school_statistics/30,0.3264347016811371,0.690946638584137,True,Qwen/Qwen2.5-1.5B,0.5,4
high_school_statistics/31,0.4118850827217102,0.8916808366775513,True,Qwen/Qwen2.5-1.5B,0.5,4
high_school_statistics/32,0.2525944709777832,0.980516254901886,True,Qwen/Qwen2.5-1.5B,0.5,4
high_school_statistics/33,0.4115247130393982,0.8693311810493469,False,Qwen/Qwen2.5-1.5B,0.5,4
high_school_statistics/34,0.03159024193882942,0.07059745490550995,True,Qwen/Qwen2.5-1.5B,0.5,4
high_school_statistics/35,0.2632858455181122,0.8011000156402588,True,Qwen/Qwen2.5-1.5B,0.5,4
high_school_statistics/36,0.18623366951942444,0.13998405635356903,False,Qwen/Qwen2.5-1.5B,0.5,4
high_school_statistics/37,0.5255717635154724,0.3239022195339203,False,Qwen/Qwen2.5-1.5B,0.5,4
high_school_statistics/38,0.0002376516058575362,0.05035627633333206,True,Qwen/Qwen2.5-1.5B,0.5,4
high_school_statistics/39,0.7952728271484375,0.7969523668289185,False,Qwen/Qwen2.5-1.5B,0.5,4
high_school_statistics/40,0.9413679838180542,0.9846094846725464,True,Qwen/Qwen2.5-1.5B,0.5,4
high_school_statistics/41,0.25584641098976135,0.350029855966568,False,Qwen/Qwen2.5-1.5B,0.5,4
high_school_statistics/42,0.9811845421791077,0.9681438207626343,False,Qwen/Qwen2.5-1.5B,0.5,4
high_school_statistics/43,0.01574247144162655,0.40472596883773804,True,Qwen/Qwen2.5-1.5B,0.5,4
high_school_statistics/44,0.26335978507995605,0.3149220049381256,False,Qwen/Qwen2.5-1.5B,0.5,4
high_school_statistics/45,0.4058397710323334,0.31428366899490356,True,Qwen/Qwen2.5-1.5B,0.5,4
high_school_statistics/46,0.9855895638465881,0.9976593255996704,False,Qwen/Qwen2.5-1.5B,0.5,4
high_school_statistics/47,0.18530526757240295,0.03736015036702156,False,Qwen/Qwen2.5-1.5B,0.5,4
high_school_statistics/48,0.29070213437080383,0.19055582582950592,False,Qwen/Qwen2.5-1.5B,0.5,4
high_school_statistics/49,0.9868676662445068,0.9956368803977966,True,Qwen/Qwen2.5-1.5B,0.5,4
high_school_statistics/50,0.4486212432384491,0.2847155034542084,False,Qwen/Qwen2.5-1.5B,0.5,4
high_school_statistics/51,0.4194144308567047,0.5380607843399048,False,Qwen/Qwen2.5-1.5B,0.5,4
high_school_statistics/52,0.25726601481437683,0.7882857918739319,False,Qwen/Qwen2.5-1.5B,0.5,4
high_school_statistics/53,0.07159989327192307,0.050652556121349335,False,Qwen/Qwen2.5-1.5B,0.5,4
high_school_statistics/54,0.5443828105926514,0.8672873377799988,True,Qwen/Qwen2.5-1.5B,0.5,4
high_school_statistics/55,0.32069793343544006,0.7500545382499695,True,Qwen/Qwen2.5-1.5B,0.5,4
high_school_statistics/56,0.21818967163562775,0.5492604970932007,True,Qwen/Qwen2.5-1.5B,0.5,4
high_school_statistics/57,0.14870259165763855,0.7537791132926941,True,Qwen/Qwen2.5-1.5B,0.5,4
high_school_statistics/58,0.9357128739356995,0.9643246531486511,True,Qwen/Qwen2.5-1.5B,0.5,4
high_school_statistics/59,0.6897823214530945,0.9775685667991638,False,Qwen/Qwen2.5-1.5B,0.5,4
high_school_statistics/60,0.6305753588676453,0.3815956711769104,True,Qwen/Qwen2.5-1.5B,0.5,4
high_school_statistics/61,0.113437719643116,0.9281378388404846,True,Qwen/Qwen2.5-1.5B,0.5,4
high_school_statistics/62,0.2888857126235962,0.9167569875717163,False,Qwen/Qwen2.5-1.5B,0.5,4
high_school_statistics/63,0.9475743174552917,0.9407830834388733,True,Qwen/Qwen2.5-1.5B,0.5,4
high_school_statistics/64,0.17775802314281464,0.3811798393726349,False,Qwen/Qwen2.5-1.5B,0.5,4
high_school_statistics/65,0.9462818503379822,0.9752276539802551,False,Qwen/Qwen2.5-1.5B,0.5,4
high_school_statistics/66,0.6121678948402405,0.37327343225479126,False,Qwen/Qwen2.5-1.5B,0.5,4
high_school_statistics/67,0.5686072111129761,0.2208358645439148,True,Qwen/Qwen2.5-1.5B,0.5,4
high_school_statistics/68,0.15209843218326569,0.5872449278831482,True,Qwen/Qwen2.5-1.5B,0.5,4
high_school_statistics/69,0.25501254200935364,0.24043680727481842,True,Qwen/Qwen2.5-1.5B,0.5,4
high_school_statistics/70,0.9975294470787048,0.9991598129272461,True,Qwen/Qwen2.5-1.5B,0.5,4
high_school_statistics/71,0.7426819205284119,0.9012971520423889,True,Qwen/Qwen2.5-1.5B,0.5,4
high_school_statistics/72,0.3392789959907532,0.11286216974258423,False,Qwen/Qwen2.5-1.5B,0.5,4
high_school_statistics/73,0.9961740374565125,0.9989399313926697,False,Qwen/Qwen2.5-1.5B,0.5,4
high_school_statistics/74,0.3032752573490143,0.8258920907974243,True,Qwen/Qwen2.5-1.5B,0.5,4
high_school_statistics/75,0.6101632118225098,0.5319659113883972,False,Qwen/Qwen2.5-1.5B,0.5,4
high_school_statistics/76,0.39522039890289307,0.801439106464386,True,Qwen/Qwen2.5-1.5B,0.5,4
high_school_statistics/77,0.20013482868671417,0.0643855407834053,False,Qwen/Qwen2.5-1.5B,0.5,4
high_school_statistics/78,0.9133034348487854,0.9880796074867249,True,Qwen/Qwen2.5-1.5B,0.5,4
high_school_statistics/79,0.8996633887290955,0.9663636684417725,False,Qwen/Qwen2.5-1.5B,0.5,4
high_school_statistics/80,0.9476293325424194,0.9907917976379395,False,Qwen/Qwen2.5-1.5B,0.5,4
high_school_statistics/81,0.1268855333328247,0.055882807821035385,False,Qwen/Qwen2.5-1.5B,0.5,4
high_school_statistics/82,0.1704062670469284,0.05432513356208801,False,Qwen/Qwen2.5-1.5B,0.5,4
high_school_statistics/83,0.9492167234420776,0.9284229874610901,False,Qwen/Qwen2.5-1.5B,0.5,4
high_school_statistics/84,0.42377331852912903,0.7223256826400757,False,Qwen/Qwen2.5-1.5B,0.5,4
high_school_statistics/85,0.7421674132347107,0.9710846543312073,True,Qwen/Qwen2.5-1.5B,0.5,4
high_school_statistics/86,0.7738910913467407,0.9462719559669495,False,Qwen/Qwen2.5-1.5B,0.5,4
high_school_statistics/87,0.10939618200063705,0.2743396759033203,True,Qwen/Qwen2.5-1.5B,0.5,4
high_school_statistics/88,0.5288633704185486,0.3542987108230591,False,Qwen/Qwen2.5-1.5B,0.5,4
high_school_statistics/89,0.09298620373010635,0.7698368430137634,True,Qwen/Qwen2.5-1.5B,0.5,4
high_school_statistics/90,0.2493119090795517,0.7412703633308411,True,Qwen/Qwen2.5-1.5B,0.5,4
high_school_statistics/91,0.20718558132648468,0.8506990671157837,False,Qwen/Qwen2.5-1.5B,0.5,4
high_school_statistics/92,0.020054489374160767,0.7156492471694946,True,Qwen/Qwen2.5-1.5B,0.5,4
high_school_statistics/93,0.3603626787662506,0.3341470956802368,True,Qwen/Qwen2.5-1.5B,0.5,4
high_school_statistics/94,0.6433398723602295,0.6981548070907593,True,Qwen/Qwen2.5-1.5B,0.5,4
high_school_statistics/95,0.22171588242053986,0.5648892521858215,True,Qwen/Qwen2.5-1.5B,0.5,4
high_school_statistics/96,0.6960917115211487,0.9879063367843628,True,Qwen/Qwen2.5-1.5B,0.5,4
high_school_statistics/97,0.6858809590339661,0.8539940118789673,True,Qwen/Qwen2.5-1.5B,0.5,4
high_school_statistics/98,0.2302117496728897,0.7230934500694275,False,Qwen/Qwen2.5-1.5B,0.5,4
high_school_statistics/99,0.21987633407115936,0.7925122976303101,True,Qwen/Qwen2.5-1.5B,0.5,4
high_school_statistics/100,0.34705650806427,0.677295446395874,True,Qwen/Qwen2.5-1.5B,0.5,4
high_school_statistics/101,0.07349318265914917,0.4147040545940399,True,Qwen/Qwen2.5-1.5B,0.5,4
high_school_statistics/102,0.21719568967819214,0.18671607971191406,False,Qwen/Qwen2.5-1.5B,0.5,4
high_school_statistics/103,0.8576124906539917,0.8210123181343079,True,Qwen/Qwen2.5-1.5B,0.5,4
high_school_statistics/104,0.5793192982673645,0.9920182824134827,True,Qwen/Qwen2.5-1.5B,0.5,4
high_school_statistics/105,0.4997958838939667,0.5061171650886536,False,Qwen/Qwen2.5-1.5B,0.5,4
high_school_statistics/106,0.5117091536521912,0.6597163677215576,True,Qwen/Qwen2.5-1.5B,0.5,4
high_school_statistics/107,0.18664200603961945,0.31860363483428955,True,Qwen/Qwen2.5-1.5B,0.5,4
high_school_statistics/108,0.4571310877799988,0.2657232880592346,True,Qwen/Qwen2.5-1.5B,0.5,4
high_school_statistics/109,0.23765094578266144,0.28447550535202026,False,Qwen/Qwen2.5-1.5B,0.5,4
high_school_statistics/110,0.47374844551086426,0.22239038348197937,False,Qwen/Qwen2.5-1.5B,0.5,4
high_school_statistics/111,0.34578678011894226,0.44351550936698914,False,Qwen/Qwen2.5-1.5B,0.5,4
high_school_statistics/112,0.2132408320903778,0.4123343229293823,False,Qwen/Qwen2.5-1.5B,0.5,4
high_school_statistics/113,0.6284599304199219,0.25496405363082886,False,Qwen/Qwen2.5-1.5B,0.5,4
high_school_statistics/114,0.09824192523956299,0.7373065948486328,True,Qwen/Qwen2.5-1.5B,0.5,4
high_school_statistics/115,0.24569390714168549,0.952536940574646,True,Qwen/Qwen2.5-1.5B,0.5,4
high_school_statistics/116,0.2034439742565155,0.46133488416671753,True,Qwen/Qwen2.5-1.5B,0.5,4
high_school_statistics/117,0.9935444593429565,0.9989510774612427,False,Qwen/Qwen2.5-1.5B,0.5,4
high_school_statistics/118,0.3975180387496948,0.9104242324829102,True,Qwen/Qwen2.5-1.5B,0.5,4
high_school_statistics/119,0.6445919871330261,0.9463980197906494,False,Qwen/Qwen2.5-1.5B,0.5,4
high_school_statistics/120,0.486989825963974,0.553101658821106,True,Qwen/Qwen2.5-1.5B,0.5,4
high_school_statistics/121,0.8942500948905945,0.9330552220344543,True,Qwen/Qwen2.5-1.5B,0.5,4
high_school_statistics/122,0.0249639805406332,0.00909710954874754,False,Qwen/Qwen2.5-1.5B,0.5,4
high_school_statistics/123,0.7986799478530884,0.8227177858352661,False,Qwen/Qwen2.5-1.5B,0.5,4
high_school_statistics/124,0.5399181842803955,0.26299577951431274,False,Qwen/Qwen2.5-1.5B,0.5,4
high_school_statistics/125,0.2714771628379822,0.8398908376693726,True,Qwen/Qwen2.5-1.5B,0.5,4
high_school_statistics/126,0.39809954166412354,0.8148391842842102,True,Qwen/Qwen2.5-1.5B,0.5,4
high_school_statistics/127,0.15542402863502502,0.46383634209632874,True,Qwen/Qwen2.5-1.5B,0.5,4
high_school_statistics/128,0.539681077003479,0.979357123374939,False,Qwen/Qwen2.5-1.5B,0.5,4
high_school_statistics/129,0.310710608959198,0.6772940158843994,False,Qwen/Qwen2.5-1.5B,0.5,4
high_school_statistics/130,0.14396658539772034,0.920855700969696,True,Qwen/Qwen2.5-1.5B,0.5,4
high_school_statistics/131,0.365038126707077,0.25370633602142334,False,Qwen/Qwen2.5-1.5B,0.5,4
high_school_statistics/132,0.8236687183380127,0.991428792476654,True,Qwen/Qwen2.5-1.5B,0.5,4
high_school_statistics/133,0.44894513487815857,0.8678352236747742,False,Qwen/Qwen2.5-1.5B,0.5,4
high_school_statistics/134,0.497428834438324,0.8599596619606018,True,Qwen/Qwen2.5-1.5B,0.5,4
high_school_statistics/135,0.27551373839378357,0.1754787415266037,False,Qwen/Qwen2.5-1.5B,0.5,4
high_school_statistics/136,0.39972156286239624,0.29746484756469727,False,Qwen/Qwen2.5-1.5B,0.5,4
high_school_statistics/137,0.7828806638717651,0.8922719955444336,False,Qwen/Qwen2.5-1.5B,0.5,4
high_school_statistics/138,0.8527497053146362,0.9930158853530884,True,Qwen/Qwen2.5-1.5B,0.5,4
high_school_statistics/139,0.36809810996055603,0.7680405378341675,False,Qwen/Qwen2.5-1.5B,0.5,4
high_school_statistics/140,0.25541746616363525,0.4231743812561035,False,Qwen/Qwen2.5-1.5B,0.5,4
high_school_statistics/141,0.3881770968437195,0.9265405535697937,True,Qwen/Qwen2.5-1.5B,0.5,4
high_school_statistics/142,0.12079118192195892,0.12590834498405457,False,Qwen/Qwen2.5-1.5B,0.5,4
high_school_statistics/143,0.36985892057418823,0.8753051161766052,True,Qwen/Qwen2.5-1.5B,0.5,4
high_school_statistics/144,0.4505718946456909,0.7038989663124084,False,Qwen/Qwen2.5-1.5B,0.5,4
high_school_statistics/145,0.7019270062446594,0.9107813835144043,False,Qwen/Qwen2.5-1.5B,0.5,4
high_school_statistics/146,0.8424115777015686,0.9912007451057434,True,Qwen/Qwen2.5-1.5B,0.5,4
high_school_statistics/147,0.933573305606842,0.9976703524589539,True,Qwen/Qwen2.5-1.5B,0.5,4
high_school_statistics/148,0.3271223306655884,0.8802699446678162,False,Qwen/Qwen2.5-1.5B,0.5,4
high_school_statistics/149,0.9969850182533264,0.9996391534805298,False,Qwen/Qwen2.5-1.5B,0.5,4
high_school_statistics/150,0.31797653436660767,0.2181391417980194,False,Qwen/Qwen2.5-1.5B,0.5,4
high_school_statistics/151,0.14535094797611237,0.5423147678375244,False,Qwen/Qwen2.5-1.5B,0.5,4
high_school_statistics/152,0.3652966618537903,0.2194155901670456,False,Qwen/Qwen2.5-1.5B,0.5,4
high_school_statistics/153,0.1882830113172531,0.11748137325048447,False,Qwen/Qwen2.5-1.5B,0.5,4
high_school_statistics/154,0.22441841661930084,0.4512527287006378,True,Qwen/Qwen2.5-1.5B,0.5,4
high_school_statistics/155,0.48572927713394165,0.6795360445976257,True,Qwen/Qwen2.5-1.5B,0.5,4
high_school_statistics/156,0.2360587865114212,0.862694263458252,True,Qwen/Qwen2.5-1.5B,0.5,4
high_school_statistics/157,0.09336679428815842,0.1621379405260086,False,Qwen/Qwen2.5-1.5B,0.5,4
high_school_statistics/158,0.3026641607284546,0.10871264338493347,False,Qwen/Qwen2.5-1.5B,0.5,4
high_school_statistics/159,0.25321105122566223,0.30724477767944336,False,Qwen/Qwen2.5-1.5B,0.5,4
high_school_statistics/160,0.9885315895080566,0.999483585357666,True,Qwen/Qwen2.5-1.5B,0.5,4
high_school_statistics/161,0.007125282194465399,0.0016117303166538477,False,Qwen/Qwen2.5-1.5B,0.5,4
high_school_statistics/162,0.2821095883846283,0.1339830458164215,False,Qwen/Qwen2.5-1.5B,0.5,4
high_school_statistics/163,0.9334111213684082,0.8170461654663086,True,Qwen/Qwen2.5-1.5B,0.5,4
high_school_statistics/164,0.5138037800788879,0.983848512172699,True,Qwen/Qwen2.5-1.5B,0.5,4
high_school_statistics/165,0.8016409277915955,0.9813643097877502,True,Qwen/Qwen2.5-1.5B,0.5,4
high_school_statistics/166,0.6129951477050781,0.9794346690177917,True,Qwen/Qwen2.5-1.5B,0.5,4
high_school_statistics/167,0.13668155670166016,0.6508466601371765,True,Qwen/Qwen2.5-1.5B,0.5,4
high_school_statistics/168,0.12826578319072723,0.02954981103539467,False,Qwen/Qwen2.5-1.5B,0.5,4
high_school_statistics/169,0.4715255796909332,0.9504219889640808,False,Qwen/Qwen2.5-1.5B,0.5,4
high_school_statistics/170,0.20168861746788025,0.461516797542572,True,Qwen/Qwen2.5-1.5B,0.5,4
high_school_statistics/171,0.9906987547874451,0.9958969354629517,False,Qwen/Qwen2.5-1.5B,0.5,4
high_school_statistics/172,0.4970013201236725,0.8193119168281555,True,Qwen/Qwen2.5-1.5B,0.5,4
high_school_statistics/173,0.26066556572914124,0.3387182950973511,True,Qwen/Qwen2.5-1.5B,0.5,4
high_school_statistics/174,0.8713343143463135,0.9259297847747803,False,Qwen/Qwen2.5-1.5B,0.5,4
high_school_statistics/175,0.19218496978282928,0.3031160831451416,False,Qwen/Qwen2.5-1.5B,0.5,4
high_school_statistics/176,0.2542499303817749,0.42168137431144714,False,Qwen/Qwen2.5-1.5B,0.5,4
high_school_statistics/177,0.0628642588853836,0.5813313722610474,True,Qwen/Qwen2.5-1.5B,0.5,4
high_school_statistics/178,0.07006344199180603,0.16903913021087646,False,Qwen/Qwen2.5-1.5B,0.5,4
high_school_statistics/179,0.08039265125989914,0.41109707951545715,True,Qwen/Qwen2.5-1.5B,0.5,4
high_school_statistics/180,0.3605682849884033,0.42738601565361023,True,Qwen/Qwen2.5-1.5B,0.5,4
high_school_statistics/181,0.09879413992166519,0.3740377426147461,True,Qwen/Qwen2.5-1.5B,0.5,4
high_school_statistics/182,0.35513681173324585,0.09269866347312927,False,Qwen/Qwen2.5-1.5B,0.5,4
high_school_statistics/183,0.931930661201477,0.9992356300354004,True,Qwen/Qwen2.5-1.5B,0.5,4
high_school_statistics/184,0.09584325551986694,0.9255775213241577,True,Qwen/Qwen2.5-1.5B,0.5,4
high_school_statistics/185,0.989003598690033,0.9969549179077148,True,Qwen/Qwen2.5-1.5B,0.5,4
high_school_statistics/186,0.801417887210846,0.633273184299469,True,Qwen/Qwen2.5-1.5B,0.5,4
high_school_statistics/187,0.2920220196247101,0.07014438509941101,False,Qwen/Qwen2.5-1.5B,0.5,4
high_school_statistics/188,0.09229306876659393,0.036424990743398666,False,Qwen/Qwen2.5-1.5B,0.5,4
high_school_statistics/189,0.09907585382461548,0.1650790423154831,False,Qwen/Qwen2.5-1.5B,0.5,4
high_school_statistics/190,0.4016413688659668,0.7046789526939392,True,Qwen/Qwen2.5-1.5B,0.5,4
high_school_statistics/191,0.26849913597106934,0.38275203108787537,True,Qwen/Qwen2.5-1.5B,0.5,4
high_school_statistics/192,0.02238614484667778,0.024333348497748375,False,Qwen/Qwen2.5-1.5B,0.5,4
high_school_statistics/193,0.2516622841358185,0.5304012298583984,False,Qwen/Qwen2.5-1.5B,0.5,4
high_school_statistics/194,0.9950743317604065,0.9989272952079773,True,Qwen/Qwen2.5-1.5B,0.5,4
high_school_statistics/195,0.4847997725009918,0.8992134928703308,True,Qwen/Qwen2.5-1.5B,0.5,4
high_school_statistics/196,0.3889421224594116,0.8377709984779358,True,Qwen/Qwen2.5-1.5B,0.5,4
high_school_statistics/197,0.36409950256347656,0.6962398290634155,False,Qwen/Qwen2.5-1.5B,0.5,4
high_school_statistics/198,0.620149552822113,0.4793103039264679,True,Qwen/Qwen2.5-1.5B,0.5,4
high_school_statistics/199,0.9812182188034058,0.978278398513794,False,Qwen/Qwen2.5-1.5B,0.5,4
high_school_statistics/200,0.2842676043510437,0.7778220772743225,False,Qwen/Qwen2.5-1.5B,0.5,4
high_school_statistics/201,0.9974621534347534,0.9997603297233582,False,Qwen/Qwen2.5-1.5B,0.5,4
high_school_statistics/202,0.334164023399353,0.7049848437309265,False,Qwen/Qwen2.5-1.5B,0.5,4
high_school_statistics/203,0.9751089811325073,0.9953302145004272,True,Qwen/Qwen2.5-1.5B,0.5,4
high_school_statistics/204,0.0578666590154171,0.9232728481292725,True,Qwen/Qwen2.5-1.5B,0.5,4
high_school_statistics/205,0.357771635055542,0.367840051651001,False,Qwen/Qwen2.5-1.5B,0.5,4
high_school_statistics/206,0.5457783937454224,0.9649613499641418,True,Qwen/Qwen2.5-1.5B,0.5,4
high_school_statistics/207,0.20791767537593842,0.2595769166946411,True,Qwen/Qwen2.5-1.5B,0.5,4
high_school_statistics/208,0.3090813457965851,0.7012922167778015,True,Qwen/Qwen2.5-1.5B,0.5,4
high_school_statistics/209,0.14973235130310059,0.3804423213005066,False,Qwen/Qwen2.5-1.5B,0.5,4
high_school_statistics/210,0.4717634916305542,0.889716386795044,False,Qwen/Qwen2.5-1.5B,0.5,4
high_school_statistics/211,0.9546036124229431,0.9996466636657715,True,Qwen/Qwen2.5-1.5B,0.5,4
high_school_statistics/212,0.11421547830104828,0.19248872995376587,False,Qwen/Qwen2.5-1.5B,0.5,4
high_school_statistics/213,0.4149165749549866,0.512201189994812,True,Qwen/Qwen2.5-1.5B,0.5,4
high_school_statistics/214,0.946245551109314,0.9887796640396118,False,Qwen/Qwen2.5-1.5B,0.5,4
high_school_statistics/215,0.9400147795677185,0.9966657757759094,False,Qwen/Qwen2.5-1.5B,0.5,4
philosophy/0,0.7817753553390503,0.9549643993377686,False,Qwen/Qwen2.5-1.5B,0.5,4
philosophy/1,0.962459146976471,0.9967281818389893,True,Qwen/Qwen2.5-1.5B,0.5,4
philosophy/2,0.9838782548904419,0.9985266923904419,True,Qwen/Qwen2.5-1.5B,0.5,4
philosophy/3,0.9899321794509888,0.9978686571121216,False,Qwen/Qwen2.5-1.5B,0.5,4
philosophy/4,0.6598995923995972,0.54625403881073,False,Qwen/Qwen2.5-1.5B,0.5,4
philosophy/5,0.6752678155899048,0.9102658033370972,False,Qwen/Qwen2.5-1.5B,0.5,4
philosophy/6,0.991329550743103,0.9897172451019287,True,Qwen/Qwen2.5-1.5B,0.5,4
philosophy/7,0.21353524923324585,0.4622710049152374,False,Qwen/Qwen2.5-1.5B,0.5,4
philosophy/8,0.9385473728179932,0.98304682970047,True,Qwen/Qwen2.5-1.5B,0.5,4
philosophy/9,0.9586420655250549,0.9953988194465637,False,Qwen/Qwen2.5-1.5B,0.5,4
philosophy/10,0.9857636094093323,0.9973517656326294,True,Qwen/Qwen2.5-1.5B,0.5,4
philosophy/11,0.4056887626647949,0.96528160572052,False,Qwen/Qwen2.5-1.5B,0.5,4
philosophy/12,0.24758563935756683,0.30356812477111816,True,Qwen/Qwen2.5-1.5B,0.5,4
philosophy/13,0.7841318249702454,0.9485325813293457,True,Qwen/Qwen2.5-1.5B,0.5,4
philosophy/14,0.3694610297679901,0.7486200928688049,False,Qwen/Qwen2.5-1.5B,0.5,4
philosophy/15,0.9340061545372009,0.9804834127426147,True,Qwen/Qwen2.5-1.5B,0.5,4
philosophy/16,0.07959917932748795,0.341911256313324,True,Qwen/Qwen2.5-1.5B,0.5,4
philosophy/17,0.7642531991004944,0.9269154667854309,True,Qwen/Qwen2.5-1.5B,0.5,4
philosophy/18,0.015923762694001198,0.019438834860920906,False,Qwen/Qwen2.5-1.5B,0.5,4
philosophy/19,0.1170036792755127,0.10562378913164139,False,Qwen/Qwen2.5-1.5B,0.5,4
philosophy/20,0.2402498424053192,0.5006068348884583,True,Qwen/Qwen2.5-1.5B,0.5,4
philosophy/21,0.5519148707389832,0.4899451732635498,False,Qwen/Qwen2.5-1.5B,0.5,4
philosophy/22,0.24505889415740967,0.8094002604484558,True,Qwen/Qwen2.5-1.5B,0.5,4
philosophy/23,0.048878684639930725,0.9836486577987671,True,Qwen/Qwen2.5-1.5B,0.5,4
philosophy/24,0.8554369211196899,0.8477620482444763,True,Qwen/Qwen2.5-1.5B,0.5,4
philosophy/25,0.9736804962158203,0.9877985119819641,True,Qwen/Qwen2.5-1.5B,0.5,4
philosophy/26,0.016338463872671127,0.010639193467795849,False,Qwen/Qwen2.5-1.5B,0.5,4
philosophy/27,0.978594183921814,0.9894323348999023,False,Qwen/Qwen2.5-1.5B,0.5,4
philosophy/28,0.3360981345176697,0.06068677082657814,False,Qwen/Qwen2.5-1.5B,0.5,4
philosophy/29,0.49703848361968994,0.8423817157745361,True,Qwen/Qwen2.5-1.5B,0.5,4
philosophy/30,0.7026742696762085,0.7205830216407776,False,Qwen/Qwen2.5-1.5B,0.5,4
philosophy/31,0.9960935711860657,0.9984756112098694,True,Qwen/Qwen2.5-1.5B,0.5,4
philosophy/32,0.4663226306438446,0.9827226400375366,True,Qwen/Qwen2.5-1.5B,0.5,4
philosophy/33,0.6184797883033752,0.36468544602394104,False,Qwen/Qwen2.5-1.5B,0.5,4
philosophy/34,0.30357810854911804,0.6347683072090149,True,Qwen/Qwen2.5-1.5B,0.5,4
philosophy/35,0.9971924424171448,0.9995865225791931,True,Qwen/Qwen2.5-1.5B,0.5,4
philosophy/36,0.22258664667606354,0.8461010456085205,True,Qwen/Qwen2.5-1.5B,0.5,4
philosophy/37,0.07766183465719223,0.845660388469696,True,Qwen/Qwen2.5-1.5B,0.5,4
philosophy/38,0.8889529705047607,0.9785373210906982,False,Qwen/Qwen2.5-1.5B,0.5,4
philosophy/39,0.9820630550384521,0.9984558820724487,False,Qwen/Qwen2.5-1.5B,0.5,4
philosophy/40,0.7306807637214661,0.3713454306125641,False,Qwen/Qwen2.5-1.5B,0.5,4
philosophy/41,0.983858048915863,0.9990358352661133,False,Qwen/Qwen2.5-1.5B,0.5,4
philosophy/42,0.011815926060080528,0.3994508981704712,True,Qwen/Qwen2.5-1.5B,0.5,4
philosophy/43,0.7449123859405518,0.7001091837882996,True,Qwen/Qwen2.5-1.5B,0.5,4
philosophy/44,0.9370743632316589,0.9761016964912415,False,Qwen/Qwen2.5-1.5B,0.5,4
philosophy/45,0.8146486878395081,0.9813288450241089,True,Qwen/Qwen2.5-1.5B,0.5,4
philosophy/46,0.3007887005805969,0.7158695459365845,True,Qwen/Qwen2.5-1.5B,0.5,4
philosophy/47,0.7541782259941101,0.9692544937133789,True,Qwen/Qwen2.5-1.5B,0.5,4
philosophy/48,0.4317564070224762,0.8521527051925659,True,Qwen/Qwen2.5-1.5B,0.5,4
philosophy/49,0.9971494078636169,0.9997166991233826,False,Qwen/Qwen2.5-1.5B,0.5,4
philosophy/50,0.18679173290729523,0.5671711564064026,True,Qwen/Qwen2.5-1.5B,0.5,4
philosophy/51,0.19264371693134308,0.9108660221099854,True,Qwen/Qwen2.5-1.5B,0.5,4
philosophy/52,0.1314089596271515,0.6912140250205994,False,Qwen/Qwen2.5-1.5B,0.5,4
philosophy/53,0.3855561912059784,0.44148918986320496,False,Qwen/Qwen2.5-1.5B,0.5,4
philosophy/54,0.4591977596282959,0.3253166377544403,False,Qwen/Qwen2.5-1.5B,0.5,4
philosophy/55,0.7244164347648621,0.911328136920929,False,Qwen/Qwen2.5-1.5B,0.5,4
philosophy/56,0.6867735385894775,0.6721137762069702,True,Qwen/Qwen2.5-1.5B,0.5,4
philosophy/57,0.995915949344635,0.9958016276359558,True,Qwen/Qwen2.5-1.5B,0.5,4
philosophy/58,0.9808266162872314,0.995866060256958,True,Qwen/Qwen2.5-1.5B,0.5,4
philosophy/59,0.6955297589302063,0.38374441862106323,False,Qwen/Qwen2.5-1.5B,0.5,4
philosophy/60,0.7822757363319397,0.8505397439002991,True,Qwen/Qwen2.5-1.5B,0.5,4
philosophy/61,0.8008486032485962,0.9986149072647095,True,Qwen/Qwen2.5-1.5B,0.5,4
philosophy/62,0.9960848093032837,0.9935272336006165,False,Qwen/Qwen2.5-1.5B,0.5,4
philosophy/63,0.8639897704124451,0.9952132701873779,True,Qwen/Qwen2.5-1.5B,0.5,4
philosophy/64,0.8461691737174988,0.8514650464057922,True,Qwen/Qwen2.5-1.5B,0.5,4
philosophy/65,0.5103228092193604,0.4412529766559601,False,Qwen/Qwen2.5-1.5B,0.5,4
philosophy/66,0.39612486958503723,0.5895220637321472,False,Qwen/Qwen2.5-1.5B,0.5,4
philosophy/67,0.5514496564865112,0.9677442908287048,True,Qwen/Qwen2.5-1.5B,0.5,4
philosophy/68,0.9725396633148193,0.9899128675460815,True,Qwen/Qwen2.5-1.5B,0.5,4
philosophy/69,0.9599950909614563,0.9874553680419922,False,Qwen/Qwen2.5-1.5B,0.5,4
philosophy/70,0.8470969796180725,0.9940218329429626,True,Qwen/Qwen2.5-1.5B,0.5,4
philosophy/71,0.9640965461730957,0.9930996894836426,False,Qwen/Qwen2.5-1.5B,0.5,4
philosophy/72,0.4628312289714813,0.7961314916610718,False,Qwen/Qwen2.5-1.5B,0.5,4
philosophy/73,0.06926766037940979,0.20411352813243866,True,Qwen/Qwen2.5-1.5B,0.5,4
philosophy/74,0.8748534321784973,0.9851561784744263,True,Qwen/Qwen2.5-1.5B,0.5,4
philosophy/75,0.6712968945503235,0.840895414352417,False,Qwen/Qwen2.5-1.5B,0.5,4
philosophy/76,0.6223018765449524,0.6179669499397278,False,Qwen/Qwen2.5-1.5B,0.5,4
philosophy/77,0.12042473256587982,0.467670202255249,True,Qwen/Qwen2.5-1.5B,0.5,4
philosophy/78,0.06003666669130325,0.10545843839645386,True,Qwen/Qwen2.5-1.5B,0.5,4
philosophy/79,0.998502254486084,0.9975712895393372,True,Qwen/Qwen2.5-1.5B,0.5,4
philosophy/80,0.6477683186531067,0.8539586067199707,True,Qwen/Qwen2.5-1.5B,0.5,4
philosophy/81,0.4053940176963806,0.9680094122886658,True,Qwen/Qwen2.5-1.5B,0.5,4
philosophy/82,0.0998215526342392,0.34549397230148315,True,Qwen/Qwen2.5-1.5B,0.5,4
philosophy/83,0.04103667661547661,0.1130160540342331,True,Qwen/Qwen2.5-1.5B,0.5,4
philosophy/84,0.42897188663482666,0.885587751865387,True,Qwen/Qwen2.5-1.5B,0.5,4
philosophy/85,0.31697461009025574,0.9221774935722351,False,Qwen/Qwen2.5-1.5B,0.5,4
philosophy/86,0.9699363708496094,0.8799111843109131,False,Qwen/Qwen2.5-1.5B,0.5,4
philosophy/87,0.09640942513942719,0.5567822456359863,True,Qwen/Qwen2.5-1.5B,0.5,4
philosophy/88,0.6973637342453003,0.5981113314628601,False,Qwen/Qwen2.5-1.5B,0.5,4
philosophy/89,0.9579024910926819,0.9975213408470154,False,Qwen/Qwen2.5-1.5B,0.5,4
philosophy/90,0.66909259557724,0.6406341195106506,False,Qwen/Qwen2.5-1.5B,0.5,4
philosophy/91,0.8210771083831787,0.8517308831214905,True,Qwen/Qwen2.5-1.5B,0.5,4
philosophy/92,0.7571988105773926,0.9744900465011597,True,Qwen/Qwen2.5-1.5B,0.5,4
philosophy/93,0.9176613092422485,0.9964274764060974,True,Qwen/Qwen2.5-1.5B,0.5,4
philosophy/94,0.037392597645521164,0.007602233439683914,False,Qwen/Qwen2.5-1.5B,0.5,4
philosophy/95,0.9949328303337097,0.9955293536186218,False,Qwen/Qwen2.5-1.5B,0.5,4
philosophy/96,0.029690446332097054,0.35355550050735474,True,Qwen/Qwen2.5-1.5B,0.5,4
philosophy/97,0.8941673040390015,0.8367019295692444,True,Qwen/Qwen2.5-1.5B,0.5,4
philosophy/98,0.3482348322868347,0.11638859659433365,False,Qwen/Qwen2.5-1.5B,0.5,4
philosophy/99,0.19852860271930695,0.9530424475669861,True,Qwen/Qwen2.5-1.5B,0.5,4
philosophy/100,0.7012403011322021,0.8311170935630798,False,Qwen/Qwen2.5-1.5B,0.5,4
philosophy/101,0.5280142426490784,0.7581813335418701,True,Qwen/Qwen2.5-1.5B,0.5,4
philosophy/102,0.10274539887905121,0.2900988459587097,False,Qwen/Qwen2.5-1.5B,0.5,4
philosophy/103,0.9772583842277527,0.9415994882583618,False,Qwen/Qwen2.5-1.5B,0.5,4
philosophy/104,0.8460843563079834,0.3716409504413605,False,Qwen/Qwen2.5-1.5B,0.5,4
philosophy/105,0.018052345141768456,0.018733225762844086,False,Qwen/Qwen2.5-1.5B,0.5,4
philosophy/106,0.1177743673324585,0.03697754070162773,False,Qwen/Qwen2.5-1.5B,0.5,4
philosophy/107,0.03250325471162796,0.21411354839801788,True,Qwen/Qwen2.5-1.5B,0.5,4
philosophy/108,0.9702854752540588,0.9926480054855347,False,Qwen/Qwen2.5-1.5B,0.5,4
philosophy/109,0.6195793151855469,0.9566103219985962,True,Qwen/Qwen2.5-1.5B,0.5,4
philosophy/110,0.7836387753486633,0.9292361736297607,True,Qwen/Qwen2.5-1.5B,0.5,4
philosophy/111,0.8427214622497559,0.9813722372055054,False,Qwen/Qwen2.5-1.5B,0.5,4
philosophy/112,0.41764289140701294,0.17925721406936646,False,Qwen/Qwen2.5-1.5B,0.5,4
philosophy/113,0.08096691966056824,0.18413512408733368,False,Qwen/Qwen2.5-1.5B,0.5,4
philosophy/114,0.9862960577011108,0.995428204536438,True,Qwen/Qwen2.5-1.5B,0.5,4
philosophy/115,0.10065340250730515,0.3244357705116272,True,Qwen/Qwen2.5-1.5B,0.5,4
philosophy/116,0.32170969247817993,0.659008800983429,True,Qwen/Qwen2.5-1.5B,0.5,4
philosophy/117,0.9963217973709106,0.9982933402061462,False,Qwen/Qwen2.5-1.5B,0.5,4
philosophy/118,0.7310998439788818,0.9010092616081238,False,Qwen/Qwen2.5-1.5B,0.5,4
philosophy/119,0.028052471578121185,0.06059139594435692,False,Qwen/Qwen2.5-1.5B,0.5,4
philosophy/120,0.9837303161621094,0.997867226600647,True,Qwen/Qwen2.5-1.5B,0.5,4
philosophy/121,0.497312992811203,0.7254737615585327,True,Qwen/Qwen2.5-1.5B,0.5,4
philosophy/122,0.46669861674308777,0.8131040930747986,True,Qwen/Qwen2.5-1.5B,0.5,4
philosophy/123,0.7097147703170776,0.9457630515098572,False,Qwen/Qwen2.5-1.5B,0.5,4
philosophy/124,0.4804936349391937,0.7275295853614807,True,Qwen/Qwen2.5-1.5B,0.5,4
philosophy/125,0.9259119033813477,0.919642984867096,False,Qwen/Qwen2.5-1.5B,0.5,4
philosophy/126,0.9551912546157837,0.6831910610198975,False,Qwen/Qwen2.5-1.5B,0.5,4
philosophy/127,0.49918487668037415,0.5631354451179504,False,Qwen/Qwen2.5-1.5B,0.5,4
philosophy/128,0.6772370934486389,0.6452236175537109,False,Qwen/Qwen2.5-1.5B,0.5,4
philosophy/129,0.9673812985420227,0.9897472858428955,True,Qwen/Qwen2.5-1.5B,0.5,4
philosophy/130,0.9401943683624268,0.963954746723175,False,Qwen/Qwen2.5-1.5B,0.5,4
philosophy/131,0.6523293256759644,0.8102304339408875,False,Qwen/Qwen2.5-1.5B,0.5,4
philosophy/132,0.038795553147792816,0.9212133884429932,True,Qwen/Qwen2.5-1.5B,0.5,4
philosophy/133,0.36378732323646545,0.6818873286247253,True,Qwen/Qwen2.5-1.5B,0.5,4
philosophy/134,0.16552001237869263,0.4333541691303253,True,Qwen/Qwen2.5-1.5B,0.5,4
philosophy/135,0.9674860239028931,0.8940877914428711,True,Qwen/Qwen2.5-1.5B,0.5,4
philosophy/136,0.9575944542884827,0.9074393510818481,True,Qwen/Qwen2.5-1.5B,0.5,4
philosophy/137,0.9892618656158447,0.9938105940818787,False,Qwen/Qwen2.5-1.5B,0.5,4
philosophy/138,0.10516317188739777,0.19766025245189667,False,Qwen/Qwen2.5-1.5B,0.5,4
philosophy/139,0.9932678937911987,0.9913184642791748,False,Qwen/Qwen2.5-1.5B,0.5,4
philosophy/140,0.8235830664634705,0.9690026044845581,True,Qwen/Qwen2.5-1.5B,0.5,4
philosophy/141,0.5310251712799072,0.8525069355964661,False,Qwen/Qwen2.5-1.5B,0.5,4
philosophy/142,0.9847367405891418,0.9893480539321899,True,Qwen/Qwen2.5-1.5B,0.5,4
philosophy/143,0.4209524393081665,0.5137262940406799,True,Qwen/Qwen2.5-1.5B,0.5,4
philosophy/144,0.48277536034584045,0.8869930505752563,True,Qwen/Qwen2.5-1.5B,0.5,4
philosophy/145,0.891944169998169,0.962738037109375,False,Qwen/Qwen2.5-1.5B,0.5,4
philosophy/146,0.9543323516845703,0.9977078437805176,False,Qwen/Qwen2.5-1.5B,0.5,4
philosophy/147,0.7307555675506592,0.9629810452461243,True,Qwen/Qwen2.5-1.5B,0.5,4
philosophy/148,0.9736853837966919,0.8660297393798828,True,Qwen/Qwen2.5-1.5B,0.5,4
philosophy/149,0.17682775855064392,0.6315536499023438,True,Qwen/Qwen2.5-1.5B,0.5,4
philosophy/150,0.9934786558151245,0.9992018342018127,False,Qwen/Qwen2.5-1.5B,0.5,4
philosophy/151,0.627270519733429,0.3017270565032959,True,Qwen/Qwen2.5-1.5B,0.5,4
philosophy/152,0.9610590934753418,0.9793326258659363,False,Qwen/Qwen2.5-1.5B,0.5,4
philosophy/153,0.9966322779655457,0.999215841293335,False,Qwen/Qwen2.5-1.5B,0.5,4
philosophy/154,0.09271492809057236,0.09442563354969025,True,Qwen/Qwen2.5-1.5B,0.5,4
philosophy/155,0.47006306052207947,0.6552016139030457,False,Qwen/Qwen2.5-1.5B,0.5,4
philosophy/156,0.6926700472831726,0.9558060765266418,True,Qwen/Qwen2.5-1.5B,0.5,4
philosophy/157,0.9977828860282898,0.9993340373039246,False,Qwen/Qwen2.5-1.5B,0.5,4
philosophy/158,0.47097349166870117,0.5423746705055237,False,Qwen/Qwen2.5-1.5B,0.5,4
philosophy/159,0.23368608951568604,0.08237610012292862,False,Qwen/Qwen2.5-1.5B,0.5,4
philosophy/160,0.2874031960964203,0.7009435892105103,True,Qwen/Qwen2.5-1.5B,0.5,4
philosophy/161,0.5752788186073303,0.7013989090919495,True,Qwen/Qwen2.5-1.5B,0.5,4
philosophy/162,0.5571563243865967,0.16588623821735382,False,Qwen/Qwen2.5-1.5B,0.5,4
philosophy/163,0.9258267879486084,0.8940981030464172,False,Qwen/Qwen2.5-1.5B,0.5,4
philosophy/164,0.6184288859367371,0.08128277212381363,False,Qwen/Qwen2.5-1.5B,0.5,4
philosophy/165,0.96303790807724,0.9945802092552185,True,Qwen/Qwen2.5-1.5B,0.5,4
philosophy/166,0.9792463183403015,0.9141949415206909,False,Qwen/Qwen2.5-1.5B,0.5,4
philosophy/167,0.2858855426311493,0.23098395764827728,False,Qwen/Qwen2.5-1.5B,0.5,4
philosophy/168,0.2581542432308197,0.35708728432655334,False,Qwen/Qwen2.5-1.5B,0.5,4
philosophy/169,0.9795644879341125,0.9152238965034485,False,Qwen/Qwen2.5-1.5B,0.5,4
philosophy/170,0.38755860924720764,0.6150143146514893,True,Qwen/Qwen2.5-1.5B,0.5,4
philosophy/171,0.561582088470459,0.8935671448707581,False,Qwen/Qwen2.5-1.5B,0.5,4
philosophy/172,0.21680845320224762,0.36179420351982117,False,Qwen/Qwen2.5-1.5B,0.5,4
philosophy/173,0.03156575560569763,0.10915591567754745,False,Qwen/Qwen2.5-1.5B,0.5,4
philosophy/174,0.4751529097557068,0.25973907113075256,False,Qwen/Qwen2.5-1.5B,0.5,4
philosophy/175,0.6843336224555969,0.7832550406455994,True,Qwen/Qwen2.5-1.5B,0.5,4
philosophy/176,0.1865958571434021,0.4477578103542328,True,Qwen/Qwen2.5-1.5B,0.5,4
philosophy/177,0.8865763545036316,0.9900716543197632,False,Qwen/Qwen2.5-1.5B,0.5,4
philosophy/178,0.21885691583156586,0.7816999554634094,False,Qwen/Qwen2.5-1.5B,0.5,4
philosophy/179,0.8635483384132385,0.908943235874176,False,Qwen/Qwen2.5-1.5B,0.5,4
philosophy/180,0.7764901518821716,0.3750498592853546,False,Qwen/Qwen2.5-1.5B,0.5,4
philosophy/181,0.6448970437049866,0.9517937898635864,True,Qwen/Qwen2.5-1.5B,0.5,4
philosophy/182,0.9899084568023682,0.9962717294692993,False,Qwen/Qwen2.5-1.5B,0.5,4
philosophy/183,0.9858126640319824,0.9765713214874268,True,Qwen/Qwen2.5-1.5B,0.5,4
philosophy/184,0.844082236289978,0.984984278678894,False,Qwen/Qwen2.5-1.5B,0.5,4
philosophy/185,0.7188385128974915,0.9904574155807495,True,Qwen/Qwen2.5-1.5B,0.5,4
philosophy/186,0.40971580147743225,0.6689931154251099,False,Qwen/Qwen2.5-1.5B,0.5,4
philosophy/187,0.5159085392951965,0.15642446279525757,False,Qwen/Qwen2.5-1.5B,0.5,4
philosophy/188,0.3373506963253021,0.15316805243492126,False,Qwen/Qwen2.5-1.5B,0.5,4
philosophy/189,0.9676830172538757,0.9802552461624146,True,Qwen/Qwen2.5-1.5B,0.5,4
philosophy/190,0.8923456072807312,0.8138684630393982,False,Qwen/Qwen2.5-1.5B,0.5,4
philosophy/191,0.5451312065124512,0.9740473628044128,False,Qwen/Qwen2.5-1.5B,0.5,4
philosophy/192,0.9362429976463318,0.9720315337181091,True,Qwen/Qwen2.5-1.5B,0.5,4
philosophy/193,0.5288223028182983,0.3926137685775757,False,Qwen/Qwen2.5-1.5B,0.5,4
philosophy/194,0.7790646553039551,0.9939396381378174,True,Qwen/Qwen2.5-1.5B,0.5,4
philosophy/195,0.7484334111213684,0.3615410029888153,True,Qwen/Qwen2.5-1.5B,0.5,4
philosophy/196,0.591526210308075,0.6623384952545166,True,Qwen/Qwen2.5-1.5B,0.5,4
philosophy/197,0.13975206017494202,0.15466129779815674,False,Qwen/Qwen2.5-1.5B,0.5,4
philosophy/198,0.03701949492096901,0.10834057629108429,False,Qwen/Qwen2.5-1.5B,0.5,4
philosophy/199,0.9565570950508118,0.9743931293487549,False,Qwen/Qwen2.5-1.5B,0.5,4
philosophy/200,0.4304640591144562,0.8612491488456726,True,Qwen/Qwen2.5-1.5B,0.5,4
philosophy/201,0.2642313838005066,0.07440540939569473,False,Qwen/Qwen2.5-1.5B,0.5,4
philosophy/202,0.4582067131996155,0.9365636706352234,True,Qwen/Qwen2.5-1.5B,0.5,4
philosophy/203,0.047305282205343246,0.1463695913553238,False,Qwen/Qwen2.5-1.5B,0.5,4
philosophy/204,0.618347704410553,0.7574735879898071,False,Qwen/Qwen2.5-1.5B,0.5,4
philosophy/205,0.8662694096565247,0.9362305402755737,False,Qwen/Qwen2.5-1.5B,0.5,4
philosophy/206,0.6478953957557678,0.5549463033676147,True,Qwen/Qwen2.5-1.5B,0.5,4
philosophy/207,0.9214983582496643,0.6398040652275085,False,Qwen/Qwen2.5-1.5B,0.5,4
philosophy/208,0.04126068204641342,0.3072110116481781,False,Qwen/Qwen2.5-1.5B,0.5,4
philosophy/209,0.5495103001594543,0.6527293920516968,True,Qwen/Qwen2.5-1.5B,0.5,4
philosophy/210,0.05834515392780304,0.0036406973376870155,False,Qwen/Qwen2.5-1.5B,0.5,4
philosophy/211,0.8515473008155823,0.9825149178504944,False,Qwen/Qwen2.5-1.5B,0.5,4
philosophy/212,0.017803559079766273,0.11733198165893555,True,Qwen/Qwen2.5-1.5B,0.5,4
philosophy/213,0.1085696741938591,0.7236713171005249,True,Qwen/Qwen2.5-1.5B,0.5,4
philosophy/214,0.626392126083374,0.1102236658334732,False,Qwen/Qwen2.5-1.5B,0.5,4
philosophy/215,0.5058701634407043,0.7966139912605286,True,Qwen/Qwen2.5-1.5B,0.5,4
philosophy/216,0.45437178015708923,0.8616340756416321,False,Qwen/Qwen2.5-1.5B,0.5,4
philosophy/217,0.989427387714386,0.9964300990104675,False,Qwen/Qwen2.5-1.5B,0.5,4
philosophy/218,0.7779593467712402,0.49883222579956055,False,Qwen/Qwen2.5-1.5B,0.5,4
philosophy/219,0.7501842379570007,0.40540024638175964,False,Qwen/Qwen2.5-1.5B,0.5,4
philosophy/220,0.2135092169046402,0.27115878462791443,True,Qwen/Qwen2.5-1.5B,0.5,4
philosophy/221,0.2699326276779175,0.42930108308792114,False,Qwen/Qwen2.5-1.5B,0.5,4
philosophy/222,0.9706405997276306,0.9969179630279541,False,Qwen/Qwen2.5-1.5B,0.5,4
philosophy/223,0.20127183198928833,0.08089946955442429,True,Qwen/Qwen2.5-1.5B,0.5,4
philosophy/224,0.9949470162391663,0.996405839920044,True,Qwen/Qwen2.5-1.5B,0.5,4
philosophy/225,0.9649645686149597,0.9840283989906311,False,Qwen/Qwen2.5-1.5B,0.5,4
philosophy/226,0.13065722584724426,0.2178761512041092,True,Qwen/Qwen2.5-1.5B,0.5,4
philosophy/227,0.9436222314834595,0.9803385734558105,False,Qwen/Qwen2.5-1.5B,0.5,4
philosophy/228,0.9774290323257446,0.986160397529602,True,Qwen/Qwen2.5-1.5B,0.5,4
philosophy/229,0.9123756289482117,0.9974671602249146,True,Qwen/Qwen2.5-1.5B,0.5,4
philosophy/230,0.8252348303794861,0.4652823507785797,False,Qwen/Qwen2.5-1.5B,0.5,4
philosophy/231,0.4766969680786133,0.3192007541656494,False,Qwen/Qwen2.5-1.5B,0.5,4
philosophy/232,0.5872815847396851,0.611691951751709,False,Qwen/Qwen2.5-1.5B,0.5,4
philosophy/233,0.09522238373756409,0.25213053822517395,True,Qwen/Qwen2.5-1.5B,0.5,4
philosophy/234,0.9758893251419067,0.9839816689491272,True,Qwen/Qwen2.5-1.5B,0.5,4
philosophy/235,0.9858700037002563,0.8538720607757568,True,Qwen/Qwen2.5-1.5B,0.5,4
philosophy/236,0.22565633058547974,0.5122792720794678,True,Qwen/Qwen2.5-1.5B,0.5,4
philosophy/237,0.04292507469654083,0.057202380150556564,False,Qwen/Qwen2.5-1.5B,0.5,4
philosophy/238,0.19643598794937134,0.23046471178531647,False,Qwen/Qwen2.5-1.5B,0.5,4
philosophy/239,0.9186859726905823,0.9692240357398987,False,Qwen/Qwen2.5-1.5B,0.5,4
philosophy/240,0.2729027569293976,0.947299063205719,True,Qwen/Qwen2.5-1.5B,0.5,4
philosophy/241,0.022015653550624847,0.781829833984375,True,Qwen/Qwen2.5-1.5B,0.5,4
philosophy/242,0.04532758519053459,0.033447980880737305,False,Qwen/Qwen2.5-1.5B,0.5,4
philosophy/243,0.30575481057167053,0.4262312054634094,False,Qwen/Qwen2.5-1.5B,0.5,4
philosophy/244,0.030554190278053284,0.010968533344566822,False,Qwen/Qwen2.5-1.5B,0.5,4
philosophy/245,0.8931771516799927,0.9787412285804749,False,Qwen/Qwen2.5-1.5B,0.5,4
philosophy/246,0.9165645837783813,0.9828487038612366,False,Qwen/Qwen2.5-1.5B,0.5,4
philosophy/247,0.9962737560272217,0.9964020252227783,True,Qwen/Qwen2.5-1.5B,0.5,4
philosophy/248,0.7201762199401855,0.8866850733757019,True,Qwen/Qwen2.5-1.5B,0.5,4
philosophy/249,0.20410825312137604,0.4362272024154663,True,Qwen/Qwen2.5-1.5B,0.5,4
philosophy/250,0.9748200178146362,0.9965510368347168,True,Qwen/Qwen2.5-1.5B,0.5,4
philosophy/251,0.8269205689430237,0.9904242157936096,True,Qwen/Qwen2.5-1.5B,0.5,4
philosophy/252,0.9004746079444885,0.8678669929504395,False,Qwen/Qwen2.5-1.5B,0.5,4
philosophy/253,0.1124168336391449,0.04363637790083885,False,Qwen/Qwen2.5-1.5B,0.5,4
philosophy/254,0.28992757201194763,0.5107420682907104,False,Qwen/Qwen2.5-1.5B,0.5,4
philosophy/255,0.7772910594940186,0.3556854724884033,True,Qwen/Qwen2.5-1.5B,0.5,4
philosophy/256,0.36035779118537903,0.669018030166626,False,Qwen/Qwen2.5-1.5B,0.5,4
philosophy/257,0.5397405028343201,0.7643016576766968,True,Qwen/Qwen2.5-1.5B,0.5,4
philosophy/258,0.2590905427932739,0.22869914770126343,False,Qwen/Qwen2.5-1.5B,0.5,4
philosophy/259,0.8607604503631592,0.8311910033226013,False,Qwen/Qwen2.5-1.5B,0.5,4
philosophy/260,0.9763769507408142,0.984001874923706,True,Qwen/Qwen2.5-1.5B,0.5,4
philosophy/261,0.25193819403648376,0.7092963457107544,True,Qwen/Qwen2.5-1.5B,0.5,4
philosophy/262,0.647960364818573,0.7564078569412231,False,Qwen/Qwen2.5-1.5B,0.5,4
philosophy/263,0.5015088319778442,0.8443111777305603,True,Qwen/Qwen2.5-1.5B,0.5,4
philosophy/264,0.42448076605796814,0.6892428398132324,False,Qwen/Qwen2.5-1.5B,0.5,4
philosophy/265,0.39904361963272095,0.3431220054626465,False,Qwen/Qwen2.5-1.5B,0.5,4
philosophy/266,0.030271640047430992,0.001035449095070362,False,Qwen/Qwen2.5-1.5B,0.5,4
philosophy/267,0.755084216594696,0.8758706450462341,True,Qwen/Qwen2.5-1.5B,0.5,4
philosophy/268,0.8114678263664246,0.918529748916626,True,Qwen/Qwen2.5-1.5B,0.5,4
philosophy/269,0.09923607110977173,0.259926974773407,True,Qwen/Qwen2.5-1.5B,0.5,4
philosophy/270,0.5521114468574524,0.8271743059158325,True,Qwen/Qwen2.5-1.5B,0.5,4
philosophy/271,0.12151949107646942,0.7773279547691345,True,Qwen/Qwen2.5-1.5B,0.5,4
philosophy/272,0.7183155417442322,0.8600255250930786,False,Qwen/Qwen2.5-1.5B,0.5,4
philosophy/273,0.6474099159240723,0.8623995780944824,False,Qwen/Qwen2.5-1.5B,0.5,4
philosophy/274,0.8790969848632812,0.9288909435272217,False,Qwen/Qwen2.5-1.5B,0.5,4
philosophy/275,0.9302586913108826,0.902460515499115,True,Qwen/Qwen2.5-1.5B,0.5,4
philosophy/276,0.8302589058876038,0.5507974028587341,False,Qwen/Qwen2.5-1.5B,0.5,4
philosophy/277,0.9994345307350159,0.9994755387306213,True,Qwen/Qwen2.5-1.5B,0.5,4
philosophy/278,0.2570610046386719,0.4898815453052521,False,Qwen/Qwen2.5-1.5B,0.5,4
philosophy/279,0.9971815347671509,0.9982433319091797,False,Qwen/Qwen2.5-1.5B,0.5,4
philosophy/280,0.37245994806289673,0.9151909351348877,True,Qwen/Qwen2.5-1.5B,0.5,4
philosophy/281,0.2390662282705307,0.013854448683559895,False,Qwen/Qwen2.5-1.5B,0.5,4
philosophy/282,0.9979767203330994,0.9994743466377258,True,Qwen/Qwen2.5-1.5B,0.5,4
philosophy/283,0.6736838221549988,0.6633298397064209,False,Qwen/Qwen2.5-1.5B,0.5,4
philosophy/284,0.9072283506393433,0.9302613735198975,True,Qwen/Qwen2.5-1.5B,0.5,4
philosophy/285,0.5476006865501404,0.38657599687576294,False,Qwen/Qwen2.5-1.5B,0.5,4
philosophy/286,0.13419368863105774,0.007204730529338121,False,Qwen/Qwen2.5-1.5B,0.5,4
philosophy/287,0.3333423137664795,0.7960869073867798,False,Qwen/Qwen2.5-1.5B,0.5,4
philosophy/288,0.1284632384777069,0.5944249629974365,True,Qwen/Qwen2.5-1.5B,0.5,4
philosophy/289,0.7453494071960449,0.8193415403366089,True,Qwen/Qwen2.5-1.5B,0.5,4
philosophy/290,0.9814336895942688,0.9756501913070679,False,Qwen/Qwen2.5-1.5B,0.5,4
philosophy/291,0.6235291361808777,0.4273443818092346,False,Qwen/Qwen2.5-1.5B,0.5,4
philosophy/292,0.7457579970359802,0.909544825553894,False,Qwen/Qwen2.5-1.5B,0.5,4
philosophy/293,0.44715920090675354,0.37323272228240967,True,Qwen/Qwen2.5-1.5B,0.5,4
philosophy/294,0.15686087310314178,0.8976150155067444,True,Qwen/Qwen2.5-1.5B,0.5,4
philosophy/295,0.6972692608833313,0.48930951952934265,False,Qwen/Qwen2.5-1.5B,0.5,4
philosophy/296,0.8534634709358215,0.838252067565918,True,Qwen/Qwen2.5-1.5B,0.5,4
philosophy/297,0.017401283606886864,0.5354601144790649,True,Qwen/Qwen2.5-1.5B,0.5,4
philosophy/298,0.14348287880420685,0.6774294376373291,True,Qwen/Qwen2.5-1.5B,0.5,4
philosophy/299,0.42147547006607056,0.2874106764793396,False,Qwen/Qwen2.5-1.5B,0.5,4
philosophy/300,0.7596191763877869,0.9932964444160461,True,Qwen/Qwen2.5-1.5B,0.5,4
philosophy/301,0.6052755117416382,0.7317336797714233,False,Qwen/Qwen2.5-1.5B,0.5,4
philosophy/302,0.9726418256759644,0.9459160566329956,True,Qwen/Qwen2.5-1.5B,0.5,4
philosophy/303,0.04924817755818367,0.18922068178653717,True,Qwen/Qwen2.5-1.5B,0.5,4
philosophy/304,0.99946528673172,0.9998465776443481,True,Qwen/Qwen2.5-1.5B,0.5,4
philosophy/305,0.41975054144859314,0.06875032931566238,False,Qwen/Qwen2.5-1.5B,0.5,4
philosophy/306,0.4585382044315338,0.4267273545265198,False,Qwen/Qwen2.5-1.5B,0.5,4
philosophy/307,0.7161489725112915,0.9092279672622681,True,Qwen/Qwen2.5-1.5B,0.5,4
philosophy/308,0.3900759518146515,0.7134819626808167,False,Qwen/Qwen2.5-1.5B,0.5,4
philosophy/309,0.4187389016151428,0.6023960709571838,True,Qwen/Qwen2.5-1.5B,0.5,4
philosophy/310,0.997062623500824,0.9887063503265381,False,Qwen/Qwen2.5-1.5B,0.5,4
marketing/0,0.9651313424110413,0.9889380931854248,True,Qwen/Qwen2.5-1.5B,0.5,4
marketing/1,0.8712154030799866,0.5522292256355286,False,Qwen/Qwen2.5-1.5B,0.5,4
marketing/2,0.13897377252578735,0.029370617121458054,False,Qwen/Qwen2.5-1.5B,0.5,4
marketing/3,0.27108728885650635,0.022425971925258636,False,Qwen/Qwen2.5-1.5B,0.5,4
marketing/4,0.8874080777168274,0.6100212335586548,False,Qwen/Qwen2.5-1.5B,0.5,4
marketing/5,0.9119717478752136,0.9920392036437988,True,Qwen/Qwen2.5-1.5B,0.5,4
marketing/6,0.9799165725708008,0.9951196908950806,False,Qwen/Qwen2.5-1.5B,0.5,4
marketing/7,0.10117915272712708,0.9506376385688782,True,Qwen/Qwen2.5-1.5B,0.5,4
marketing/8,0.992563784122467,0.9994295239448547,False,Qwen/Qwen2.5-1.5B,0.5,4
marketing/9,0.0865575298666954,0.8997665643692017,True,Qwen/Qwen2.5-1.5B,0.5,4
marketing/10,0.9878843426704407,0.9859057664871216,True,Qwen/Qwen2.5-1.5B,0.5,4
marketing/11,0.32310402393341064,0.8501323461532593,True,Qwen/Qwen2.5-1.5B,0.5,4
marketing/12,0.9134783744812012,0.9977824091911316,True,Qwen/Qwen2.5-1.5B,0.5,4
marketing/13,0.9767670035362244,0.9949004054069519,False,Qwen/Qwen2.5-1.5B,0.5,4
marketing/14,0.7935791015625,0.9669638872146606,False,Qwen/Qwen2.5-1.5B,0.5,4
marketing/15,0.9992819428443909,0.9997639060020447,True,Qwen/Qwen2.5-1.5B,0.5,4
marketing/16,0.9475697875022888,0.9923715591430664,False,Qwen/Qwen2.5-1.5B,0.5,4
marketing/17,0.9790802597999573,0.993249773979187,True,Qwen/Qwen2.5-1.5B,0.5,4
marketing/18,0.43890708684921265,0.8536551594734192,False,Qwen/Qwen2.5-1.5B,0.5,4
marketing/19,0.805640697479248,0.9247233271598816,True,Qwen/Qwen2.5-1.5B,0.5,4
marketing/20,0.996728777885437,0.9996768236160278,True,Qwen/Qwen2.5-1.5B,0.5,4
marketing/21,0.9785903692245483,0.9990424513816833,False,Qwen/Qwen2.5-1.5B,0.5,4
marketing/22,0.9836913347244263,0.9995560050010681,True,Qwen/Qwen2.5-1.5B,0.5,4
marketing/23,0.8663681745529175,0.8163125514984131,False,Qwen/Qwen2.5-1.5B,0.5,4
marketing/24,0.9858242273330688,0.9981322884559631,True,Qwen/Qwen2.5-1.5B,0.5,4
marketing/25,0.984298586845398,0.9688102006912231,True,Qwen/Qwen2.5-1.5B,0.5,4
marketing/26,0.49715229868888855,0.8299905061721802,True,Qwen/Qwen2.5-1.5B,0.5,4
marketing/27,0.9764463901519775,0.9946564435958862,True,Qwen/Qwen2.5-1.5B,0.5,4
marketing/28,0.9847639203071594,0.9998076558113098,False,Qwen/Qwen2.5-1.5B,0.5,4
marketing/29,0.9769452810287476,0.9982813596725464,False,Qwen/Qwen2.5-1.5B,0.5,4
marketing/30,0.9888724684715271,0.9731841683387756,False,Qwen/Qwen2.5-1.5B,0.5,4
marketing/31,0.9950331449508667,0.998578667640686,False,Qwen/Qwen2.5-1.5B,0.5,4
marketing/32,0.3807588219642639,0.786859929561615,False,Qwen/Qwen2.5-1.5B,0.5,4
marketing/33,0.992601215839386,0.999944806098938,False,Qwen/Qwen2.5-1.5B,0.5,4
marketing/34,0.5213623046875,0.3647298812866211,False,Qwen/Qwen2.5-1.5B,0.5,4
marketing/35,0.7647770047187805,0.9674639701843262,True,Qwen/Qwen2.5-1.5B,0.5,4
marketing/36,0.7727077007293701,0.9316092133522034,True,Qwen/Qwen2.5-1.5B,0.5,4
marketing/37,0.9474729299545288,0.9201540350914001,True,Qwen/Qwen2.5-1.5B,0.5,4
marketing/38,0.7380945086479187,0.13459238409996033,False,Qwen/Qwen2.5-1.5B,0.5,4
marketing/39,0.9637953639030457,0.9976766705513,True,Qwen/Qwen2.5-1.5B,0.5,4
marketing/40,0.9288730621337891,0.9813119769096375,True,Qwen/Qwen2.5-1.5B,0.5,4
marketing/41,0.7056056261062622,0.6495718955993652,False,Qwen/Qwen2.5-1.5B,0.5,4
marketing/42,0.9454676508903503,0.9964005947113037,False,Qwen/Qwen2.5-1.5B,0.5,4
marketing/43,0.8266611695289612,0.9924739003181458,False,Qwen/Qwen2.5-1.5B,0.5,4
marketing/44,0.7628601789474487,0.9048877358436584,True,Qwen/Qwen2.5-1.5B,0.5,4
marketing/45,0.9467833042144775,0.9867814183235168,False,Qwen/Qwen2.5-1.5B,0.5,4
marketing/46,0.9941674470901489,0.9994843006134033,False,Qwen/Qwen2.5-1.5B,0.5,4
marketing/47,0.9837728142738342,0.9981940388679504,False,Qwen/Qwen2.5-1.5B,0.5,4
marketing/48,0.9671858549118042,0.9991115927696228,True,Qwen/Qwen2.5-1.5B,0.5,4
marketing/49,0.9779713749885559,0.9786376357078552,True,Qwen/Qwen2.5-1.5B,0.5,4
marketing/50,0.9806483387947083,0.9959502220153809,True,Qwen/Qwen2.5-1.5B,0.5,4
marketing/51,0.9022567868232727,0.9978502988815308,True,Qwen/Qwen2.5-1.5B,0.5,4
marketing/52,0.9341020584106445,0.9794682860374451,True,Qwen/Qwen2.5-1.5B,0.5,4
marketing/53,0.9959860444068909,0.9999706745147705,True,Qwen/Qwen2.5-1.5B,0.5,4
marketing/54,0.18784046173095703,0.4176631271839142,True,Qwen/Qwen2.5-1.5B,0.5,4
marketing/55,0.23140309751033783,0.25731125473976135,True,Qwen/Qwen2.5-1.5B,0.5,4
marketing/56,0.8979791402816772,0.9918066263198853,False,Qwen/Qwen2.5-1.5B,0.5,4
marketing/57,0.9969383478164673,0.9965885877609253,True,Qwen/Qwen2.5-1.5B,0.5,4
marketing/58,0.9801568984985352,0.9969700574874878,True,Qwen/Qwen2.5-1.5B,0.5,4
marketing/59,0.9987624883651733,0.9996167421340942,False,Qwen/Qwen2.5-1.5B,0.5,4
marketing/60,0.9809098839759827,0.9769922494888306,True,Qwen/Qwen2.5-1.5B,0.5,4
marketing/61,0.9964930415153503,0.9995373487472534,True,Qwen/Qwen2.5-1.5B,0.5,4
marketing/62,0.9429478049278259,0.982426643371582,True,Qwen/Qwen2.5-1.5B,0.5,4
marketing/63,0.8242956399917603,0.9986404776573181,True,Qwen/Qwen2.5-1.5B,0.5,4
marketing/64,0.9019023180007935,0.9801685810089111,False,Qwen/Qwen2.5-1.5B,0.5,4
marketing/65,0.38889750838279724,0.530408501625061,False,Qwen/Qwen2.5-1.5B,0.5,4
marketing/66,0.9944102168083191,0.9997857213020325,False,Qwen/Qwen2.5-1.5B,0.5,4
marketing/67,0.6293621063232422,0.8781948089599609,False,Qwen/Qwen2.5-1.5B,0.5,4
marketing/68,0.4446173906326294,0.6318713426589966,False,Qwen/Qwen2.5-1.5B,0.5,4
marketing/69,0.9729264378547668,0.999438464641571,False,Qwen/Qwen2.5-1.5B,0.5,4
marketing/70,0.9968140721321106,0.999828577041626,False,Qwen/Qwen2.5-1.5B,0.5,4
marketing/71,0.8641858696937561,0.9970874190330505,True,Qwen/Qwen2.5-1.5B,0.5,4
marketing/72,0.49653515219688416,0.9656895399093628,True,Qwen/Qwen2.5-1.5B,0.5,4
marketing/73,0.3754485547542572,0.9892609119415283,True,Qwen/Qwen2.5-1.5B,0.5,4
marketing/74,0.8194641470909119,0.9784835577011108,False,Qwen/Qwen2.5-1.5B,0.5,4
marketing/75,0.9974830746650696,0.9998722076416016,False,Qwen/Qwen2.5-1.5B,0.5,4
marketing/76,0.9968932867050171,0.999777615070343,False,Qwen/Qwen2.5-1.5B,0.5,4
marketing/77,0.6109040975570679,0.8848546743392944,False,Qwen/Qwen2.5-1.5B,0.5,4
marketing/78,0.9814373254776001,0.999148964881897,True,Qwen/Qwen2.5-1.5B,0.5,4
marketing/79,0.5319029688835144,0.9848763942718506,True,Qwen/Qwen2.5-1.5B,0.5,4
marketing/80,0.7025249004364014,0.9944443106651306,True,Qwen/Qwen2.5-1.5B,0.5,4
marketing/81,0.995744526386261,0.999902606010437,True,Qwen/Qwen2.5-1.5B,0.5,4
marketing/82,0.35498592257499695,0.040089163929224014,False,Qwen/Qwen2.5-1.5B,0.5,4
marketing/83,0.9804244637489319,0.9990656971931458,False,Qwen/Qwen2.5-1.5B,0.5,4
marketing/84,0.9805176854133606,0.9997846484184265,True,Qwen/Qwen2.5-1.5B,0.5,4
marketing/85,0.9867657423019409,0.9970303773880005,True,Qwen/Qwen2.5-1.5B,0.5,4
marketing/86,0.9783951044082642,0.9917995929718018,False,Qwen/Qwen2.5-1.5B,0.5,4
marketing/87,0.5963245034217834,0.9276745915412903,True,Qwen/Qwen2.5-1.5B,0.5,4
marketing/88,0.9290316104888916,0.9875326752662659,False,Qwen/Qwen2.5-1.5B,0.5,4
marketing/89,0.9788237810134888,0.9977877140045166,True,Qwen/Qwen2.5-1.5B,0.5,4
marketing/90,0.26080065965652466,0.08146286755800247,False,Qwen/Qwen2.5-1.5B,0.5,4
marketing/91,0.22258494794368744,0.7614930868148804,False,Qwen/Qwen2.5-1.5B,0.5,4
marketing/92,0.39028608798980713,0.38414421677589417,False,Qwen/Qwen2.5-1.5B,0.5,4
marketing/93,0.975769579410553,0.9990744590759277,False,Qwen/Qwen2.5-1.5B,0.5,4
marketing/94,0.9976316690444946,0.9999122619628906,False,Qwen/Qwen2.5-1.5B,0.5,4
marketing/95,0.9981958270072937,0.9998948574066162,False,Qwen/Qwen2.5-1.5B,0.5,4
marketing/96,0.23503358662128448,0.08402960747480392,False,Qwen/Qwen2.5-1.5B,0.5,4
marketing/97,0.30990609526634216,0.7456045746803284,False,Qwen/Qwen2.5-1.5B,0.5,4
marketing/98,0.985755205154419,0.9975969195365906,False,Qwen/Qwen2.5-1.5B,0.5,4
marketing/99,0.1421288698911667,0.17194779217243195,False,Qwen/Qwen2.5-1.5B,0.5,4
marketing/100,0.9960975646972656,0.9986644983291626,False,Qwen/Qwen2.5-1.5B,0.5,4
marketing/101,0.7642051577568054,0.9901605844497681,True,Qwen/Qwen2.5-1.5B,0.5,4
marketing/102,0.9715132713317871,0.9971910119056702,False,Qwen/Qwen2.5-1.5B,0.5,4
marketing/103,0.3332045376300812,0.31102314591407776,False,Qwen/Qwen2.5-1.5B,0.5,4
marketing/104,0.29950734972953796,0.7480642795562744,True,Qwen/Qwen2.5-1.5B,0.5,4
marketing/105,0.40702831745147705,0.7383953332901001,True,Qwen/Qwen2.5-1.5B,0.5,4
marketing/106,0.99524986743927,0.9995762705802917,True,Qwen/Qwen2.5-1.5B,0.5,4
marketing/107,0.9492862224578857,0.9948898553848267,True,Qwen/Qwen2.5-1.5B,0.5,4
marketing/108,0.9977165460586548,0.9995679259300232,True,Qwen/Qwen2.5-1.5B,0.5,4
marketing/109,0.24261385202407837,0.7933685779571533,True,Qwen/Qwen2.5-1.5B,0.5,4
marketing/110,0.9590599536895752,0.9859510064125061,True,Qwen/Qwen2.5-1.5B,0.5,4
marketing/111,0.8153145909309387,0.99819415807724,True,Qwen/Qwen2.5-1.5B,0.5,4
marketing/112,0.9865949153900146,0.9985571503639221,True,Qwen/Qwen2.5-1.5B,0.5,4
marketing/113,0.9788563251495361,0.9989175796508789,True,Qwen/Qwen2.5-1.5B,0.5,4
marketing/114,0.9569406509399414,0.9923412799835205,True,Qwen/Qwen2.5-1.5B,0.5,4
marketing/115,0.11703319102525711,0.02425196021795273,False,Qwen/Qwen2.5-1.5B,0.5,4
marketing/116,0.9897264838218689,0.9982969164848328,True,Qwen/Qwen2.5-1.5B,0.5,4
marketing/117,0.809216320514679,0.9985595345497131,True,Qwen/Qwen2.5-1.5B,0.5,4
marketing/118,0.2789512276649475,0.008599636144936085,False,Qwen/Qwen2.5-1.5B,0.5,4
marketing/119,0.9979395270347595,0.9999086856842041,True,Qwen/Qwen2.5-1.5B,0.5,4
marketing/120,0.9771121144294739,0.9981112480163574,False,Qwen/Qwen2.5-1.5B,0.5,4
marketing/121,0.9589905738830566,0.9986463189125061,True,Qwen/Qwen2.5-1.5B,0.5,4
marketing/122,0.8100257515907288,0.991134762763977,True,Qwen/Qwen2.5-1.5B,0.5,4
marketing/123,0.15959297120571136,0.319439560174942,False,Qwen/Qwen2.5-1.5B,0.5,4
marketing/124,0.9292933940887451,0.9850010871887207,True,Qwen/Qwen2.5-1.5B,0.5,4
marketing/125,0.9950893521308899,0.9997854828834534,False,Qwen/Qwen2.5-1.5B,0.5,4
marketing/126,0.9307206869125366,0.9924546480178833,False,Qwen/Qwen2.5-1.5B,0.5,4
marketing/127,0.9634731411933899,0.9690591096878052,False,Qwen/Qwen2.5-1.5B,0.5,4
marketing/128,0.3264364004135132,0.9170447587966919,True,Qwen/Qwen2.5-1.5B,0.5,4
marketing/129,0.014258571900427341,0.7321670651435852,True,Qwen/Qwen2.5-1.5B,0.5,4
marketing/130,0.9910455346107483,0.9966411590576172,False,Qwen/Qwen2.5-1.5B,0.5,4
marketing/131,0.9944844841957092,0.9956684112548828,True,Qwen/Qwen2.5-1.5B,0.5,4
marketing/132,0.9934340715408325,0.9992843270301819,True,Qwen/Qwen2.5-1.5B,0.5,4
marketing/133,0.9165700078010559,0.9924484491348267,False,Qwen/Qwen2.5-1.5B,0.5,4
marketing/134,0.9958833456039429,0.9992104768753052,True,Qwen/Qwen2.5-1.5B,0.5,4
marketing/135,0.9862703680992126,0.9998871088027954,True,Qwen/Qwen2.5-1.5B,0.5,4
marketing/136,0.8883111476898193,0.6214699149131775,False,Qwen/Qwen2.5-1.5B,0.5,4
marketing/137,0.39976945519447327,0.7622469067573547,True,Qwen/Qwen2.5-1.5B,0.5,4
marketing/138,0.24363769590854645,0.4928865134716034,False,Qwen/Qwen2.5-1.5B,0.5,4
marketing/139,0.7679137587547302,0.9984853863716125,True,Qwen/Qwen2.5-1.5B,0.5,4
marketing/140,0.9898247122764587,0.9986022114753723,True,Qwen/Qwen2.5-1.5B,0.5,4
marketing/141,0.9880858659744263,0.9978868365287781,False,Qwen/Qwen2.5-1.5B,0.5,4
marketing/142,0.9911324381828308,0.9990724325180054,False,Qwen/Qwen2.5-1.5B,0.5,4
marketing/143,0.8873828053474426,0.8950433135032654,False,Qwen/Qwen2.5-1.5B,0.5,4
marketing/144,0.2913912832736969,0.9714925289154053,True,Qwen/Qwen2.5-1.5B,0.5,4
marketing/145,0.06079278141260147,0.5763428807258606,True,Qwen/Qwen2.5-1.5B,0.5,4
marketing/146,0.9886564016342163,0.9973874688148499,False,Qwen/Qwen2.5-1.5B,0.5,4
marketing/147,0.986057698726654,0.986653745174408,False,Qwen/Qwen2.5-1.5B,0.5,4
marketing/148,0.9978916049003601,0.9998117089271545,False,Qwen/Qwen2.5-1.5B,0.5,4
marketing/149,0.9737961292266846,0.9967097043991089,False,Qwen/Qwen2.5-1.5B,0.5,4
marketing/150,0.9421294927597046,0.9934942126274109,True,Qwen/Qwen2.5-1.5B,0.5,4
marketing/151,0.3429814577102661,0.9605648517608643,False,Qwen/Qwen2.5-1.5B,0.5,4
marketing/152,0.9970325231552124,0.9999363422393799,False,Qwen/Qwen2.5-1.5B,0.5,4
marketing/153,0.47944480180740356,0.7943934202194214,False,Qwen/Qwen2.5-1.5B,0.5,4
marketing/154,0.9775346517562866,0.9846267104148865,True,Qwen/Qwen2.5-1.5B,0.5,4
marketing/155,0.7509541511535645,0.9919154047966003,True,Qwen/Qwen2.5-1.5B,0.5,4
marketing/156,0.9395430684089661,0.9350205659866333,False,Qwen/Qwen2.5-1.5B,0.5,4
marketing/157,0.1659836620092392,0.7138017416000366,True,Qwen/Qwen2.5-1.5B,0.5,4
marketing/158,0.9923691749572754,0.9984520673751831,True,Qwen/Qwen2.5-1.5B,0.5,4
marketing/159,0.6500255465507507,0.982535719871521,False,Qwen/Qwen2.5-1.5B,0.5,4
marketing/160,0.9984416365623474,0.9990878105163574,True,Qwen/Qwen2.5-1.5B,0.5,4
marketing/161,0.06267229467630386,0.935762345790863,True,Qwen/Qwen2.5-1.5B,0.5,4
marketing/162,0.9875510334968567,0.9888538122177124,True,Qwen/Qwen2.5-1.5B,0.5,4
marketing/163,0.9078416228294373,0.9974223375320435,True,Qwen/Qwen2.5-1.5B,0.5,4
marketing/164,0.999243974685669,0.9998871088027954,False,Qwen/Qwen2.5-1.5B,0.5,4
marketing/165,0.08652176707983017,0.4865710139274597,True,Qwen/Qwen2.5-1.5B,0.5,4
marketing/166,0.945928692817688,0.9896876215934753,False,Qwen/Qwen2.5-1.5B,0.5,4
marketing/167,0.9979287385940552,0.9998632669448853,True,Qwen/Qwen2.5-1.5B,0.5,4
marketing/168,0.9438661932945251,0.925478994846344,True,Qwen/Qwen2.5-1.5B,0.5,4
marketing/169,0.9224907755851746,0.9986833930015564,False,Qwen/Qwen2.5-1.5B,0.5,4
marketing/170,0.991649866104126,0.9995239973068237,False,Qwen/Qwen2.5-1.5B,0.5,4
marketing/171,0.9568480253219604,0.9984544515609741,False,Qwen/Qwen2.5-1.5B,0.5,4
marketing/172,0.6582106947898865,0.9736986756324768,True,Qwen/Qwen2.5-1.5B,0.5,4
marketing/173,0.6580143570899963,0.9919920563697815,False,Qwen/Qwen2.5-1.5B,0.5,4
marketing/174,0.9410301446914673,0.967770516872406,False,Qwen/Qwen2.5-1.5B,0.5,4
marketing/175,0.5717326402664185,0.9248830676078796,True,Qwen/Qwen2.5-1.5B,0.5,4
marketing/176,0.9391139149665833,0.9330117702484131,True,Qwen/Qwen2.5-1.5B,0.5,4
marketing/177,0.9861650466918945,0.9975435137748718,True,Qwen/Qwen2.5-1.5B,0.5,4
marketing/178,0.8647545576095581,0.7474056482315063,False,Qwen/Qwen2.5-1.5B,0.5,4
marketing/179,0.9984275102615356,0.9999275207519531,False,Qwen/Qwen2.5-1.5B,0.5,4
marketing/180,0.9407100677490234,0.9644468426704407,False,Qwen/Qwen2.5-1.5B,0.5,4
marketing/181,0.13136805593967438,0.8345456719398499,True,Qwen/Qwen2.5-1.5B,0.5,4
marketing/182,0.8834789395332336,0.997108519077301,True,Qwen/Qwen2.5-1.5B,0.5,4
marketing/183,0.1274852156639099,0.0488237589597702,False,Qwen/Qwen2.5-1.5B,0.5,4
marketing/184,0.03992026299238205,0.3265891671180725,True,Qwen/Qwen2.5-1.5B,0.5,4
marketing/185,0.5870890617370605,0.9116907715797424,True,Qwen/Qwen2.5-1.5B,0.5,4
marketing/186,0.9447054862976074,0.9814996719360352,True,Qwen/Qwen2.5-1.5B,0.5,4
marketing/187,0.9325245022773743,0.8627831935882568,False,Qwen/Qwen2.5-1.5B,0.5,4
marketing/188,0.907084047794342,0.988255500793457,True,Qwen/Qwen2.5-1.5B,0.5,4
marketing/189,0.9977999329566956,0.999874472618103,False,Qwen/Qwen2.5-1.5B,0.5,4
marketing/190,0.9964723587036133,0.9999284744262695,True,Qwen/Qwen2.5-1.5B,0.5,4
marketing/191,0.9897230863571167,0.9995692372322083,False,Qwen/Qwen2.5-1.5B,0.5,4
marketing/192,0.073588527739048,0.11394017189741135,False,Qwen/Qwen2.5-1.5B,0.5,4
marketing/193,0.502979576587677,0.9702161550521851,True,Qwen/Qwen2.5-1.5B,0.5,4
marketing/194,0.8718976378440857,0.9990054965019226,True,Qwen/Qwen2.5-1.5B,0.5,4
marketing/195,0.9970250725746155,0.998857855796814,False,Qwen/Qwen2.5-1.5B,0.5,4
marketing/196,0.8519055247306824,0.3628511130809784,False,Qwen/Qwen2.5-1.5B,0.5,4
marketing/197,0.9528193473815918,0.9879446029663086,True,Qwen/Qwen2.5-1.5B,0.5,4
marketing/198,0.778862714767456,0.9695395231246948,True,Qwen/Qwen2.5-1.5B,0.5,4
marketing/199,0.9875268340110779,0.9995322227478027,True,Qwen/Qwen2.5-1.5B,0.5,4
marketing/200,0.9896820187568665,0.999363124370575,True,Qwen/Qwen2.5-1.5B,0.5,4
marketing/201,0.9495465159416199,0.9977942705154419,True,Qwen/Qwen2.5-1.5B,0.5,4
marketing/202,0.6349886655807495,0.991895854473114,True,Qwen/Qwen2.5-1.5B,0.5,4
marketing/203,0.7751535773277283,0.9331708550453186,True,Qwen/Qwen2.5-1.5B,0.5,4
marketing/204,0.6987009644508362,0.7716994285583496,True,Qwen/Qwen2.5-1.5B,0.5,4
marketing/205,0.9805102348327637,0.9993816614151001,False,Qwen/Qwen2.5-1.5B,0.5,4
marketing/206,0.6657678484916687,0.8275883793830872,False,Qwen/Qwen2.5-1.5B,0.5,4
marketing/207,0.995332658290863,0.999839186668396,True,Qwen/Qwen2.5-1.5B,0.5,4
marketing/208,0.7566052675247192,0.7999476790428162,True,Qwen/Qwen2.5-1.5B,0.5,4
marketing/209,0.993488073348999,0.9988020658493042,False,Qwen/Qwen2.5-1.5B,0.5,4
marketing/210,0.12483426183462143,0.7942517995834351,True,Qwen/Qwen2.5-1.5B,0.5,4
marketing/211,0.986775279045105,0.9997596144676208,False,Qwen/Qwen2.5-1.5B,0.5,4
marketing/212,0.9175622463226318,0.5850396752357483,False,Qwen/Qwen2.5-1.5B,0.5,4
marketing/213,0.8663653135299683,0.8895516395568848,False,Qwen/Qwen2.5-1.5B,0.5,4
marketing/214,0.09000641107559204,0.4417867064476013,False,Qwen/Qwen2.5-1.5B,0.5,4
marketing/215,0.856147289276123,0.8524065017700195,False,Qwen/Qwen2.5-1.5B,0.5,4
marketing/216,0.538500189781189,0.9542654752731323,True,Qwen/Qwen2.5-1.5B,0.5,4
marketing/217,0.2003411054611206,0.33399733901023865,True,Qwen/Qwen2.5-1.5B,0.5,4
marketing/218,0.22136659920215607,0.9075691103935242,True,Qwen/Qwen2.5-1.5B,0.5,4
marketing/219,0.49995166063308716,0.9457438588142395,True,Qwen/Qwen2.5-1.5B,0.5,4
marketing/220,0.972615122795105,0.9971780776977539,False,Qwen/Qwen2.5-1.5B,0.5,4
marketing/221,0.9834316372871399,0.9876301884651184,True,Qwen/Qwen2.5-1.5B,0.5,4
marketing/222,0.9864698052406311,0.9990622401237488,False,Qwen/Qwen2.5-1.5B,0.5,4
marketing/223,0.03315604478120804,0.002049904316663742,False,Qwen/Qwen2.5-1.5B,0.5,4
marketing/224,0.4104188084602356,0.5795684456825256,False,Qwen/Qwen2.5-1.5B,0.5,4
marketing/225,0.9987419247627258,0.9998550415039062,True,Qwen/Qwen2.5-1.5B,0.5,4
marketing/226,0.920432984828949,0.9961181879043579,False,Qwen/Qwen2.5-1.5B,0.5,4
marketing/227,0.992669939994812,0.995532751083374,True,Qwen/Qwen2.5-1.5B,0.5,4
marketing/228,0.9778689742088318,0.9985988736152649,False,Qwen/Qwen2.5-1.5B,0.5,4
marketing/229,0.3954485058784485,0.8147725462913513,True,Qwen/Qwen2.5-1.5B,0.5,4
marketing/230,0.9985652565956116,0.9998751878738403,False,Qwen/Qwen2.5-1.5B,0.5,4
marketing/231,0.9934293627738953,0.998267650604248,True,Qwen/Qwen2.5-1.5B,0.5,4
marketing/232,0.9970225691795349,0.9996488094329834,False,Qwen/Qwen2.5-1.5B,0.5,4
marketing/233,0.6293666958808899,0.8283782005310059,False,Qwen/Qwen2.5-1.5B,0.5,4
